ISO-10303-21;
HEADER;
/* Generated by software containing ST-Developer
 * from STEP Tools, Inc. (www.steptools.com) 
 */

FILE_DESCRIPTION(
/* description */ (''),
/* implementation_level */ '2;1');

FILE_NAME(
/* name */ 'DTV2.step',
/* time_stamp */ '2026-07-19T15:44:41+09:00',
/* author */ (''),
/* organization */ (''),
/* preprocessor_version */ 'ST-DEVELOPER v20.1',
/* originating_system */ 'Autodesk Translation Framework v15.8.0.0',
/* authorisation */ '');

FILE_SCHEMA (('AUTOMOTIVE_DESIGN { 1 0 10303 214 3 1 1 }'));
ENDSEC;

DATA;
#10=MECHANICAL_DESIGN_GEOMETRIC_PRESENTATION_REPRESENTATION('',(#211,#212,
#213,#214,#215,#216,#217),#8915);
#11=ITEM_DEFINED_TRANSFORMATION($,$,#4285,#4613);
#12=ITEM_DEFINED_TRANSFORMATION($,$,#4306,#4614);
#13=ITEM_DEFINED_TRANSFORMATION($,$,#4442,#4615);
#14=ITEM_DEFINED_TRANSFORMATION($,$,#4531,#4616);
#15=ITEM_DEFINED_TRANSFORMATION($,$,#4531,#4617);
#16=ITEM_DEFINED_TRANSFORMATION($,$,#4531,#4618);
#17=ITEM_DEFINED_TRANSFORMATION($,$,#4540,#4619);
#18=(
REPRESENTATION_RELATIONSHIP($,$,#8940,#8939)
REPRESENTATION_RELATIONSHIP_WITH_TRANSFORMATION(#11)
SHAPE_REPRESENTATION_RELATIONSHIP()
);
#19=(
REPRESENTATION_RELATIONSHIP($,$,#8941,#8939)
REPRESENTATION_RELATIONSHIP_WITH_TRANSFORMATION(#12)
SHAPE_REPRESENTATION_RELATIONSHIP()
);
#20=(
REPRESENTATION_RELATIONSHIP($,$,#8942,#8939)
REPRESENTATION_RELATIONSHIP_WITH_TRANSFORMATION(#13)
SHAPE_REPRESENTATION_RELATIONSHIP()
);
#21=(
REPRESENTATION_RELATIONSHIP($,$,#8943,#8939)
REPRESENTATION_RELATIONSHIP_WITH_TRANSFORMATION(#14)
SHAPE_REPRESENTATION_RELATIONSHIP()
);
#22=(
REPRESENTATION_RELATIONSHIP($,$,#8943,#8939)
REPRESENTATION_RELATIONSHIP_WITH_TRANSFORMATION(#15)
SHAPE_REPRESENTATION_RELATIONSHIP()
);
#23=(
REPRESENTATION_RELATIONSHIP($,$,#8943,#8939)
REPRESENTATION_RELATIONSHIP_WITH_TRANSFORMATION(#16)
SHAPE_REPRESENTATION_RELATIONSHIP()
);
#24=(
REPRESENTATION_RELATIONSHIP($,$,#8944,#8939)
REPRESENTATION_RELATIONSHIP_WITH_TRANSFORMATION(#17)
SHAPE_REPRESENTATION_RELATIONSHIP()
);
#25=CONTEXT_DEPENDENT_SHAPE_REPRESENTATION(#18,#8932);
#26=CONTEXT_DEPENDENT_SHAPE_REPRESENTATION(#19,#8933);
#27=CONTEXT_DEPENDENT_SHAPE_REPRESENTATION(#20,#8934);
#28=CONTEXT_DEPENDENT_SHAPE_REPRESENTATION(#21,#8935);
#29=CONTEXT_DEPENDENT_SHAPE_REPRESENTATION(#22,#8936);
#30=CONTEXT_DEPENDENT_SHAPE_REPRESENTATION(#23,#8937);
#31=CONTEXT_DEPENDENT_SHAPE_REPRESENTATION(#24,#8938);
#32=NEXT_ASSEMBLY_USAGE_OCCURRENCE('ratchet_socket:1',
'ratchet_socket:1','ratchet_socket:1',#8946,#8947,'ratchet_socket:1');
#33=NEXT_ASSEMBLY_USAGE_OCCURRENCE('pipeleg:1','pipeleg:1','pipeleg:1',
#8946,#8948,'pipeleg:1');
#34=NEXT_ASSEMBLY_USAGE_OCCURRENCE('DT_main:1','DT_main:1','DT_main:1',
#8946,#8949,'DT_main:1');
#35=NEXT_ASSEMBLY_USAGE_OCCURRENCE('pipe:1','pipe:1','pipe:1',#8946,#8950,
'pipe:1');
#36=NEXT_ASSEMBLY_USAGE_OCCURRENCE('pipe:2','pipe:2','pipe:2',#8946,#8950,
'pipe:2');
#37=NEXT_ASSEMBLY_USAGE_OCCURRENCE('pipe:3','pipe:3','pipe:3',#8946,#8950,
'pipe:3');
#38=NEXT_ASSEMBLY_USAGE_OCCURRENCE('\X2\C18CCF13B80CCE58\X0\:1',
'\X2\C18CCF13B80CCE58\X0\:1','\X2\C18CCF13B80CCE58\X0\:1',#8946,#8951,
'\X2\C18CCF13B80CCE58\X0\:1');
#39=SPHERICAL_SURFACE('',#4567,100.);
#40=SPHERICAL_SURFACE('',#4573,3.3);
#41=SPHERICAL_SURFACE('',#4607,80.);
#42=ELLIPSE('',#4561,60.4965296270735,27.25);
#43=ELLIPSE('',#4563,60.4965296270735,27.25);
#44=ELLIPSE('',#4565,1.50205851899688,1.5);
#45=ELLIPSE('',#4566,1.50205851899688,1.5);
#46=ELLIPSE('',#4589,12.016468151975,11.9999999999999);
#47=ELLIPSE('',#4591,12.016468151975,11.9999999999999);
#48=ELLIPSE('',#4594,10.0137234599792,9.99999999999999);
#49=ELLIPSE('',#4596,10.0137234599792,9.99999999999999);
#50=(
BOUNDED_SURFACE()
B_SPLINE_SURFACE(2,2,((#8525,#8526,#8527,#8528,#8529,#8530,#8531,#8532,
#8533),(#8534,#8535,#8536,#8537,#8538,#8539,#8540,#8541,#8542),(#8543,#8544,
#8545,#8546,#8547,#8548,#8549,#8550,#8551)),.UNSPECIFIED.,.F.,.T.,.F.)
B_SPLINE_SURFACE_WITH_KNOTS((3,3),(3,2,2,2,3),(1.27708118104198,1.67640893349787),
(-3.14159265358979,-1.5707963267949,0.,1.5707963267949,3.14159265358979),
 .UNSPECIFIED.)
GEOMETRIC_REPRESENTATION_ITEM()
RATIONAL_B_SPLINE_SURFACE(((1.,0.707106781186548,1.,0.707106781186548,1.,
0.707106781186548,1.,0.707106781186548,1.),(0.980133299961279,0.693058902869369,
0.980133299961279,0.693058902869369,0.980133299961279,0.693058902869369,
0.980133299961279,0.693058902869369,0.980133299961279),(1.,0.707106781186548,
1.,0.707106781186548,1.,0.707106781186548,1.,0.707106781186548,1.)))
REPRESENTATION_ITEM('')
SURFACE()
);
#51=(
BOUNDED_SURFACE()
B_SPLINE_SURFACE(2,2,((#8564,#8565,#8566,#8567,#8568,#8569,#8570),(#8571,
#8572,#8573,#8574,#8575,#8576,#8577),(#8578,#8579,#8580,#8581,#8582,#8583,
#8584)),.UNSPECIFIED.,.F.,.F.,.F.)
B_SPLINE_SURFACE_WITH_KNOTS((3,3),(3,2,2,3),(-0.375752333117816,0.356685757119857),
(-2.05948851735335,-0.686496172451116,0.686496172451117,2.05948851735335),
 .UNSPECIFIED.)
GEOMETRIC_REPRESENTATION_ITEM()
RATIONAL_B_SPLINE_SURFACE(((1.,0.773471592733955,1.,0.773471592733955,1.,
0.773471592733955,1.),(0.933687929890311,0.722181090248728,0.933687929890311,
0.722181090248728,0.933687929890311,0.722181090248728,0.933687929890311),
(1.,0.773471592733955,1.,0.773471592733955,1.,0.773471592733955,1.)))
REPRESENTATION_ITEM('')
SURFACE()
);
#52=TOROIDAL_SURFACE('',#4519,45.,2.5);
#53=TOROIDAL_SURFACE('',#4551,9.18014103100063,5.);
#54=TOROIDAL_SURFACE('',#4557,24.5,3.);
#55=B_SPLINE_SURFACE_WITH_KNOTS('',3,3,((#6066,#6067,#6068,#6069),(#6070,
#6071,#6072,#6073),(#6074,#6075,#6076,#6077),(#6078,#6079,#6080,#6081),
(#6082,#6083,#6084,#6085),(#6086,#6087,#6088,#6089),(#6090,#6091,#6092,
#6093),(#6094,#6095,#6096,#6097),(#6098,#6099,#6100,#6101)),
 .UNSPECIFIED.,.F.,.F.,.F.,(4,1,1,1,1,1,4),(4,4),(0.501274155511595,0.572520704724224,
0.715013803149483,0.786260352362112,0.857506901574741,0.893130176181056,
1.),(0.,0.501082513077451),.UNSPECIFIED.);
#56=B_SPLINE_SURFACE_WITH_KNOTS('',3,3,((#6135,#6136,#6137,#6138),(#6139,
#6140,#6141,#6142),(#6143,#6144,#6145,#6146),(#6147,#6148,#6149,#6150),
(#6151,#6152,#6153,#6154)),.UNSPECIFIED.,.F.,.F.,.F.,(4,1,4),(4,4),(0.,
0.571428571428571,1.),(0.,0.683333333333333),.UNSPECIFIED.);
#57=B_SPLINE_SURFACE_WITH_KNOTS('',3,3,((#6168,#6169,#6170,#6171),(#6172,
#6173,#6174,#6175),(#6176,#6177,#6178,#6179),(#6180,#6181,#6182,#6183),
(#6184,#6185,#6186,#6187)),.UNSPECIFIED.,.F.,.F.,.F.,(4,1,4),(4,4),(0.,
0.158447153040134,0.369710023760313),(0.,0.683333333333334),
 .UNSPECIFIED.);
#58=B_SPLINE_SURFACE_WITH_KNOTS('',3,3,((#6215,#6216,#6217,#6218),(#6219,
#6220,#6221,#6222),(#6223,#6224,#6225,#6226),(#6227,#6228,#6229,#6230),
(#6231,#6232,#6233,#6234)),.UNSPECIFIED.,.F.,.F.,.F.,(4,1,4),(4,4),(0.,
0.111815945312773,0.260903872396471),(0.,0.500823223838168),
 .UNSPECIFIED.);
#59=B_SPLINE_SURFACE_WITH_KNOTS('',3,3,((#6248,#6249,#6250,#6251),(#6252,
#6253,#6254,#6255),(#6256,#6257,#6258,#6259),(#6260,#6261,#6262,#6263)),
 .UNSPECIFIED.,.F.,.F.,.F.,(4,4),(4,4),(0.,1.),(0.,0.5),.UNSPECIFIED.);
#60=B_SPLINE_SURFACE_WITH_KNOTS('',3,3,((#6339,#6340,#6341,#6342),(#6343,
#6344,#6345,#6346),(#6347,#6348,#6349,#6350),(#6351,#6352,#6353,#6354),
(#6355,#6356,#6357,#6358)),.UNSPECIFIED.,.F.,.F.,.F.,(4,1,4),(4,4),(0.630289976239687,
0.788737129279821,1.),(0.,0.683333333333334),.UNSPECIFIED.);
#61=B_SPLINE_SURFACE_WITH_KNOTS('',3,3,((#6371,#6372,#6373,#6374),(#6375,
#6376,#6377,#6378),(#6379,#6380,#6381,#6382),(#6383,#6384,#6385,#6386),
(#6387,#6388,#6389,#6390)),.UNSPECIFIED.,.F.,.F.,.F.,(4,1,4),(4,4),(0.,
0.571428571428571,1.),(0.,0.683333333333333),.UNSPECIFIED.);
#62=B_SPLINE_SURFACE_WITH_KNOTS('',3,3,((#6400,#6401,#6402,#6403),(#6404,
#6405,#6406,#6407),(#6408,#6409,#6410,#6411),(#6412,#6413,#6414,#6415),
(#6416,#6417,#6418,#6419),(#6420,#6421,#6422,#6423),(#6424,#6425,#6426,
#6427),(#6428,#6429,#6430,#6431),(#6432,#6433,#6434,#6435),(#6436,#6437,
#6438,#6439)),.UNSPECIFIED.,.F.,.F.,.F.,(4,1,1,1,1,1,1,4),(4,4),(0.,0.142857142857143,
0.285714285714286,0.428571428571429,0.571428571428571,0.714285714285714,
0.857142857142857,1.),(0.,0.683333333333334),.UNSPECIFIED.);
#63=B_SPLINE_SURFACE_WITH_KNOTS('',3,3,((#6458,#6459,#6460,#6461),(#6462,
#6463,#6464,#6465),(#6466,#6467,#6468,#6469),(#6470,#6471,#6472,#6473),
(#6474,#6475,#6476,#6477),(#6478,#6479,#6480,#6481),(#6482,#6483,#6484,
#6485),(#6486,#6487,#6488,#6489)),.UNSPECIFIED.,.F.,.F.,.F.,(4,1,1,1,1,
4),(4,4),(0.,0.0716079797293756,0.214823939188127,0.286431918917502,0.358039898646878,
0.501255858105629),(0.,0.50159356487646),.UNSPECIFIED.);
#64=B_SPLINE_SURFACE_WITH_KNOTS('',3,3,((#6498,#6499,#6500,#6501),(#6502,
#6503,#6504,#6505),(#6506,#6507,#6508,#6509),(#6510,#6511,#6512,#6513)),
 .UNSPECIFIED.,.F.,.F.,.F.,(4,4),(4,4),(0.,1.),(0.,0.500000000000002),
 .UNSPECIFIED.);
#65=B_SPLINE_SURFACE_WITH_KNOTS('',3,3,((#6520,#6521,#6522,#6523),(#6524,
#6525,#6526,#6527),(#6528,#6529,#6530,#6531),(#6532,#6533,#6534,#6535),
(#6536,#6537,#6538,#6539),(#6540,#6541,#6542,#6543)),.UNSPECIFIED.,.F.,
 .F.,.F.,(4,1,1,4),(4,4),(0.7400675491226,0.814333963659,0.8514671709272,
1.),(0.,0.501048605769089),.UNSPECIFIED.);
#66=B_SPLINE_SURFACE_WITH_KNOTS('',3,3,((#6944,#6945,#6946,#6947),(#6948,
#6949,#6950,#6951),(#6952,#6953,#6954,#6955),(#6956,#6957,#6958,#6959),
(#6960,#6961,#6962,#6963),(#6964,#6965,#6966,#6967),(#6968,#6969,#6970,
#6971),(#6972,#6973,#6974,#6975),(#6976,#6977,#6978,#6979)),
 .UNSPECIFIED.,.F.,.F.,.F.,(4,1,1,1,1,1,4),(4,4),(0.,0.106869823818944,
0.142493098425259,0.213739647637888,0.284986196850517,0.427479295275776,
0.498725844488405),(0.498917486920671,1.),.UNSPECIFIED.);
#67=B_SPLINE_SURFACE_WITH_KNOTS('',3,3,((#7006,#7007,#7008,#7009),(#7010,
#7011,#7012,#7013),(#7014,#7015,#7016,#7017),(#7018,#7019,#7020,#7021),
(#7022,#7023,#7024,#7025),(#7026,#7027,#7028,#7029),(#7030,#7031,#7032,
#7033),(#7034,#7035,#7036,#7037),(#7038,#7039,#7040,#7041),(#7042,#7043,
#7044,#7045)),.UNSPECIFIED.,.F.,.F.,.F.,(4,1,1,1,1,1,1,4),(4,4),(0.,0.142857142857143,
0.285714285714286,0.428571428571429,0.571428571428571,0.714285714285714,
0.857142857142857,1.),(0.,0.683333333333334),.UNSPECIFIED.);
#68=B_SPLINE_SURFACE_WITH_KNOTS('',3,3,((#7070,#7071,#7072,#7073),(#7074,
#7075,#7076,#7077),(#7078,#7079,#7080,#7081),(#7082,#7083,#7084,#7085),
(#7086,#7087,#7088,#7089)),.UNSPECIFIED.,.F.,.F.,.F.,(4,1,4),(4,4),(0.,
0.571428571428571,1.),(0.,0.683333333333333),.UNSPECIFIED.);
#69=B_SPLINE_SURFACE_WITH_KNOTS('',3,3,((#7114,#7115,#7116,#7117),(#7118,
#7119,#7120,#7121),(#7122,#7123,#7124,#7125),(#7126,#7127,#7128,#7129),
(#7130,#7131,#7132,#7133)),.UNSPECIFIED.,.F.,.F.,.F.,(4,1,4),(4,4),(0.630289976239687,
0.841552846959866,1.),(0.,0.683333333333334),.UNSPECIFIED.);
#70=B_SPLINE_SURFACE_WITH_KNOTS('',3,3,((#7146,#7147,#7148,#7149),(#7150,
#7151,#7152,#7153),(#7154,#7155,#7156,#7157),(#7158,#7159,#7160,#7161),
(#7162,#7163,#7164,#7165)),.UNSPECIFIED.,.F.,.F.,.F.,(4,1,4),(4,4),(0.,
0.571428571428571,1.),(0.,0.683333333333333),.UNSPECIFIED.);
#71=B_SPLINE_SURFACE_WITH_KNOTS('',3,3,((#7175,#7176,#7177,#7178),(#7179,
#7180,#7181,#7182),(#7183,#7184,#7185,#7186),(#7187,#7188,#7189,#7190)),
 .UNSPECIFIED.,.F.,.F.,.F.,(4,4),(4,4),(0.,1.),(0.5,1.),.UNSPECIFIED.);
#72=B_SPLINE_SURFACE_WITH_KNOTS('',3,3,((#7192,#7193,#7194,#7195),(#7196,
#7197,#7198,#7199),(#7200,#7201,#7202,#7203),(#7204,#7205,#7206,#7207),
(#7208,#7209,#7210,#7211),(#7212,#7213,#7214,#7215)),.UNSPECIFIED.,.F.,
 .F.,.F.,(4,1,1,4),(4,4),(0.740067549122599,0.814333963658999,0.8514671709272,
1.),(0.,0.501048605769089),.UNSPECIFIED.);
#73=B_SPLINE_SURFACE_WITH_KNOTS('',3,3,((#7224,#7225,#7226,#7227),(#7228,
#7229,#7230,#7231),(#7232,#7233,#7234,#7235),(#7236,#7237,#7238,#7239),
(#7240,#7241,#7242,#7243)),.UNSPECIFIED.,.F.,.F.,.F.,(4,1,4),(4,4),(0.73909612760353,
0.888184054687227,1.),(0.49917676396167,1.),.UNSPECIFIED.);
#74=B_SPLINE_SURFACE_WITH_KNOTS('',3,3,((#7256,#7257,#7258,#7259),(#7260,
#7261,#7262,#7263),(#7264,#7265,#7266,#7267),(#7268,#7269,#7270,#7271),
(#7272,#7273,#7274,#7275)),.UNSPECIFIED.,.F.,.F.,.F.,(4,1,4),(4,4),(0.,
0.158447153040134,0.369710023760313),(0.,0.683333333333334),
 .UNSPECIFIED.);
#75=B_SPLINE_SURFACE_WITH_KNOTS('',3,3,((#7284,#7285,#7286,#7287),(#7288,
#7289,#7290,#7291),(#7292,#7293,#7294,#7295),(#7296,#7297,#7298,#7299),
(#7300,#7301,#7302,#7303),(#7304,#7305,#7306,#7307),(#7308,#7309,#7310,
#7311),(#7312,#7313,#7314,#7315)),.UNSPECIFIED.,.F.,.F.,.F.,(4,1,1,1,1,
4),(4,4),(0.,0.0716079797293756,0.214823939188127,0.286431918917502,0.358039898646878,
0.501255858105629),(0.,0.501593564876461),.UNSPECIFIED.);
#76=B_SPLINE_SURFACE_WITH_KNOTS('',3,3,((#7324,#7325,#7326,#7327),(#7328,
#7329,#7330,#7331),(#7332,#7333,#7334,#7335),(#7336,#7337,#7338,#7339)),
 .UNSPECIFIED.,.F.,.F.,.F.,(4,4),(4,4),(0.,1.),(0.,0.500000000000002),
 .UNSPECIFIED.);
#77=B_SPLINE_SURFACE_WITH_KNOTS('',3,3,((#7775,#7776,#7777,#7778),(#7779,
#7780,#7781,#7782),(#7783,#7784,#7785,#7786),(#7787,#7788,#7789,#7790),
(#7791,#7792,#7793,#7794),(#7795,#7796,#7797,#7798),(#7799,#7800,#7801,
#7802)),.UNSPECIFIED.,.F.,.F.,.F.,(4,1,1,1,4),(4,4),(0.498744141894371,
0.570352121623746,0.713568081082498,0.856784040541249,1.),(0.498406075373689,
1.),.UNSPECIFIED.);
#78=B_SPLINE_SURFACE_WITH_KNOTS('',3,3,((#7849,#7850,#7851,#7852),(#7853,
#7854,#7855,#7856),(#7857,#7858,#7859,#7860),(#7861,#7862,#7863,#7864),
(#7865,#7866,#7867,#7868)),.UNSPECIFIED.,.F.,.F.,.F.,(4,1,4),(4,4),(0.739096127603529,
0.850912072916302,1.),(0.49917676396167,1.),.UNSPECIFIED.);
#79=B_SPLINE_SURFACE_WITH_KNOTS('',3,3,((#7927,#7928,#7929,#7930),(#7931,
#7932,#7933,#7934),(#7935,#7936,#7937,#7938),(#7939,#7940,#7941,#7942),
(#7943,#7944,#7945,#7946)),.UNSPECIFIED.,.F.,.F.,.F.,(4,1,4),(4,4),(0.,
0.158447153040134,0.369710023760313),(0.,0.683333333333334),
 .UNSPECIFIED.);
#80=B_SPLINE_SURFACE_WITH_KNOTS('',3,3,((#7950,#7951,#7952,#7953),(#7954,
#7955,#7956,#7957),(#7958,#7959,#7960,#7961),(#7962,#7963,#7964,#7965),
(#7966,#7967,#7968,#7969)),.UNSPECIFIED.,.F.,.F.,.F.,(4,1,4),(4,4),(0.630289976239687,
0.788737129279821,1.),(0.,0.683333333333334),.UNSPECIFIED.);
#81=B_SPLINE_SURFACE_WITH_KNOTS('',3,3,((#7983,#7984,#7985,#7986),(#7987,
#7988,#7989,#7990),(#7991,#7992,#7993,#7994),(#7995,#7996,#7997,#7998),
(#7999,#8000,#8001,#8002)),.UNSPECIFIED.,.F.,.F.,.F.,(4,1,4),(4,4),(0.,
0.111399621804601,0.259932450877401),(0.498951394230911,1.),
 .UNSPECIFIED.);
#82=B_SPLINE_SURFACE_WITH_KNOTS('',3,3,((#8004,#8005,#8006,#8007),(#8008,
#8009,#8010,#8011),(#8012,#8013,#8014,#8015),(#8016,#8017,#8018,#8019)),
 .UNSPECIFIED.,.F.,.F.,.F.,(4,4),(4,4),(0.,1.),(0.499999999999999,1.),
 .UNSPECIFIED.);
#83=B_SPLINE_SURFACE_WITH_KNOTS('',3,3,((#8024,#8025,#8026,#8027),(#8028,
#8029,#8030,#8031),(#8032,#8033,#8034,#8035),(#8036,#8037,#8038,#8039)),
 .UNSPECIFIED.,.F.,.F.,.F.,(4,4),(4,4),(0.,1.),(0.500000000000001,1.),
 .UNSPECIFIED.);
#84=B_SPLINE_SURFACE_WITH_KNOTS('',3,3,((#8046,#8047,#8048,#8049),(#8050,
#8051,#8052,#8053),(#8054,#8055,#8056,#8057),(#8058,#8059,#8060,#8061),
(#8062,#8063,#8064,#8065)),.UNSPECIFIED.,.F.,.F.,.F.,(4,1,4),(4,4),(0.,
0.571428571428571,1.),(0.,0.683333333333333),.UNSPECIFIED.);
#85=B_SPLINE_SURFACE_WITH_KNOTS('',3,3,((#8073,#8074,#8075,#8076),(#8077,
#8078,#8079,#8080),(#8081,#8082,#8083,#8084),(#8085,#8086,#8087,#8088),
(#8089,#8090,#8091,#8092)),.UNSPECIFIED.,.F.,.F.,.F.,(4,1,4),(4,4),(0.,
0.571428571428571,1.),(0.,0.683333333333333),.UNSPECIFIED.);
#86=B_SPLINE_SURFACE_WITH_KNOTS('',3,3,((#8094,#8095,#8096,#8097),(#8098,
#8099,#8100,#8101),(#8102,#8103,#8104,#8105),(#8106,#8107,#8108,#8109),
(#8110,#8111,#8112,#8113),(#8114,#8115,#8116,#8117),(#8118,#8119,#8120,
#8121),(#8122,#8123,#8124,#8125),(#8126,#8127,#8128,#8129),(#8130,#8131,
#8132,#8133)),.UNSPECIFIED.,.F.,.F.,.F.,(4,1,1,1,1,1,1,4),(4,4),(0.,0.142857142857143,
0.285714285714286,0.428571428571429,0.571428571428571,0.714285714285714,
0.857142857142857,1.),(0.,0.683333333333334),.UNSPECIFIED.);
#87=B_SPLINE_SURFACE_WITH_KNOTS('',3,3,((#8152,#8153,#8154,#8155),(#8156,
#8157,#8158,#8159),(#8160,#8161,#8162,#8163),(#8164,#8165,#8166,#8167),
(#8168,#8169,#8170,#8171),(#8172,#8173,#8174,#8175),(#8176,#8177,#8178,
#8179),(#8180,#8181,#8182,#8183),(#8184,#8185,#8186,#8187)),
 .UNSPECIFIED.,.F.,.F.,.F.,(4,1,1,1,1,1,4),(4,4),(0.,0.106869823818944,
0.142493098425259,0.213739647637888,0.284986196850517,0.427479295275776,
0.498725844488405),(0.498917486920671,1.),.UNSPECIFIED.);
#88=B_SPLINE_CURVE_WITH_KNOTS('',3,(#5727,#5728,#5729,#5730,#5731,#5732,
#5733,#5734,#5735,#5736,#5737,#5738,#5739,#5740,#5741,#5742,#5743,#5744,
#5745,#5746,#5747,#5748,#5749,#5750,#5751,#5752,#5753,#5754,#5755,#5756,
#5757,#5758,#5759,#5760,#5761,#5762,#5763,#5764,#5765,#5766,#5767,#5768,
#5769,#5770,#5771,#5772),.UNSPECIFIED.,.F.,.F.,(4,3,3,3,3,3,3,3,3,3,3,3,
3,3,3,4),(-1.57586842838047,-1.52619140013529,-1.47786624249438,-1.42865514009315,
-1.38000194178113,-1.32601130592574,-1.28005983983236,-1.22571651293632,
-1.18160470147739,-1.13224763743189,-1.08306109158653,-1.03354045995338,
-0.984823020158556,-0.931337451413556,-0.885463532758081,-0.883695591188128),
 .UNSPECIFIED.);
#89=B_SPLINE_CURVE_WITH_KNOTS('',3,(#5773,#5774,#5775,#5776,#5777,#5778,
#5779,#5780,#5781,#5782,#5783,#5784,#5785,#5786,#5787,#5788,#5789,#5790,
#5791,#5792,#5793,#5794,#5795,#5796,#5797,#5798,#5799,#5800,#5801,#5802,
#5803,#5804,#5805,#5806,#5807,#5808,#5809,#5810,#5811,#5812,#5813,#5814,
#5815,#5816,#5817,#5818,#5819,#5820,#5821,#5822,#5823,#5824,#5825,#5826,
#5827),.UNSPECIFIED.,.F.,.F.,(4,3,3,3,3,3,3,3,3,3,3,3,3,3,3,3,3,3,4),(-0.883695591188128,
-0.831894605896252,-0.786936013555528,-0.737891263134767,-0.689238881203294,
-0.639613454845591,-0.590471144604107,-0.539326206259353,-0.492083983260295,
-0.440901307571754,-0.394218722777588,-0.344390027594027,-0.294561332410466,
-0.245553615968508,-0.196833609981558,-0.145203232091832,-0.0983982290578922,
-0.0447845382077748,0.),.UNSPECIFIED.);
#90=B_SPLINE_CURVE_WITH_KNOTS('',3,(#5834,#5835,#5836,#5837,#5838,#5839,
#5840,#5841,#5842,#5843,#5844,#5845,#5846,#5847,#5848,#5849,#5850,#5851,
#5852,#5853),.UNSPECIFIED.,.F.,.F.,(4,2,2,2,2,2,2,2,2,4),(-1.57541965925108,
-1.56263492037808,-1.47090709496567,-1.37158236190495,-1.27295040664572,
-1.17626476957919,-1.0810544083597,-0.983150399073514,-0.898435560164987,
-0.8807884723492),.UNSPECIFIED.);
#91=B_SPLINE_CURVE_WITH_KNOTS('',3,(#5854,#5855,#5856,#5857,#5858,#5859,
#5860,#5861,#5862,#5863,#5864,#5865,#5866,#5867,#5868,#5869,#5870,#5871,
#5872,#5873,#5874,#5875,#5876,#5877,#5878,#5879,#5880,#5881,#5882,#5883,
#5884,#5885,#5886,#5887,#5888,#5889,#5890,#5891,#5892,#5893,#5894,#5895,
#5896,#5897,#5898,#5899,#5900,#5901,#5902,#5903,#5904,#5905,#5906,#5907,
#5908,#5909,#5910,#5911,#5912,#5913,#5914,#5915,#5916,#5917,#5918,#5919,
#5920,#5921,#5922,#5923,#5924,#5925,#5926),.UNSPECIFIED.,.F.,.F.,(4,3,3,
3,3,3,3,3,3,3,3,3,3,3,3,3,3,3,3,3,3,3,3,3,4),(-0.8807884723492,-0.837387135259971,
-0.818580054641987,-0.774852118632703,-0.733721428801391,-0.687118415364656,
-0.641194652015818,-0.595623900916812,-0.551358548942651,-0.541914913260734,
-0.499569706028176,-0.457337063289508,-0.444293493368369,-0.40065865791784,
-0.35582968985807,-0.349233634600258,-0.302175557061721,-0.255736642777848,
-0.249663651126663,-0.205735974224217,-0.163680743353076,-0.120279983889706,
-0.0837813486141371,-0.0385026275902893,0.),.UNSPECIFIED.);
#92=B_SPLINE_CURVE_WITH_KNOTS('',3,(#5970,#5971,#5972,#5973),
 .UNSPECIFIED.,.F.,.F.,(4,4),(2.88636519913309,3.20570336225583),
 .UNSPECIFIED.);
#93=B_SPLINE_CURVE_WITH_KNOTS('',3,(#6001,#6002,#6003,#6004,#6005,#6006,
#6007,#6008),.UNSPECIFIED.,.F.,.F.,(4,2,2,4),(1.90275538839468,2.16475324432996,
2.52555922173152,2.88636519913309),.UNSPECIFIED.);
#94=B_SPLINE_CURVE_WITH_KNOTS('',3,(#6015,#6016,#6017,#6018,#6019,#6020,
#6021,#6022),.UNSPECIFIED.,.F.,.F.,(4,2,2,4),(0.,0.360805977401565,0.72161195480313,
0.983609813186173),.UNSPECIFIED.);
#95=B_SPLINE_CURVE_WITH_KNOTS('',3,(#6028,#6029,#6030,#6031,#6032,#6033,
#6034,#6035,#6036,#6037,#6038,#6039),.UNSPECIFIED.,.F.,.F.,(4,2,2,2,2,4),
(-12.4661388075599,-11.8503258257041,-10.9183764756383,-10.0142508139193,
-8.64010376788159,-7.47877515514181),.UNSPECIFIED.);
#96=B_SPLINE_CURVE_WITH_KNOTS('',3,(#6041,#6042,#6043,#6044),
 .UNSPECIFIED.,.F.,.F.,(4,4),(-5.95511480079599,-5.9550051655335),
 .UNSPECIFIED.);
#97=B_SPLINE_CURVE_WITH_KNOTS('',3,(#6046,#6047,#6048,#6049),
 .UNSPECIFIED.,.F.,.F.,(4,4),(-5.95522364600818,-5.95511480079537),
 .UNSPECIFIED.);
#98=B_SPLINE_CURVE_WITH_KNOTS('',3,(#6051,#6052,#6053,#6054,#6055,#6056,
#6057,#6058,#6059,#6060,#6061,#6062),.UNSPECIFIED.,.F.,.F.,(4,2,2,2,2,4),
(-7.47877515514174,-6.80077849129241,-5.16007043556474,-4.20370508652547,
-3.30102763266404,-2.49172050176655),.UNSPECIFIED.);
#99=B_SPLINE_CURVE_WITH_KNOTS('',3,(#6103,#6104,#6105,#6106,#6107,#6108),
 .UNSPECIFIED.,.F.,.F.,(4,2,4),(-5.15159259335195,-2.57039934807929,-2.40196849806928),
 .UNSPECIFIED.);
#100=B_SPLINE_CURVE_WITH_KNOTS('',3,(#6112,#6113,#6114,#6115,#6116,#6117,
#6118,#6119,#6120,#6121),.UNSPECIFIED.,.F.,.F.,(4,3,3,4),(-2.28895826997305,
-1.70143004750215,-1.27607253562661,0.),.UNSPECIFIED.);
#101=B_SPLINE_CURVE_WITH_KNOTS('',3,(#6122,#6123,#6124,#6125,#6126,#6127,
#6128,#6129,#6130,#6131,#6132,#6133,#6134),.UNSPECIFIED.,.F.,.F.,(4,3,3,
3,4),(-5.9550051655335,-5.10429014250645,-3.4028600950043,-2.55214507125322,
-2.28895826997305),.UNSPECIFIED.);
#102=B_SPLINE_CURVE_WITH_KNOTS('',3,(#6156,#6157,#6158,#6159,#6160,#6161,
#6162),.UNSPECIFIED.,.F.,.F.,(4,3,4),(-3.84475097859128,-1.64775041939626,
0.),.UNSPECIFIED.);
#103=B_SPLINE_CURVE_WITH_KNOTS('',3,(#6190,#6191,#6192,#6193,#6194,#6195),
 .UNSPECIFIED.,.F.,.F.,(4,2,4),(-6.66924685771174,-3.04001726587373,0.),
 .UNSPECIFIED.);
#104=B_SPLINE_CURVE_WITH_KNOTS('',3,(#6198,#6199,#6200,#6201,#6202,#6203,
#6204),.UNSPECIFIED.,.F.,.F.,(4,3,4),(-11.9404382830136,-10.1102007428783,
-9.64251758525399),.UNSPECIFIED.);
#105=B_SPLINE_CURVE_WITH_KNOTS('',3,(#6205,#6206,#6207,#6208),
 .UNSPECIFIED.,.F.,.F.,(4,4),(-9.64251758527239,-8.82513169686432),
 .UNSPECIFIED.);
#106=B_SPLINE_CURVE_WITH_KNOTS('',3,(#6237,#6238,#6239,#6240,#6241,#6242),
 .UNSPECIFIED.,.F.,.F.,(4,2,4),(-2.67604861555452,-1.3506356731943,0.),
 .UNSPECIFIED.);
#107=B_SPLINE_CURVE_WITH_KNOTS('',3,(#6243,#6244,#6245,#6246),
 .UNSPECIFIED.,.F.,.F.,(4,4),(-5.40004100629842,-2.7000191779531),
 .UNSPECIFIED.);
#108=B_SPLINE_CURVE_WITH_KNOTS('',3,(#6264,#6265,#6266,#6267),
 .UNSPECIFIED.,.F.,.F.,(4,4),(-3.84437164885245,0.),.UNSPECIFIED.);
#109=B_SPLINE_CURVE_WITH_KNOTS('',3,(#6276,#6277,#6278,#6279,#6280,#6281,
#6282,#6283,#6284,#6285),.UNSPECIFIED.,.F.,.F.,(4,2,2,2,4),(3.20570336225583,
3.24717117653465,3.60797715393622,3.96876247631792,4.32954779869963),
 .UNSPECIFIED.);
#110=B_SPLINE_CURVE_WITH_KNOTS('',3,(#6288,#6289,#6290,#6291,#6292,#6293,
#6294,#6295,#6296,#6297),.UNSPECIFIED.,.F.,.F.,(4,2,2,2,4),(4.32954779869963,
4.69033312108134,5.05111844346304,5.41192442086461,5.45339223509916),
 .UNSPECIFIED.);
#111=B_SPLINE_CURVE_WITH_KNOTS('',3,(#6306,#6307,#6308,#6309),
 .UNSPECIFIED.,.F.,.F.,(4,4),(5.45339223509916,5.77273039826617),
 .UNSPECIFIED.);
#112=B_SPLINE_CURVE_WITH_KNOTS('',3,(#6318,#6319,#6320,#6321,#6322,#6323),
 .UNSPECIFIED.,.F.,.F.,(4,2,4),(-2.7000191775362,-2.69433815085346,0.),
 .UNSPECIFIED.);
#113=B_SPLINE_CURVE_WITH_KNOTS('',3,(#6325,#6326,#6327,#6328,#6329,#6330),
 .UNSPECIFIED.,.F.,.F.,(4,2,4),(-12.9088873679198,-2.66661433382173,0.),
 .UNSPECIFIED.);
#114=B_SPLINE_CURVE_WITH_KNOTS('',3,(#6360,#6361,#6362,#6363),
 .UNSPECIFIED.,.F.,.F.,(4,4),(-3.09217058018431,-2.28895826996779),
 .UNSPECIFIED.);
#115=B_SPLINE_CURVE_WITH_KNOTS('',3,(#6365,#6366,#6367,#6368),
 .UNSPECIFIED.,.F.,.F.,(4,4),(-2.28895826996779,0.),.UNSPECIFIED.);
#116=B_SPLINE_CURVE_WITH_KNOTS('',3,(#6392,#6393,#6394,#6395,#6396,#6397,
#6398),.UNSPECIFIED.,.F.,.F.,(4,3,4),(-3.84475097859122,-1.64775041939624,
0.),.UNSPECIFIED.);
#117=B_SPLINE_CURVE_WITH_KNOTS('',3,(#6441,#6442,#6443,#6444,#6445,#6446,
#6447),.UNSPECIFIED.,.F.,.F.,(4,3,4),(-11.9404382830134,-10.29028237477,
-9.6425175852722),.UNSPECIFIED.);
#118=B_SPLINE_CURVE_WITH_KNOTS('',3,(#6448,#6449,#6450,#6451,#6452,#6453,
#6454,#6455,#6456,#6457),.UNSPECIFIED.,.F.,.F.,(4,3,3,4),(-9.6425175852722,
-8.57966043907879,-6.82996417121414,-5.95522364600818),.UNSPECIFIED.);
#119=B_SPLINE_CURVE_WITH_KNOTS('',3,(#6491,#6492,#6493,#6494,#6495,#6496),
 .UNSPECIFIED.,.F.,.F.,(4,2,4),(-2.78571881203998,-2.61450831462744,0.),
 .UNSPECIFIED.);
#120=B_SPLINE_CURVE_WITH_KNOTS('',3,(#6515,#6516,#6517,#6518),
 .UNSPECIFIED.,.F.,.F.,(4,4),(-3.84437164885139,0.),.UNSPECIFIED.);
#121=B_SPLINE_CURVE_WITH_KNOTS('',3,(#6544,#6545,#6546,#6547,#6548,#6549),
 .UNSPECIFIED.,.F.,.F.,(4,2,4),(-2.6763986242696,-1.33055733272541,-0.009888535813531),
 .UNSPECIFIED.);
#122=B_SPLINE_CURVE_WITH_KNOTS('',3,(#6554,#6555,#6556,#6557,#6558,#6559,
#6560,#6561,#6562,#6563,#6564,#6565,#6566,#6567,#6568,#6569,#6570,#6571,
#6572,#6573,#6574,#6575,#6576,#6577,#6578,#6579,#6580,#6581,#6582,#6583),
 .UNSPECIFIED.,.F.,.F.,(4,2,2,2,2,2,2,2,2,2,2,2,2,2,4),(-1.57587216034299,
-1.47945310409898,-1.38148206137265,-1.28211079132027,-1.1824512030044,
-1.08391388736401,-0.985444429495117,-0.887330653546921,-0.787119790755606,
-0.689192962996292,-0.591108895541046,-0.492422226035292,-0.394228849100547,
-0.294857889484156,-0.294441592740374),.UNSPECIFIED.);
#123=B_SPLINE_CURVE_WITH_KNOTS('',3,(#6584,#6585,#6586,#6587,#6588,#6589,
#6590,#6591),.UNSPECIFIED.,.F.,.F.,(4,2,2,4),(-0.294441592740374,-0.196092920347844,
-0.0984462464899122,0.),.UNSPECIFIED.);
#124=B_SPLINE_CURVE_WITH_KNOTS('',3,(#6598,#6599,#6600,#6601,#6602,#6603,
#6604,#6605,#6606,#6607,#6608,#6609,#6610,#6611,#6612,#6613,#6614,#6615,
#6616,#6617,#6618,#6619,#6620,#6621,#6622,#6623,#6624,#6625,#6626,#6627,
#6628,#6629,#6630,#6631,#6632,#6633,#6634,#6635,#6636,#6637,#6638,#6639,
#6640,#6641,#6642,#6643,#6644,#6645,#6646,#6647,#6648,#6649,#6650,#6651,
#6652,#6653,#6654,#6655,#6656,#6657,#6658,#6659,#6660,#6661,#6662,#6663,
#6664,#6665,#6666,#6667,#6668,#6669,#6670,#6671,#6672,#6673,#6674,#6675,
#6676,#6677,#6678,#6679,#6680,#6681,#6682,#6683,#6684,#6685,#6686,#6687,
#6688,#6689,#6690,#6691),.UNSPECIFIED.,.F.,.F.,(4,3,3,3,3,3,3,3,3,3,3,3,
3,3,3,3,3,3,3,3,3,3,3,3,3,3,3,3,3,3,3,4),(-1.57521547961568,-1.52998377180459,
-1.51841970584322,-1.47302903824858,-1.46373176872708,-1.41781165201903,
-1.3718211222153,-1.36586093821132,-1.32025503326196,-1.27482859290575,
-1.26979227959772,-1.22440764404353,-1.17858505591681,-1.16998428198996,
-1.12355204489442,-1.07799458329826,-1.03336451129902,-0.996276890004456,
-0.953022233139764,-0.915702349929512,-0.870872090231094,-0.826041830532677,
-0.779159920665248,-0.732546300390796,-0.726755418751481,-0.683016932854444,
-0.640215209711561,-0.62737587523047,-0.585050331544224,-0.542188460771397,
-0.531007434595382,-0.484538875885806),.UNSPECIFIED.);
#125=B_SPLINE_CURVE_WITH_KNOTS('',3,(#6692,#6693,#6694,#6695,#6696,#6697,
#6698,#6699,#6700,#6701,#6702,#6703,#6704,#6705,#6706,#6707,#6708,#6709,
#6710,#6711,#6712,#6713,#6714,#6715,#6716,#6717,#6718,#6719,#6720,#6721,
#6722,#6723,#6724,#6725),.UNSPECIFIED.,.F.,.F.,(4,3,3,3,3,3,3,3,3,3,3,4),
(-0.484538875885806,-0.436684641993941,-0.389398312365849,-0.342111982737757,
-0.298780775361515,-0.259877297479843,-0.215900747910761,-0.179543134677099,
-0.133431928195961,-0.0915716756157019,-0.0455504026733275,0.),
 .UNSPECIFIED.);
#126=B_SPLINE_CURVE_WITH_KNOTS('',3,(#6769,#6770,#6771,#6772),
 .UNSPECIFIED.,.F.,.F.,(4,4),(2.88636519913309,3.20570336225583),
 .UNSPECIFIED.);
#127=B_SPLINE_CURVE_WITH_KNOTS('',3,(#6800,#6801,#6802,#6803,#6804,#6805,
#6806,#6807),.UNSPECIFIED.,.F.,.F.,(4,2,2,4),(1.90275538839468,2.16475324432996,
2.52555922173152,2.88636519913309),.UNSPECIFIED.);
#128=B_SPLINE_CURVE_WITH_KNOTS('',3,(#6814,#6815,#6816,#6817,#6818,#6819,
#6820,#6821),.UNSPECIFIED.,.F.,.F.,(4,2,2,4),(0.,0.360805977401565,0.721611954803131,
0.983609810738443),.UNSPECIFIED.);
#129=B_SPLINE_CURVE_WITH_KNOTS('',3,(#6827,#6828,#6829,#6830,#6831,#6832,
#6833,#6834,#6835,#6836,#6837,#6838),.UNSPECIFIED.,.F.,.F.,(4,2,2,2,2,4),
(-12.4661388075595,-11.8503258257038,-10.918376475638,-10.0142508139191,
-8.64010376788149,-7.47877515513046),.UNSPECIFIED.);
#130=B_SPLINE_CURVE_WITH_KNOTS('',3,(#6840,#6841,#6842,#6843),
 .UNSPECIFIED.,.F.,.F.,(4,4),(-5.95522364600819,-5.95500516553287),
 .UNSPECIFIED.);
#131=B_SPLINE_CURVE_WITH_KNOTS('',3,(#6845,#6846,#6847,#6848,#6849,#6850,
#6851,#6852,#6853,#6854,#6855,#6856),.UNSPECIFIED.,.F.,.F.,(4,2,2,2,2,4),
(-7.47877515514184,-6.8007784912925,-5.1600704355648,-4.20370508652552,
-3.30102763266409,-2.49172050176659),.UNSPECIFIED.);
#132=B_SPLINE_CURVE_WITH_KNOTS('',3,(#6868,#6869,#6870,#6871,#6872,#6873,
#6874,#6875,#6876,#6877,#6878,#6879,#6880,#6881,#6882,#6883,#6884,#6885),
 .UNSPECIFIED.,.F.,.F.,(4,2,2,2,2,2,2,2,4),(3.20570336225583,3.24717117653465,
3.60797715393622,3.96876247631793,4.32954779869963,4.69033312108134,5.05111844346304,
5.41192442086461,5.45339223514343),.UNSPECIFIED.);
#133=B_SPLINE_CURVE_WITH_KNOTS('',3,(#6888,#6889,#6890,#6891,#6892,#6893),
 .UNSPECIFIED.,.F.,.F.,(4,2,4),(-2.78571881203998,-2.61450831462744,0.),
 .UNSPECIFIED.);
#134=B_SPLINE_CURVE_WITH_KNOTS('',3,(#6899,#6900,#6901,#6902,#6903,#6904),
 .UNSPECIFIED.,.F.,.F.,(4,2,4),(-2.6763986242696,-1.33055733272541,-0.009888535813531),
 .UNSPECIFIED.);
#135=B_SPLINE_CURVE_WITH_KNOTS('',3,(#6905,#6906,#6907,#6908),
 .UNSPECIFIED.,.F.,.F.,(4,4),(-3.84437164885139,0.),.UNSPECIFIED.);
#136=B_SPLINE_CURVE_WITH_KNOTS('',3,(#6913,#6914,#6915,#6916,#6917,#6918),
 .UNSPECIFIED.,.F.,.F.,(4,2,4),(-2.7000191759798,-2.69433814930178,0.),
 .UNSPECIFIED.);
#137=B_SPLINE_CURVE_WITH_KNOTS('',3,(#6920,#6921,#6922,#6923,#6924,#6925),
 .UNSPECIFIED.,.F.,.F.,(4,2,4),(-12.9088873679222,-2.66661433382223,0.),
 .UNSPECIFIED.);
#138=B_SPLINE_CURVE_WITH_KNOTS('',3,(#6929,#6930,#6931,#6932,#6933,#6934),
 .UNSPECIFIED.,.F.,.F.,(4,2,4),(-6.66924685770199,-3.04001726587066,0.),
 .UNSPECIFIED.);
#139=B_SPLINE_CURVE_WITH_KNOTS('',3,(#6935,#6936,#6937,#6938),
 .UNSPECIFIED.,.F.,.F.,(4,4),(-5.4000410036794,-2.70001917753621),
 .UNSPECIFIED.);
#140=B_SPLINE_CURVE_WITH_KNOTS('',3,(#6940,#6941,#6942,#6943),
 .UNSPECIFIED.,.F.,.F.,(4,4),(5.45339223514343,5.77273039826618),
 .UNSPECIFIED.);
#141=B_SPLINE_CURVE_WITH_KNOTS('',3,(#6983,#6984,#6985,#6986,#6987,#6988,
#6989,#6990,#6991,#6992),.UNSPECIFIED.,.F.,.F.,(4,3,3,4),(-2.28895826996781,
-1.70143004750215,-1.27607253562661,0.),.UNSPECIFIED.);
#142=B_SPLINE_CURVE_WITH_KNOTS('',3,(#6993,#6994,#6995,#6996,#6997,#6998,
#6999,#7000,#7001,#7002,#7003,#7004,#7005),.UNSPECIFIED.,.F.,.F.,(4,3,3,
3,4),(-5.95500516553287,-5.10429014250645,-3.4028600950043,-2.55214507125322,
-2.28895826996781),.UNSPECIFIED.);
#143=B_SPLINE_CURVE_WITH_KNOTS('',3,(#7048,#7049,#7050,#7051,#7052,#7053,
#7054),.UNSPECIFIED.,.F.,.F.,(4,3,4),(-11.9404382830134,-10.29028237477,
-9.6425175852722),.UNSPECIFIED.);
#144=B_SPLINE_CURVE_WITH_KNOTS('',3,(#7055,#7056,#7057,#7058,#7059,#7060,
#7061,#7062,#7063,#7064),.UNSPECIFIED.,.F.,.F.,(4,3,3,4),(-9.6425175852722,
-8.57966043907878,-6.82996417121414,-5.95522364600819),.UNSPECIFIED.);
#145=B_SPLINE_CURVE_WITH_KNOTS('',3,(#7091,#7092,#7093,#7094,#7095,#7096,
#7097),.UNSPECIFIED.,.F.,.F.,(4,3,4),(-3.84475097859122,-1.64775041939624,
0.),.UNSPECIFIED.);
#146=B_SPLINE_CURVE_WITH_KNOTS('',3,(#7135,#7136,#7137,#7138),
 .UNSPECIFIED.,.F.,.F.,(4,4),(-3.0921705801843,-2.28895826996782),
 .UNSPECIFIED.);
#147=B_SPLINE_CURVE_WITH_KNOTS('',3,(#7139,#7140,#7141,#7142,#7143,#7144,
#7145),.UNSPECIFIED.,.F.,.F.,(4,3,4),(-2.28895826996782,-1.82309960865327,
0.),.UNSPECIFIED.);
#148=B_SPLINE_CURVE_WITH_KNOTS('',3,(#7167,#7168,#7169,#7170,#7171,#7172,
#7173),.UNSPECIFIED.,.F.,.F.,(4,3,4),(-3.84475097859128,-1.64775041939626,
0.),.UNSPECIFIED.);
#149=B_SPLINE_CURVE_WITH_KNOTS('',3,(#7217,#7218,#7219,#7220,#7221,#7222),
 .UNSPECIFIED.,.F.,.F.,(4,2,4),(-2.67639862426961,-1.33055733272542,-0.00988853581354077),
 .UNSPECIFIED.);
#150=B_SPLINE_CURVE_WITH_KNOTS('',3,(#7245,#7246,#7247,#7248),
 .UNSPECIFIED.,.F.,.F.,(4,4),(-9.64251758527237,-8.82513169686433),
 .UNSPECIFIED.);
#151=B_SPLINE_CURVE_WITH_KNOTS('',3,(#7249,#7250,#7251,#7252,#7253,#7254,
#7255),.UNSPECIFIED.,.F.,.F.,(4,3,4),(-11.9404382830136,-10.6053068889497,
-9.64251758527237),.UNSPECIFIED.);
#152=B_SPLINE_CURVE_WITH_KNOTS('',3,(#7317,#7318,#7319,#7320,#7321,#7322),
 .UNSPECIFIED.,.F.,.F.,(4,2,4),(-2.78571881204061,-2.61450831462803,0.),
 .UNSPECIFIED.);
#153=B_SPLINE_CURVE_WITH_KNOTS('',3,(#7340,#7341,#7342,#7343),
 .UNSPECIFIED.,.F.,.F.,(4,4),(-3.84437164885163,0.),.UNSPECIFIED.);
#154=B_SPLINE_CURVE_WITH_KNOTS('',3,(#7348,#7349,#7350,#7351,#7352,#7353,
#7354,#7355,#7356,#7357),.UNSPECIFIED.,.F.,.F.,(4,3,3,4),(-1.57586650709053,
-1.52705836229656,-1.47825021750258,-1.47354544083263),.UNSPECIFIED.);
#155=B_SPLINE_CURVE_WITH_KNOTS('',3,(#7358,#7359,#7360,#7361,#7362,#7363,
#7364,#7365,#7366,#7367,#7368,#7369,#7370,#7371,#7372,#7373,#7374,#7375,
#7376,#7377,#7378,#7379,#7380,#7381,#7382,#7383,#7384,#7385,#7386,#7387,
#7388,#7389,#7390,#7391,#7392,#7393,#7394,#7395,#7396,#7397,#7398,#7399,
#7400,#7401,#7402,#7403,#7404,#7405,#7406,#7407,#7408,#7409,#7410,#7411,
#7412,#7413,#7414,#7415,#7416,#7417,#7418,#7419,#7420,#7421,#7422,#7423,
#7424,#7425,#7426,#7427,#7428,#7429,#7430,#7431,#7432,#7433,#7434,#7435,
#7436,#7437,#7438,#7439,#7440,#7441,#7442,#7443,#7444,#7445,#7446,#7447,
#7448),.UNSPECIFIED.,.F.,.F.,(4,3,3,3,3,3,3,3,3,3,3,3,3,3,3,3,3,3,3,3,3,
3,3,3,3,3,3,3,3,3,4),(-1.47354544083263,-1.42162589787103,-1.37890194048314,
-1.32293371103139,-1.27926375197656,-1.2287523580915,-1.18069741369682,
-1.13151513465298,-1.08233285560914,-1.03022630537299,-0.984311828465999,
-0.931077950406419,-0.884957389335412,-0.835378112161707,-0.787298920969659,
-0.737955815484087,-0.688612709998515,-0.637885471251588,-0.590051744455572,
-0.538676381873114,-0.492028855098675,-0.441742360303301,-0.392670360833658,
-0.343597731073919,-0.29452510131418,-0.244192770319576,-0.196645834667314,
-0.142771981491472,-0.0981986909093101,-0.0472790783592957,0.),
 .UNSPECIFIED.);
#156=B_SPLINE_CURVE_WITH_KNOTS('',3,(#7455,#7456,#7457,#7458,#7459,#7460,
#7461,#7462,#7463,#7464,#7465,#7466,#7467,#7468,#7469,#7470),
 .UNSPECIFIED.,.F.,.F.,(4,3,3,3,3,4),(-1.575259382372,-1.52947065494881,
-1.52218987401709,-1.47691887351253,-1.47160958263974,-1.4705597597211),
 .UNSPECIFIED.);
#157=B_SPLINE_CURVE_WITH_KNOTS('',3,(#7471,#7472,#7473,#7474,#7475,#7476,
#7477,#7478,#7479,#7480,#7481,#7482,#7483,#7484,#7485,#7486,#7487,#7488,
#7489,#7490,#7491,#7492,#7493,#7494,#7495,#7496,#7497,#7498,#7499,#7500,
#7501,#7502,#7503,#7504,#7505,#7506,#7507,#7508,#7509,#7510,#7511,#7512,
#7513,#7514,#7515,#7516,#7517,#7518,#7519,#7520,#7521,#7522,#7523,#7524,
#7525,#7526,#7527,#7528,#7529,#7530,#7531,#7532,#7533,#7534,#7535,#7536,
#7537,#7538,#7539,#7540,#7541,#7542,#7543,#7544,#7545,#7546,#7547,#7548,
#7549,#7550,#7551,#7552,#7553,#7554,#7555,#7556,#7557,#7558,#7559,#7560,
#7561,#7562,#7563,#7564,#7565,#7566,#7567,#7568,#7569,#7570,#7571,#7572,
#7573,#7574,#7575,#7576,#7577,#7578,#7579,#7580,#7581,#7582,#7583,#7584,
#7585,#7586,#7587,#7588,#7589,#7590,#7591),.UNSPECIFIED.,.F.,.F.,(4,3,3,
3,3,3,3,3,3,3,3,3,3,3,3,3,3,3,3,3,3,3,3,3,3,3,3,3,3,3,3,3,3,3,3,3,3,3,3,
3,4),(-1.4705597597211,-1.42512503414721,-1.37949700493326,-1.37222125950236,
-1.32623342416734,-1.28032556801534,-1.27488767151086,-1.22948445939679,
-1.18413827218926,-1.17922917671378,-1.13360830940734,-1.08746021516962,
-1.07962272183278,-1.03344585370648,-0.991161498828677,-0.947092829577954,
-0.910696273822752,-0.867382785590216,-0.828736719587147,-0.783105452377924,
-0.737474185168702,-0.690812442178606,-0.645138197833403,-0.638188399530307,
-0.595231209291597,-0.552865042301709,-0.539580982904442,-0.496865887994208,
-0.453287164597627,-0.443820264267747,-0.397340395859738,-0.350440262984502,
-0.343903495509613,-0.298880470406095,-0.253857445302577,-0.210620030788464,
-0.173178800695251,-0.12862395066638,-0.0916161721000131,-0.0451977569252364,
0.),.UNSPECIFIED.);
#158=B_SPLINE_CURVE_WITH_KNOTS('',3,(#7635,#7636,#7637,#7638),
 .UNSPECIFIED.,.F.,.F.,(4,4),(2.88636519913309,3.2057033623001),
 .UNSPECIFIED.);
#159=B_SPLINE_CURVE_WITH_KNOTS('',3,(#7666,#7667,#7668,#7669,#7670,#7671,
#7672,#7673),.UNSPECIFIED.,.F.,.F.,(4,2,2,4),(1.90275538839468,2.16475324432996,
2.52555922173152,2.88636519913309),.UNSPECIFIED.);
#160=B_SPLINE_CURVE_WITH_KNOTS('',3,(#7680,#7681,#7682,#7683,#7684,#7685,
#7686,#7687),.UNSPECIFIED.,.F.,.F.,(4,2,2,4),(0.,0.360805977401565,0.72161195480313,
0.983609810738444),.UNSPECIFIED.);
#161=B_SPLINE_CURVE_WITH_KNOTS('',3,(#7693,#7694,#7695,#7696,#7697,#7698,
#7699,#7700,#7701,#7702,#7703,#7704),.UNSPECIFIED.,.F.,.F.,(4,2,2,2,2,4),
(-12.4661388075597,-11.8503258257039,-10.9183764756382,-10.0142508139193,
-8.64010376788161,-7.47877515513056),.UNSPECIFIED.);
#162=B_SPLINE_CURVE_WITH_KNOTS('',3,(#7706,#7707,#7708,#7709),
 .UNSPECIFIED.,.F.,.F.,(4,4),(-5.95522364600818,-5.95500516553287),
 .UNSPECIFIED.);
#163=B_SPLINE_CURVE_WITH_KNOTS('',3,(#7711,#7712,#7713,#7714,#7715,#7716,
#7717,#7718,#7719,#7720,#7721,#7722),.UNSPECIFIED.,.F.,.F.,(4,2,2,2,2,4),
(-7.47877515513053,-6.80077849129245,-5.16007043556471,-4.20370508652548,
-3.30102763266408,-2.49172050176658),.UNSPECIFIED.);
#164=B_SPLINE_CURVE_WITH_KNOTS('',3,(#7728,#7729,#7730,#7731,#7732,#7733,
#7734,#7735,#7736,#7737,#7738,#7739,#7740,#7741,#7742,#7743,#7744,#7745),
 .UNSPECIFIED.,.F.,.F.,(4,2,2,2,2,2,2,2,4),(3.2057033623001,3.24717117653465,
3.60797715393622,3.96876247631792,4.32954779869963,4.69033312108134,5.05111844346304,
5.41192442086461,5.45339223509916),.UNSPECIFIED.);
#165=B_SPLINE_CURVE_WITH_KNOTS('',3,(#7758,#7759,#7760,#7761,#7762,#7763),
 .UNSPECIFIED.,.F.,.F.,(4,2,4),(-5.15159259335195,-2.57039934807929,-2.40196849806928),
 .UNSPECIFIED.);
#166=B_SPLINE_CURVE_WITH_KNOTS('',3,(#7765,#7766,#7767,#7768),
 .UNSPECIFIED.,.F.,.F.,(4,4),(-3.84437164885245,0.),.UNSPECIFIED.);
#167=B_SPLINE_CURVE_WITH_KNOTS('',3,(#7769,#7770,#7771,#7772,#7773,#7774),
 .UNSPECIFIED.,.F.,.F.,(4,2,4),(-2.67604861555452,-1.3506356731943,0.),
 .UNSPECIFIED.);
#168=B_SPLINE_CURVE_WITH_KNOTS('',3,(#7804,#7805,#7806,#7807,#7808,#7809,
#7810,#7811,#7812,#7813),.UNSPECIFIED.,.F.,.F.,(4,3,3,4),(-9.64251758527219,
-8.52031563289384,-6.81025430783408,-5.95522364600818),.UNSPECIFIED.);
#169=B_SPLINE_CURVE_WITH_KNOTS('',3,(#7815,#7816,#7817,#7818,#7819,#7820,
#7821),.UNSPECIFIED.,.F.,.F.,(4,3,4),(-11.9404382830134,-10.2303769579536,
-9.64251758527219),.UNSPECIFIED.);
#170=B_SPLINE_CURVE_WITH_KNOTS('',3,(#7824,#7825,#7826,#7827),
 .UNSPECIFIED.,.F.,.F.,(4,4),(5.45339223509916,5.77273039826617),
 .UNSPECIFIED.);
#171=B_SPLINE_CURVE_WITH_KNOTS('',3,(#7832,#7833,#7834,#7835,#7836,#7837),
 .UNSPECIFIED.,.F.,.F.,(4,2,4),(-2.67639862426961,-1.33055733272542,-0.00988853581354077),
 .UNSPECIFIED.);
#172=B_SPLINE_CURVE_WITH_KNOTS('',3,(#7839,#7840,#7841,#7842),
 .UNSPECIFIED.,.F.,.F.,(4,4),(-3.84437164885163,0.),.UNSPECIFIED.);
#173=B_SPLINE_CURVE_WITH_KNOTS('',3,(#7843,#7844,#7845,#7846,#7847,#7848),
 .UNSPECIFIED.,.F.,.F.,(4,2,4),(-2.78571881204061,-2.61450831462803,0.),
 .UNSPECIFIED.);
#174=B_SPLINE_CURVE_WITH_KNOTS('',3,(#7870,#7871,#7872,#7873),
 .UNSPECIFIED.,.F.,.F.,(4,4),(-5.4000410007228,-2.70001917597982),
 .UNSPECIFIED.);
#175=B_SPLINE_CURVE_WITH_KNOTS('',3,(#7875,#7876,#7877,#7878),
 .UNSPECIFIED.,.F.,.F.,(4,4),(-9.6425175852724,-8.82513169686432),
 .UNSPECIFIED.);
#176=B_SPLINE_CURVE_WITH_KNOTS('',3,(#7880,#7881,#7882,#7883,#7884,#7885,
#7886),.UNSPECIFIED.,.F.,.F.,(4,3,4),(-11.9404382830136,-10.1602630909283,
-9.6425175852724),.UNSPECIFIED.);
#177=B_SPLINE_CURVE_WITH_KNOTS('',3,(#7890,#7891,#7892,#7893,#7894,#7895),
 .UNSPECIFIED.,.F.,.F.,(4,2,4),(-2.70001917795311,-2.69433815126906,0.),
 .UNSPECIFIED.);
#178=B_SPLINE_CURVE_WITH_KNOTS('',3,(#7897,#7898,#7899,#7900,#7901,#7902),
 .UNSPECIFIED.,.F.,.F.,(4,2,4),(-12.9088873679207,-2.66661433382189,0.),
 .UNSPECIFIED.);
#179=B_SPLINE_CURVE_WITH_KNOTS('',3,(#7905,#7906,#7907,#7908,#7909,#7910),
 .UNSPECIFIED.,.F.,.F.,(4,2,4),(-6.66924685771154,-3.04001726587368,0.),
 .UNSPECIFIED.);
#180=B_SPLINE_CURVE_WITH_KNOTS('',3,(#7971,#7972,#7973,#7974),
 .UNSPECIFIED.,.F.,.F.,(4,4),(-3.09217058018431,-2.28895826996781),
 .UNSPECIFIED.);
#181=B_SPLINE_CURVE_WITH_KNOTS('',3,(#7976,#7977,#7978,#7979),
 .UNSPECIFIED.,.F.,.F.,(4,4),(-2.28895826996781,0.),.UNSPECIFIED.);
#182=B_SPLINE_CURVE_WITH_KNOTS('',3,(#8020,#8021,#8022,#8023),
 .UNSPECIFIED.,.F.,.F.,(4,4),(-3.84475097859122,0.),.UNSPECIFIED.);
#183=B_SPLINE_CURVE_WITH_KNOTS('',3,(#8041,#8042,#8043,#8044),
 .UNSPECIFIED.,.F.,.F.,(4,4),(-3.84475097859128,0.),.UNSPECIFIED.);
#184=B_SPLINE_CURVE_WITH_KNOTS('',3,(#8135,#8136,#8137,#8138,#8139,#8140,
#8141,#8142,#8143,#8144),.UNSPECIFIED.,.F.,.F.,(4,3,3,4),(-5.95500516553287,
-5.08530582389597,-3.34569161013381,-2.28895826996781),.UNSPECIFIED.);
#185=B_SPLINE_CURVE_WITH_KNOTS('',3,(#8145,#8146,#8147,#8148,#8149,#8150,
#8151),.UNSPECIFIED.,.F.,.F.,(4,3,4),(-2.28895826996781,-1.64372029562571,
0.),.UNSPECIFIED.);
#186=B_SPLINE_CURVE_WITH_KNOTS('',3,(#8598,#8599,#8600,#8601,#8602,#8603,
#8604,#8605,#8606,#8607,#8608,#8609,#8610,#8611,#8612,#8613,#8614,#8615),
 .UNSPECIFIED.,.F.,.F.,(4,2,2,2,2,2,2,2,4),(0.576403729611323,0.699231060112163,
0.881180181372507,0.971936812950978,1.02504466791796,1.06056331067941,1.09257014101072,
1.13239894565205,1.15669817277409),.UNSPECIFIED.);
#187=B_SPLINE_CURVE_WITH_KNOTS('',3,(#8618,#8619,#8620,#8621,#8622,#8623,
#8624,#8625,#8626,#8627,#8628,#8629,#8630,#8631,#8632,#8633,#8634,#8635),
 .UNSPECIFIED.,.F.,.F.,(4,2,2,2,2,2,2,2,4),(1.32609869132896,1.34029161189104,
1.41127529100685,1.45915073496939,1.50262659432772,1.55764960858299,1.65491565404193,
1.84949396795576,2.03798004883153),.UNSPECIFIED.);
#188=B_SPLINE_CURVE_WITH_KNOTS('',3,(#8638,#8639,#8640,#8641),
 .UNSPECIFIED.,.F.,.F.,(4,4),(-0.692710312980367,-1.11022302462516E-15),
 .UNSPECIFIED.);
#189=B_SPLINE_CURVE_WITH_KNOTS('',3,(#8643,#8644,#8645,#8646,#8647,#8648),
 .UNSPECIFIED.,.F.,.F.,(4,2,4),(-16.1514461627398,-15.8233732576895,-15.5983704406633),
 .UNSPECIFIED.);
#190=B_SPLINE_CURVE_WITH_KNOTS('',3,(#8659,#8660,#8661,#8662),
 .UNSPECIFIED.,.F.,.F.,(4,4),(1.16515392948302,1.29488707598896),
 .UNSPECIFIED.);
#191=B_SPLINE_CURVE_WITH_KNOTS('',3,(#8667,#8668,#8669,#8670),
 .UNSPECIFIED.,.F.,.F.,(4,4),(1.59837776233418,1.72811181284091),
 .UNSPECIFIED.);
#192=B_SPLINE_CURVE_WITH_KNOTS('',3,(#8678,#8679,#8680,#8681,#8682,#8683),
 .UNSPECIFIED.,.F.,.F.,(4,2,4),(-14.7842101522975,-14.5592073352713,-14.231134430221),
 .UNSPECIFIED.);
#193=B_SPLINE_CURVE_WITH_KNOTS('',3,(#8684,#8685,#8686,#8687),
 .UNSPECIFIED.,.F.,.F.,(4,4),(-17.9280535271499,-17.2353432141695),
 .UNSPECIFIED.);
#194=B_SPLINE_CURVE_WITH_KNOTS('',3,(#8694,#8695,#8696,#8697,#8698,#8699,
#8700,#8701,#8702,#8703,#8704,#8705,#8706,#8707,#8708,#8709,#8710,#8711,
#8712),.UNSPECIFIED.,.F.,.F.,(4,2,2,2,3,2,2,2,4),(0.686986454736902,0.7450620875832,
0.803137720429498,0.859565703949759,0.91599368747002,0.972421670990281,
1.02884965451054,1.08692528735684,1.14500092020314),.UNSPECIFIED.);
#195=B_SPLINE_CURVE_WITH_KNOTS('',3,(#8720,#8721,#8722,#8723,#8724,#8725,
#8726,#8727),.UNSPECIFIED.,.F.,.F.,(4,2,2,4),(-4.56775063288756,-4.1865141307438,
-3.80527762860004,-3.5788917127363),.UNSPECIFIED.);
#196=B_SPLINE_CURVE_WITH_KNOTS('',3,(#8731,#8732,#8733,#8734,#8735,#8736,
#8737,#8738,#8739,#8740),.UNSPECIFIED.,.F.,.F.,(4,2,2,2,4),(5.53474648955851,
5.66085820032747,6.22566290828532,6.79046761624318,6.92569790539391),
 .UNSPECIFIED.);
#197=B_SPLINE_CURVE_WITH_KNOTS('',3,(#8744,#8745,#8746,#8747,#8748,#8749,
#8750,#8751),.UNSPECIFIED.,.F.,.F.,(4,2,2,4),(6.92569790539391,7.35577640862598,
7.92108520100878,8.09626252003569),.UNSPECIFIED.);
#198=B_SPLINE_CURVE_WITH_KNOTS('',3,(#8755,#8756,#8757,#8758,#8759,#8760,
#8761,#8762),.UNSPECIFIED.,.F.,.F.,(4,2,2,4),(-2.52488745240214,-2.2985015365384,
-1.91726503439464,-1.53602853225088),.UNSPECIFIED.);
#199=B_SPLINE_CURVE_WITH_KNOTS('',3,(#8823,#8824,#8825,#8826),
 .UNSPECIFIED.,.F.,.F.,(4,4),(-1.79680514193849,-1.32731576272318),
 .UNSPECIFIED.);
#200=B_SPLINE_CURVE_WITH_KNOTS('',3,(#8846,#8847,#8848,#8849,#8850,#8851,
#8852,#8853,#8854,#8855,#8856,#8857,#8858,#8859,#8860,#8861,#8862,#8863,
#8864,#8865,#8866,#8867,#8868,#8869,#8870,#8871,#8872,#8873,#8874,#8875),
 .UNSPECIFIED.,.F.,.F.,(4,2,2,2,2,2,2,2,2,2,2,2,2,2,4),(0.454548138198768,
0.584589691749601,0.876884537624402,1.1691793834992,1.45117733758395,1.7331752916687,
2.01517324575344,2.29717119983819,2.57916915392294,2.86116710800769,3.14316506209243,
3.42516301617718,3.71745786205198,4.00975270792678,4.13979426147761),
 .UNSPECIFIED.);
#201=SHAPE_REPRESENTATION_RELATIONSHIP('SRR','None',#8940,#206);
#202=SHAPE_REPRESENTATION_RELATIONSHIP('SRR','None',#8941,#207);
#203=SHAPE_REPRESENTATION_RELATIONSHIP('SRR','None',#8942,#208);
#204=SHAPE_REPRESENTATION_RELATIONSHIP('SRR','None',#8943,#209);
#205=SHAPE_REPRESENTATION_RELATIONSHIP('SRR','None',#8944,#210);
#206=ADVANCED_BREP_SHAPE_REPRESENTATION('',(#218),#8910);
#207=ADVANCED_BREP_SHAPE_REPRESENTATION('',(#219,#220,#221),#8911);
#208=ADVANCED_BREP_SHAPE_REPRESENTATION('',(#222),#8912);
#209=ADVANCED_BREP_SHAPE_REPRESENTATION('',(#223),#8913);
#210=ADVANCED_BREP_SHAPE_REPRESENTATION('',(#224),#8914);
#211=STYLED_ITEM('',(#8973),#218);
#212=STYLED_ITEM('',(#8973),#219);
#213=STYLED_ITEM('',(#8973),#220);
#214=STYLED_ITEM('',(#8973),#221);
#215=STYLED_ITEM('',(#8973),#222);
#216=STYLED_ITEM('',(#8973),#223);
#217=STYLED_ITEM('',(#8974),#224);
#218=MANIFOLD_SOLID_BREP('\X2\BCF8CCB4\X0\1',#4221);
#219=MANIFOLD_SOLID_BREP('\X2\BCF8CCB4\X0\13',#4222);
#220=MANIFOLD_SOLID_BREP('\X2\BCF8CCB4\X0\15',#4223);
#221=MANIFOLD_SOLID_BREP('\X2\BCF8CCB4\X0\16',#4224);
#222=MANIFOLD_SOLID_BREP('\X2\BCF8CCB4\X0\1',#4225);
#223=MANIFOLD_SOLID_BREP('\X2\BCF8CCB4\X0\1',#4226);
#224=MANIFOLD_SOLID_BREP('\X2\BCF8CCB4\X0\1',#4227);
#225=CIRCLE('',#4292,15.);
#226=CIRCLE('',#4293,15.);
#227=CIRCLE('',#4302,16.5);
#228=CIRCLE('',#4303,16.5);
#229=CIRCLE('',#4308,2.5);
#230=CIRCLE('',#4310,2.5);
#231=CIRCLE('',#4312,2.5);
#232=CIRCLE('',#4313,2.5);
#233=CIRCLE('',#4315,2.5);
#234=CIRCLE('',#4316,2.5);
#235=CIRCLE('',#4320,47.5);
#236=CIRCLE('',#4323,47.5);
#237=CIRCLE('',#4327,47.5);
#238=CIRCLE('',#4330,47.5);
#239=CIRCLE('',#4331,47.5);
#240=CIRCLE('',#4332,47.5);
#241=CIRCLE('',#4333,24.55);
#242=CIRCLE('',#4334,24.55);
#243=CIRCLE('',#4338,47.5);
#244=CIRCLE('',#4340,47.5);
#245=CIRCLE('',#4346,24.55);
#246=CIRCLE('',#4347,24.55);
#247=CIRCLE('',#4348,24.55);
#248=CIRCLE('',#4349,9.55);
#249=CIRCLE('',#4353,2.5);
#250=CIRCLE('',#4355,2.5);
#251=CIRCLE('',#4357,2.5);
#252=CIRCLE('',#4358,2.5);
#253=CIRCLE('',#4360,2.5);
#254=CIRCLE('',#4361,2.5);
#255=CIRCLE('',#4365,47.5);
#256=CIRCLE('',#4368,47.5);
#257=CIRCLE('',#4372,47.5);
#258=CIRCLE('',#4375,47.5);
#259=CIRCLE('',#4376,47.5);
#260=CIRCLE('',#4377,47.5);
#261=CIRCLE('',#4379,47.5);
#262=CIRCLE('',#4380,47.5);
#263=CIRCLE('',#4385,24.55);
#264=CIRCLE('',#4386,24.55);
#265=CIRCLE('',#4388,24.55);
#266=CIRCLE('',#4389,24.55);
#267=CIRCLE('',#4390,24.55);
#268=CIRCLE('',#4391,9.55);
#269=CIRCLE('',#4398,2.5);
#270=CIRCLE('',#4400,2.5);
#271=CIRCLE('',#4402,2.5);
#272=CIRCLE('',#4403,2.5);
#273=CIRCLE('',#4405,2.5);
#274=CIRCLE('',#4406,2.5);
#275=CIRCLE('',#4410,47.5);
#276=CIRCLE('',#4413,47.5);
#277=CIRCLE('',#4417,47.5);
#278=CIRCLE('',#4420,47.5);
#279=CIRCLE('',#4421,47.5);
#280=CIRCLE('',#4422,47.5);
#281=CIRCLE('',#4424,47.5);
#282=CIRCLE('',#4426,47.5);
#283=CIRCLE('',#4435,9.55);
#284=CIRCLE('',#4436,24.55);
#285=CIRCLE('',#4437,24.55);
#286=CIRCLE('',#4438,24.55);
#287=CIRCLE('',#4440,24.55);
#288=CIRCLE('',#4441,24.55);
#289=CIRCLE('',#4444,2.5);
#290=CIRCLE('',#4445,2.5);
#291=CIRCLE('',#4447,2.5);
#292=CIRCLE('',#4448,2.5);
#293=CIRCLE('',#4450,2.5);
#294=CIRCLE('',#4451,2.5);
#295=CIRCLE('',#4453,2.5);
#296=CIRCLE('',#4454,2.5);
#297=CIRCLE('',#4456,2.5);
#298=CIRCLE('',#4457,2.5);
#299=CIRCLE('',#4459,2.5);
#300=CIRCLE('',#4460,2.5);
#301=CIRCLE('',#4462,47.5);
#302=CIRCLE('',#4463,47.5);
#303=CIRCLE('',#4464,47.5);
#304=CIRCLE('',#4465,47.5);
#305=CIRCLE('',#4466,47.5);
#306=CIRCLE('',#4467,47.5);
#307=CIRCLE('',#4468,47.5);
#308=CIRCLE('',#4469,47.5);
#309=CIRCLE('',#4470,47.5);
#310=CIRCLE('',#4471,47.5);
#311=CIRCLE('',#4472,47.5);
#312=CIRCLE('',#4473,47.5);
#313=CIRCLE('',#4474,47.5);
#314=CIRCLE('',#4475,47.5);
#315=CIRCLE('',#4502,16.5);
#316=CIRCLE('',#4516,16.5);
#317=CIRCLE('',#4518,45.);
#318=CIRCLE('',#4520,2.5);
#319=CIRCLE('',#4533,8.65);
#320=CIRCLE('',#4534,8.65);
#321=CIRCLE('',#4536,9.55);
#322=CIRCLE('',#4537,9.55);
#323=CIRCLE('',#4542,9.18014103100063);
#324=CIRCLE('',#4543,9.18014103100063);
#325=CIRCLE('',#4544,9.18014103100063);
#326=CIRCLE('',#4546,5.53947493122932);
#327=CIRCLE('',#4547,2.18768622813736);
#328=CIRCLE('',#4549,10.);
#329=CIRCLE('',#4550,10.);
#330=CIRCLE('',#4552,5.);
#331=CIRCLE('',#4553,19.5988165404226);
#332=CIRCLE('',#4554,27.25);
#333=CIRCLE('',#4555,19.7848633055411);
#334=CIRCLE('',#4556,27.25);
#335=CIRCLE('',#4558,21.5);
#336=CIRCLE('',#4559,24.5);
#337=CIRCLE('',#4568,99.9887493671163);
#338=CIRCLE('',#4569,11.9999999999999);
#339=CIRCLE('',#4570,100.);
#340=CIRCLE('',#4571,11.9999999999999);
#341=CIRCLE('',#4572,99.9887493671163);
#342=CIRCLE('',#4574,3.14483703870328);
#343=CIRCLE('',#4576,3.5);
#344=CIRCLE('',#4577,3.5);
#345=CIRCLE('',#4580,15.);
#346=CIRCLE('',#4588,8181.57109534844);
#347=CIRCLE('',#4600,15.);
#348=CIRCLE('',#4601,15.);
#349=CIRCLE('',#4604,15.);
#350=CIRCLE('',#4610,21.5);
#351=CYLINDRICAL_SURFACE('',#4291,15.);
#352=CYLINDRICAL_SURFACE('',#4301,16.5);
#353=CYLINDRICAL_SURFACE('',#4307,2.5);
#354=CYLINDRICAL_SURFACE('',#4309,2.5);
#355=CYLINDRICAL_SURFACE('',#4311,2.5);
#356=CYLINDRICAL_SURFACE('',#4314,2.5);
#357=CYLINDRICAL_SURFACE('',#4322,47.5);
#358=CYLINDRICAL_SURFACE('',#4329,47.5);
#359=CYLINDRICAL_SURFACE('',#4337,47.5);
#360=CYLINDRICAL_SURFACE('',#4342,47.5);
#361=CYLINDRICAL_SURFACE('',#4350,9.55);
#362=CYLINDRICAL_SURFACE('',#4352,2.5);
#363=CYLINDRICAL_SURFACE('',#4354,2.5);
#364=CYLINDRICAL_SURFACE('',#4356,2.5);
#365=CYLINDRICAL_SURFACE('',#4359,2.5);
#366=CYLINDRICAL_SURFACE('',#4367,47.5);
#367=CYLINDRICAL_SURFACE('',#4374,47.5);
#368=CYLINDRICAL_SURFACE('',#4381,47.5);
#369=CYLINDRICAL_SURFACE('',#4384,47.5);
#370=CYLINDRICAL_SURFACE('',#4392,9.55);
#371=CYLINDRICAL_SURFACE('',#4397,2.5);
#372=CYLINDRICAL_SURFACE('',#4399,2.5);
#373=CYLINDRICAL_SURFACE('',#4401,2.5);
#374=CYLINDRICAL_SURFACE('',#4404,2.5);
#375=CYLINDRICAL_SURFACE('',#4412,47.5);
#376=CYLINDRICAL_SURFACE('',#4419,47.5);
#377=CYLINDRICAL_SURFACE('',#4423,47.5);
#378=CYLINDRICAL_SURFACE('',#4428,47.5);
#379=CYLINDRICAL_SURFACE('',#4434,9.55);
#380=CYLINDRICAL_SURFACE('',#4443,2.5);
#381=CYLINDRICAL_SURFACE('',#4446,2.5);
#382=CYLINDRICAL_SURFACE('',#4449,2.5);
#383=CYLINDRICAL_SURFACE('',#4452,2.5);
#384=CYLINDRICAL_SURFACE('',#4455,2.5);
#385=CYLINDRICAL_SURFACE('',#4458,2.5);
#386=CYLINDRICAL_SURFACE('',#4461,47.5);
#387=CYLINDRICAL_SURFACE('',#4515,16.5);
#388=CYLINDRICAL_SURFACE('',#4532,8.65);
#389=CYLINDRICAL_SURFACE('',#4535,9.55);
#390=CYLINDRICAL_SURFACE('',#4541,9.18014103100063);
#391=CYLINDRICAL_SURFACE('',#4548,10.);
#392=CYLINDRICAL_SURFACE('',#4560,27.25);
#393=CYLINDRICAL_SURFACE('',#4562,27.25);
#394=CYLINDRICAL_SURFACE('',#4564,1.5);
#395=CYLINDRICAL_SURFACE('',#4575,3.5);
#396=CYLINDRICAL_SURFACE('',#4587,11.9999999999999);
#397=CYLINDRICAL_SURFACE('',#4590,11.9999999999999);
#398=CYLINDRICAL_SURFACE('',#4593,10.);
#399=CYLINDRICAL_SURFACE('',#4595,10.);
#400=CYLINDRICAL_SURFACE('',#4599,15.);
#401=CYLINDRICAL_SURFACE('',#4605,15.);
#402=CYLINDRICAL_SURFACE('',#4609,21.5);
#403=FACE_BOUND('',#683,.T.);
#404=FACE_BOUND('',#690,.T.);
#405=FACE_BOUND('',#699,.T.);
#406=FACE_BOUND('',#701,.T.);
#407=FACE_BOUND('',#725,.T.);
#408=FACE_BOUND('',#726,.T.);
#409=FACE_BOUND('',#728,.T.);
#410=FACE_BOUND('',#729,.T.);
#411=FACE_BOUND('',#733,.T.);
#412=FACE_BOUND('',#734,.T.);
#413=FACE_BOUND('',#736,.T.);
#414=FACE_BOUND('',#741,.T.);
#415=FACE_BOUND('',#742,.T.);
#416=FACE_BOUND('',#762,.T.);
#417=FACE_BOUND('',#763,.T.);
#418=FACE_BOUND('',#767,.T.);
#419=FACE_BOUND('',#768,.T.);
#420=FACE_BOUND('',#772,.T.);
#421=FACE_BOUND('',#773,.T.);
#422=FACE_BOUND('',#776,.T.);
#423=FACE_BOUND('',#786,.T.);
#424=FACE_BOUND('',#787,.T.);
#425=FACE_BOUND('',#808,.T.);
#426=FACE_BOUND('',#809,.T.);
#427=FACE_BOUND('',#816,.T.);
#428=FACE_BOUND('',#817,.T.);
#429=FACE_BOUND('',#820,.T.);
#430=FACE_BOUND('',#821,.T.);
#431=FACE_BOUND('',#831,.T.);
#432=FACE_BOUND('',#834,.T.);
#433=FACE_BOUND('',#835,.T.);
#434=FACE_BOUND('',#845,.T.);
#435=FACE_BOUND('',#846,.T.);
#436=FACE_BOUND('',#847,.T.);
#437=FACE_BOUND('',#848,.T.);
#438=FACE_BOUND('',#849,.T.);
#439=FACE_BOUND('',#850,.T.);
#440=FACE_BOUND('',#876,.T.);
#441=FACE_BOUND('',#891,.T.);
#442=FACE_BOUND('',#892,.T.);
#443=FACE_BOUND('',#893,.T.);
#444=FACE_BOUND('',#894,.T.);
#445=FACE_BOUND('',#895,.T.);
#446=FACE_BOUND('',#896,.T.);
#447=FACE_BOUND('',#897,.T.);
#448=FACE_BOUND('',#898,.T.);
#449=FACE_BOUND('',#899,.T.);
#450=FACE_BOUND('',#900,.T.);
#451=FACE_BOUND('',#915,.T.);
#452=FACE_BOUND('',#917,.T.);
#453=FACE_BOUND('',#930,.T.);
#454=FACE_BOUND('',#937,.T.);
#455=FACE_BOUND('',#939,.T.);
#456=FACE_BOUND('',#958,.T.);
#457=FACE_BOUND('',#960,.T.);
#458=FACE_OUTER_BOUND('',#682,.T.);
#459=FACE_OUTER_BOUND('',#684,.T.);
#460=FACE_OUTER_BOUND('',#685,.T.);
#461=FACE_OUTER_BOUND('',#686,.T.);
#462=FACE_OUTER_BOUND('',#687,.T.);
#463=FACE_OUTER_BOUND('',#688,.T.);
#464=FACE_OUTER_BOUND('',#689,.T.);
#465=FACE_OUTER_BOUND('',#691,.T.);
#466=FACE_OUTER_BOUND('',#692,.T.);
#467=FACE_OUTER_BOUND('',#693,.T.);
#468=FACE_OUTER_BOUND('',#694,.T.);
#469=FACE_OUTER_BOUND('',#695,.T.);
#470=FACE_OUTER_BOUND('',#696,.T.);
#471=FACE_OUTER_BOUND('',#697,.T.);
#472=FACE_OUTER_BOUND('',#698,.T.);
#473=FACE_OUTER_BOUND('',#700,.T.);
#474=FACE_OUTER_BOUND('',#702,.T.);
#475=FACE_OUTER_BOUND('',#703,.T.);
#476=FACE_OUTER_BOUND('',#704,.T.);
#477=FACE_OUTER_BOUND('',#705,.T.);
#478=FACE_OUTER_BOUND('',#706,.T.);
#479=FACE_OUTER_BOUND('',#707,.T.);
#480=FACE_OUTER_BOUND('',#708,.T.);
#481=FACE_OUTER_BOUND('',#709,.T.);
#482=FACE_OUTER_BOUND('',#710,.T.);
#483=FACE_OUTER_BOUND('',#711,.T.);
#484=FACE_OUTER_BOUND('',#712,.T.);
#485=FACE_OUTER_BOUND('',#713,.T.);
#486=FACE_OUTER_BOUND('',#714,.T.);
#487=FACE_OUTER_BOUND('',#715,.T.);
#488=FACE_OUTER_BOUND('',#716,.T.);
#489=FACE_OUTER_BOUND('',#717,.T.);
#490=FACE_OUTER_BOUND('',#718,.T.);
#491=FACE_OUTER_BOUND('',#719,.T.);
#492=FACE_OUTER_BOUND('',#720,.T.);
#493=FACE_OUTER_BOUND('',#721,.T.);
#494=FACE_OUTER_BOUND('',#722,.T.);
#495=FACE_OUTER_BOUND('',#723,.T.);
#496=FACE_OUTER_BOUND('',#724,.T.);
#497=FACE_OUTER_BOUND('',#727,.T.);
#498=FACE_OUTER_BOUND('',#730,.T.);
#499=FACE_OUTER_BOUND('',#731,.T.);
#500=FACE_OUTER_BOUND('',#732,.T.);
#501=FACE_OUTER_BOUND('',#735,.T.);
#502=FACE_OUTER_BOUND('',#737,.T.);
#503=FACE_OUTER_BOUND('',#738,.T.);
#504=FACE_OUTER_BOUND('',#739,.T.);
#505=FACE_OUTER_BOUND('',#740,.T.);
#506=FACE_OUTER_BOUND('',#743,.T.);
#507=FACE_OUTER_BOUND('',#744,.T.);
#508=FACE_OUTER_BOUND('',#745,.T.);
#509=FACE_OUTER_BOUND('',#746,.T.);
#510=FACE_OUTER_BOUND('',#747,.T.);
#511=FACE_OUTER_BOUND('',#748,.T.);
#512=FACE_OUTER_BOUND('',#749,.T.);
#513=FACE_OUTER_BOUND('',#750,.T.);
#514=FACE_OUTER_BOUND('',#751,.T.);
#515=FACE_OUTER_BOUND('',#752,.T.);
#516=FACE_OUTER_BOUND('',#753,.T.);
#517=FACE_OUTER_BOUND('',#754,.T.);
#518=FACE_OUTER_BOUND('',#755,.T.);
#519=FACE_OUTER_BOUND('',#756,.T.);
#520=FACE_OUTER_BOUND('',#757,.T.);
#521=FACE_OUTER_BOUND('',#758,.T.);
#522=FACE_OUTER_BOUND('',#759,.T.);
#523=FACE_OUTER_BOUND('',#760,.T.);
#524=FACE_OUTER_BOUND('',#761,.T.);
#525=FACE_OUTER_BOUND('',#764,.T.);
#526=FACE_OUTER_BOUND('',#765,.T.);
#527=FACE_OUTER_BOUND('',#766,.T.);
#528=FACE_OUTER_BOUND('',#769,.T.);
#529=FACE_OUTER_BOUND('',#770,.T.);
#530=FACE_OUTER_BOUND('',#771,.T.);
#531=FACE_OUTER_BOUND('',#774,.T.);
#532=FACE_OUTER_BOUND('',#775,.T.);
#533=FACE_OUTER_BOUND('',#777,.T.);
#534=FACE_OUTER_BOUND('',#778,.T.);
#535=FACE_OUTER_BOUND('',#779,.T.);
#536=FACE_OUTER_BOUND('',#780,.T.);
#537=FACE_OUTER_BOUND('',#781,.T.);
#538=FACE_OUTER_BOUND('',#782,.T.);
#539=FACE_OUTER_BOUND('',#783,.T.);
#540=FACE_OUTER_BOUND('',#784,.T.);
#541=FACE_OUTER_BOUND('',#785,.T.);
#542=FACE_OUTER_BOUND('',#788,.T.);
#543=FACE_OUTER_BOUND('',#789,.T.);
#544=FACE_OUTER_BOUND('',#790,.T.);
#545=FACE_OUTER_BOUND('',#791,.T.);
#546=FACE_OUTER_BOUND('',#792,.T.);
#547=FACE_OUTER_BOUND('',#793,.T.);
#548=FACE_OUTER_BOUND('',#794,.T.);
#549=FACE_OUTER_BOUND('',#795,.T.);
#550=FACE_OUTER_BOUND('',#796,.T.);
#551=FACE_OUTER_BOUND('',#797,.T.);
#552=FACE_OUTER_BOUND('',#798,.T.);
#553=FACE_OUTER_BOUND('',#799,.T.);
#554=FACE_OUTER_BOUND('',#800,.T.);
#555=FACE_OUTER_BOUND('',#801,.T.);
#556=FACE_OUTER_BOUND('',#802,.T.);
#557=FACE_OUTER_BOUND('',#803,.T.);
#558=FACE_OUTER_BOUND('',#804,.T.);
#559=FACE_OUTER_BOUND('',#805,.T.);
#560=FACE_OUTER_BOUND('',#806,.T.);
#561=FACE_OUTER_BOUND('',#807,.T.);
#562=FACE_OUTER_BOUND('',#810,.T.);
#563=FACE_OUTER_BOUND('',#811,.T.);
#564=FACE_OUTER_BOUND('',#812,.T.);
#565=FACE_OUTER_BOUND('',#813,.T.);
#566=FACE_OUTER_BOUND('',#814,.T.);
#567=FACE_OUTER_BOUND('',#815,.T.);
#568=FACE_OUTER_BOUND('',#818,.T.);
#569=FACE_OUTER_BOUND('',#819,.T.);
#570=FACE_OUTER_BOUND('',#822,.T.);
#571=FACE_OUTER_BOUND('',#823,.T.);
#572=FACE_OUTER_BOUND('',#824,.T.);
#573=FACE_OUTER_BOUND('',#825,.T.);
#574=FACE_OUTER_BOUND('',#826,.T.);
#575=FACE_OUTER_BOUND('',#827,.T.);
#576=FACE_OUTER_BOUND('',#828,.T.);
#577=FACE_OUTER_BOUND('',#829,.T.);
#578=FACE_OUTER_BOUND('',#830,.T.);
#579=FACE_OUTER_BOUND('',#832,.T.);
#580=FACE_OUTER_BOUND('',#833,.T.);
#581=FACE_OUTER_BOUND('',#836,.T.);
#582=FACE_OUTER_BOUND('',#837,.T.);
#583=FACE_OUTER_BOUND('',#838,.T.);
#584=FACE_OUTER_BOUND('',#839,.T.);
#585=FACE_OUTER_BOUND('',#840,.T.);
#586=FACE_OUTER_BOUND('',#841,.T.);
#587=FACE_OUTER_BOUND('',#842,.T.);
#588=FACE_OUTER_BOUND('',#843,.T.);
#589=FACE_OUTER_BOUND('',#844,.T.);
#590=FACE_OUTER_BOUND('',#851,.T.);
#591=FACE_OUTER_BOUND('',#852,.T.);
#592=FACE_OUTER_BOUND('',#853,.T.);
#593=FACE_OUTER_BOUND('',#854,.T.);
#594=FACE_OUTER_BOUND('',#855,.T.);
#595=FACE_OUTER_BOUND('',#856,.T.);
#596=FACE_OUTER_BOUND('',#857,.T.);
#597=FACE_OUTER_BOUND('',#858,.T.);
#598=FACE_OUTER_BOUND('',#859,.T.);
#599=FACE_OUTER_BOUND('',#860,.T.);
#600=FACE_OUTER_BOUND('',#861,.T.);
#601=FACE_OUTER_BOUND('',#862,.T.);
#602=FACE_OUTER_BOUND('',#863,.T.);
#603=FACE_OUTER_BOUND('',#864,.T.);
#604=FACE_OUTER_BOUND('',#865,.T.);
#605=FACE_OUTER_BOUND('',#866,.T.);
#606=FACE_OUTER_BOUND('',#867,.T.);
#607=FACE_OUTER_BOUND('',#868,.T.);
#608=FACE_OUTER_BOUND('',#869,.T.);
#609=FACE_OUTER_BOUND('',#870,.T.);
#610=FACE_OUTER_BOUND('',#871,.T.);
#611=FACE_OUTER_BOUND('',#872,.T.);
#612=FACE_OUTER_BOUND('',#873,.T.);
#613=FACE_OUTER_BOUND('',#874,.T.);
#614=FACE_OUTER_BOUND('',#875,.T.);
#615=FACE_OUTER_BOUND('',#877,.T.);
#616=FACE_OUTER_BOUND('',#878,.T.);
#617=FACE_OUTER_BOUND('',#879,.T.);
#618=FACE_OUTER_BOUND('',#880,.T.);
#619=FACE_OUTER_BOUND('',#881,.T.);
#620=FACE_OUTER_BOUND('',#882,.T.);
#621=FACE_OUTER_BOUND('',#883,.T.);
#622=FACE_OUTER_BOUND('',#884,.T.);
#623=FACE_OUTER_BOUND('',#885,.T.);
#624=FACE_OUTER_BOUND('',#886,.T.);
#625=FACE_OUTER_BOUND('',#887,.T.);
#626=FACE_OUTER_BOUND('',#888,.T.);
#627=FACE_OUTER_BOUND('',#889,.T.);
#628=FACE_OUTER_BOUND('',#890,.T.);
#629=FACE_OUTER_BOUND('',#901,.T.);
#630=FACE_OUTER_BOUND('',#902,.T.);
#631=FACE_OUTER_BOUND('',#903,.T.);
#632=FACE_OUTER_BOUND('',#904,.T.);
#633=FACE_OUTER_BOUND('',#905,.T.);
#634=FACE_OUTER_BOUND('',#906,.T.);
#635=FACE_OUTER_BOUND('',#907,.T.);
#636=FACE_OUTER_BOUND('',#908,.T.);
#637=FACE_OUTER_BOUND('',#909,.T.);
#638=FACE_OUTER_BOUND('',#910,.T.);
#639=FACE_OUTER_BOUND('',#911,.T.);
#640=FACE_OUTER_BOUND('',#912,.T.);
#641=FACE_OUTER_BOUND('',#913,.T.);
#642=FACE_OUTER_BOUND('',#914,.T.);
#643=FACE_OUTER_BOUND('',#916,.T.);
#644=FACE_OUTER_BOUND('',#918,.T.);
#645=FACE_OUTER_BOUND('',#919,.T.);
#646=FACE_OUTER_BOUND('',#920,.T.);
#647=FACE_OUTER_BOUND('',#921,.T.);
#648=FACE_OUTER_BOUND('',#922,.T.);
#649=FACE_OUTER_BOUND('',#923,.T.);
#650=FACE_OUTER_BOUND('',#924,.T.);
#651=FACE_OUTER_BOUND('',#925,.T.);
#652=FACE_OUTER_BOUND('',#926,.T.);
#653=FACE_OUTER_BOUND('',#927,.T.);
#654=FACE_OUTER_BOUND('',#928,.T.);
#655=FACE_OUTER_BOUND('',#929,.T.);
#656=FACE_OUTER_BOUND('',#931,.T.);
#657=FACE_OUTER_BOUND('',#932,.T.);
#658=FACE_OUTER_BOUND('',#933,.T.);
#659=FACE_OUTER_BOUND('',#934,.T.);
#660=FACE_OUTER_BOUND('',#935,.T.);
#661=FACE_OUTER_BOUND('',#936,.T.);
#662=FACE_OUTER_BOUND('',#938,.T.);
#663=FACE_OUTER_BOUND('',#940,.T.);
#664=FACE_OUTER_BOUND('',#941,.T.);
#665=FACE_OUTER_BOUND('',#942,.T.);
#666=FACE_OUTER_BOUND('',#943,.T.);
#667=FACE_OUTER_BOUND('',#944,.T.);
#668=FACE_OUTER_BOUND('',#945,.T.);
#669=FACE_OUTER_BOUND('',#946,.T.);
#670=FACE_OUTER_BOUND('',#947,.T.);
#671=FACE_OUTER_BOUND('',#948,.T.);
#672=FACE_OUTER_BOUND('',#949,.T.);
#673=FACE_OUTER_BOUND('',#950,.T.);
#674=FACE_OUTER_BOUND('',#951,.T.);
#675=FACE_OUTER_BOUND('',#952,.T.);
#676=FACE_OUTER_BOUND('',#953,.T.);
#677=FACE_OUTER_BOUND('',#954,.T.);
#678=FACE_OUTER_BOUND('',#955,.T.);
#679=FACE_OUTER_BOUND('',#956,.T.);
#680=FACE_OUTER_BOUND('',#957,.T.);
#681=FACE_OUTER_BOUND('',#959,.T.);
#682=EDGE_LOOP('',(#2666,#2667,#2668,#2669,#2670,#2671));
#683=EDGE_LOOP('',(#2672,#2673,#2674,#2675));
#684=EDGE_LOOP('',(#2676,#2677,#2678,#2679));
#685=EDGE_LOOP('',(#2680,#2681,#2682,#2683));
#686=EDGE_LOOP('',(#2684,#2685,#2686,#2687));
#687=EDGE_LOOP('',(#2688,#2689,#2690,#2691));
#688=EDGE_LOOP('',(#2692,#2693,#2694,#2695));
#689=EDGE_LOOP('',(#2696));
#690=EDGE_LOOP('',(#2697,#2698,#2699,#2700));
#691=EDGE_LOOP('',(#2701,#2702,#2703,#2704));
#692=EDGE_LOOP('',(#2705,#2706,#2707,#2708));
#693=EDGE_LOOP('',(#2709,#2710,#2711,#2712));
#694=EDGE_LOOP('',(#2713,#2714,#2715,#2716));
#695=EDGE_LOOP('',(#2717,#2718,#2719,#2720));
#696=EDGE_LOOP('',(#2721,#2722,#2723,#2724));
#697=EDGE_LOOP('',(#2725,#2726,#2727,#2728));
#698=EDGE_LOOP('',(#2729));
#699=EDGE_LOOP('',(#2730));
#700=EDGE_LOOP('',(#2731));
#701=EDGE_LOOP('',(#2732,#2733,#2734,#2735,#2736,#2737));
#702=EDGE_LOOP('',(#2738,#2739,#2740,#2741,#2742));
#703=EDGE_LOOP('',(#2743,#2744,#2745,#2746,#2747));
#704=EDGE_LOOP('',(#2748,#2749,#2750,#2751));
#705=EDGE_LOOP('',(#2752,#2753,#2754,#2755));
#706=EDGE_LOOP('',(#2756,#2757,#2758,#2759));
#707=EDGE_LOOP('',(#2760,#2761,#2762,#2763));
#708=EDGE_LOOP('',(#2764,#2765,#2766,#2767));
#709=EDGE_LOOP('',(#2768,#2769,#2770,#2771,#2772));
#710=EDGE_LOOP('',(#2773,#2774,#2775));
#711=EDGE_LOOP('',(#2776,#2777,#2778,#2779,#2780));
#712=EDGE_LOOP('',(#2781,#2782,#2783,#2784));
#713=EDGE_LOOP('',(#2785,#2786,#2787,#2788));
#714=EDGE_LOOP('',(#2789,#2790,#2791,#2792));
#715=EDGE_LOOP('',(#2793,#2794,#2795,#2796,#2797,#2798,#2799,#2800,#2801,
#2802,#2803,#2804,#2805,#2806,#2807,#2808,#2809,#2810,#2811));
#716=EDGE_LOOP('',(#2812,#2813,#2814,#2815,#2816));
#717=EDGE_LOOP('',(#2817,#2818,#2819,#2820));
#718=EDGE_LOOP('',(#2821,#2822,#2823,#2824,#2825));
#719=EDGE_LOOP('',(#2826,#2827,#2828,#2829));
#720=EDGE_LOOP('',(#2830,#2831,#2832,#2833,#2834));
#721=EDGE_LOOP('',(#2835,#2836,#2837,#2838));
#722=EDGE_LOOP('',(#2839,#2840,#2841,#2842,#2843,#2844,#2845));
#723=EDGE_LOOP('',(#2846,#2847,#2848));
#724=EDGE_LOOP('',(#2849,#2850,#2851,#2852,#2853,#2854,#2855,#2856,#2857,
#2858,#2859,#2860,#2861));
#725=EDGE_LOOP('',(#2862));
#726=EDGE_LOOP('',(#2863));
#727=EDGE_LOOP('',(#2864,#2865,#2866,#2867));
#728=EDGE_LOOP('',(#2868));
#729=EDGE_LOOP('',(#2869));
#730=EDGE_LOOP('',(#2870,#2871,#2872));
#731=EDGE_LOOP('',(#2873,#2874,#2875,#2876));
#732=EDGE_LOOP('',(#2877,#2878,#2879,#2880,#2881,#2882,#2883));
#733=EDGE_LOOP('',(#2884));
#734=EDGE_LOOP('',(#2885));
#735=EDGE_LOOP('',(#2886,#2887,#2888,#2889,#2890,#2891));
#736=EDGE_LOOP('',(#2892,#2893,#2894,#2895));
#737=EDGE_LOOP('',(#2896,#2897,#2898,#2899,#2900));
#738=EDGE_LOOP('',(#2901,#2902,#2903,#2904,#2905,#2906,#2907,#2908,#2909));
#739=EDGE_LOOP('',(#2910,#2911,#2912,#2913));
#740=EDGE_LOOP('',(#2914,#2915,#2916,#2917,#2918,#2919,#2920,#2921,#2922));
#741=EDGE_LOOP('',(#2923,#2924));
#742=EDGE_LOOP('',(#2925,#2926));
#743=EDGE_LOOP('',(#2927,#2928,#2929,#2930,#2931));
#744=EDGE_LOOP('',(#2932,#2933,#2934,#2935));
#745=EDGE_LOOP('',(#2936,#2937,#2938,#2939,#2940));
#746=EDGE_LOOP('',(#2941,#2942,#2943,#2944,#2945,#2946,#2947));
#747=EDGE_LOOP('',(#2948,#2949,#2950,#2951,#2952));
#748=EDGE_LOOP('',(#2953,#2954,#2955,#2956,#2957));
#749=EDGE_LOOP('',(#2958,#2959,#2960,#2961));
#750=EDGE_LOOP('',(#2962,#2963,#2964,#2965));
#751=EDGE_LOOP('',(#2966,#2967,#2968,#2969));
#752=EDGE_LOOP('',(#2970,#2971,#2972,#2973));
#753=EDGE_LOOP('',(#2974,#2975,#2976,#2977));
#754=EDGE_LOOP('',(#2978,#2979,#2980,#2981,#2982));
#755=EDGE_LOOP('',(#2983,#2984,#2985));
#756=EDGE_LOOP('',(#2986,#2987,#2988,#2989,#2990));
#757=EDGE_LOOP('',(#2991,#2992,#2993,#2994));
#758=EDGE_LOOP('',(#2995,#2996,#2997,#2998));
#759=EDGE_LOOP('',(#2999,#3000,#3001,#3002));
#760=EDGE_LOOP('',(#3003,#3004,#3005,#3006,#3007,#3008,#3009,#3010,#3011,
#3012,#3013,#3014,#3015,#3016,#3017,#3018,#3019,#3020));
#761=EDGE_LOOP('',(#3021,#3022,#3023,#3024,#3025,#3026,#3027,#3028,#3029,
#3030,#3031,#3032,#3033));
#762=EDGE_LOOP('',(#3034));
#763=EDGE_LOOP('',(#3035));
#764=EDGE_LOOP('',(#3036,#3037));
#765=EDGE_LOOP('',(#3038,#3039,#3040,#3041,#3042,#3043,#3044));
#766=EDGE_LOOP('',(#3045,#3046,#3047,#3048,#3049,#3050,#3051));
#767=EDGE_LOOP('',(#3052));
#768=EDGE_LOOP('',(#3053));
#769=EDGE_LOOP('',(#3054,#3055,#3056));
#770=EDGE_LOOP('',(#3057,#3058,#3059,#3060,#3061));
#771=EDGE_LOOP('',(#3062,#3063,#3064,#3065,#3066,#3067,#3068,#3069));
#772=EDGE_LOOP('',(#3070,#3071));
#773=EDGE_LOOP('',(#3072,#3073));
#774=EDGE_LOOP('',(#3074,#3075,#3076,#3077));
#775=EDGE_LOOP('',(#3078,#3079,#3080,#3081,#3082,#3083));
#776=EDGE_LOOP('',(#3084,#3085,#3086,#3087));
#777=EDGE_LOOP('',(#3088,#3089,#3090,#3091,#3092));
#778=EDGE_LOOP('',(#3093,#3094,#3095,#3096));
#779=EDGE_LOOP('',(#3097,#3098,#3099,#3100));
#780=EDGE_LOOP('',(#3101,#3102,#3103,#3104,#3105));
#781=EDGE_LOOP('',(#3106,#3107,#3108,#3109,#3110));
#782=EDGE_LOOP('',(#3111,#3112,#3113,#3114,#3115));
#783=EDGE_LOOP('',(#3116,#3117,#3118,#3119,#3120,#3121,#3122,#3123));
#784=EDGE_LOOP('',(#3124,#3125,#3126,#3127));
#785=EDGE_LOOP('',(#3128,#3129,#3130,#3131));
#786=EDGE_LOOP('',(#3132));
#787=EDGE_LOOP('',(#3133));
#788=EDGE_LOOP('',(#3134,#3135,#3136,#3137));
#789=EDGE_LOOP('',(#3138,#3139,#3140,#3141,#3142));
#790=EDGE_LOOP('',(#3143,#3144,#3145,#3146));
#791=EDGE_LOOP('',(#3147,#3148,#3149,#3150,#3151,#3152,#3153));
#792=EDGE_LOOP('',(#3154,#3155,#3156,#3157,#3158));
#793=EDGE_LOOP('',(#3159,#3160,#3161,#3162,#3163));
#794=EDGE_LOOP('',(#3164,#3165,#3166,#3167));
#795=EDGE_LOOP('',(#3168,#3169,#3170,#3171));
#796=EDGE_LOOP('',(#3172,#3173,#3174,#3175));
#797=EDGE_LOOP('',(#3176,#3177,#3178,#3179));
#798=EDGE_LOOP('',(#3180,#3181,#3182,#3183));
#799=EDGE_LOOP('',(#3184,#3185,#3186,#3187,#3188));
#800=EDGE_LOOP('',(#3189,#3190,#3191));
#801=EDGE_LOOP('',(#3192,#3193,#3194,#3195,#3196));
#802=EDGE_LOOP('',(#3197,#3198,#3199,#3200));
#803=EDGE_LOOP('',(#3201,#3202,#3203,#3204));
#804=EDGE_LOOP('',(#3205,#3206,#3207,#3208));
#805=EDGE_LOOP('',(#3209,#3210,#3211,#3212,#3213,#3214,#3215,#3216,#3217,
#3218,#3219,#3220,#3221,#3222,#3223,#3224,#3225,#3226));
#806=EDGE_LOOP('',(#3227,#3228));
#807=EDGE_LOOP('',(#3229,#3230,#3231,#3232,#3233,#3234,#3235,#3236,#3237,
#3238,#3239,#3240,#3241));
#808=EDGE_LOOP('',(#3242));
#809=EDGE_LOOP('',(#3243));
#810=EDGE_LOOP('',(#3244,#3245,#3246,#3247,#3248,#3249,#3250));
#811=EDGE_LOOP('',(#3251,#3252,#3253,#3254,#3255));
#812=EDGE_LOOP('',(#3256,#3257,#3258));
#813=EDGE_LOOP('',(#3259,#3260,#3261,#3262,#3263,#3264,#3265));
#814=EDGE_LOOP('',(#3266,#3267,#3268,#3269,#3270));
#815=EDGE_LOOP('',(#3271,#3272,#3273,#3274,#3275,#3276,#3277));
#816=EDGE_LOOP('',(#3278));
#817=EDGE_LOOP('',(#3279));
#818=EDGE_LOOP('',(#3280,#3281,#3282,#3283));
#819=EDGE_LOOP('',(#3284,#3285,#3286,#3287));
#820=EDGE_LOOP('',(#3288));
#821=EDGE_LOOP('',(#3289));
#822=EDGE_LOOP('',(#3290,#3291,#3292,#3293));
#823=EDGE_LOOP('',(#3294,#3295,#3296,#3297,#3298,#3299,#3300,#3301));
#824=EDGE_LOOP('',(#3302,#3303,#3304,#3305,#3306));
#825=EDGE_LOOP('',(#3307,#3308,#3309,#3310,#3311));
#826=EDGE_LOOP('',(#3312,#3313,#3314,#3315,#3316));
#827=EDGE_LOOP('',(#3317,#3318,#3319,#3320));
#828=EDGE_LOOP('',(#3321,#3322,#3323,#3324));
#829=EDGE_LOOP('',(#3325,#3326,#3327,#3328));
#830=EDGE_LOOP('',(#3329,#3330,#3331,#3332,#3333,#3334));
#831=EDGE_LOOP('',(#3335,#3336,#3337,#3338));
#832=EDGE_LOOP('',(#3339,#3340,#3341,#3342));
#833=EDGE_LOOP('',(#3343,#3344,#3345,#3346,#3347,#3348,#3349,#3350));
#834=EDGE_LOOP('',(#3351,#3352));
#835=EDGE_LOOP('',(#3353,#3354));
#836=EDGE_LOOP('',(#3355,#3356,#3357,#3358,#3359));
#837=EDGE_LOOP('',(#3360,#3361,#3362,#3363));
#838=EDGE_LOOP('',(#3364,#3365,#3366,#3367));
#839=EDGE_LOOP('',(#3368,#3369,#3370,#3371));
#840=EDGE_LOOP('',(#3372,#3373,#3374,#3375));
#841=EDGE_LOOP('',(#3376,#3377,#3378,#3379));
#842=EDGE_LOOP('',(#3380,#3381,#3382,#3383));
#843=EDGE_LOOP('',(#3384,#3385,#3386,#3387,#3388,#3389,#3390,#3391,#3392,
#3393,#3394,#3395,#3396,#3397,#3398,#3399,#3400,#3401,#3402,#3403,#3404,
#3405,#3406,#3407,#3408,#3409,#3410,#3411));
#844=EDGE_LOOP('',(#3412,#3413,#3414,#3415,#3416,#3417,#3418,#3419,#3420,
#3421,#3422,#3423,#3424,#3425,#3426,#3427,#3428,#3429,#3430,#3431,#3432,
#3433,#3434,#3435,#3436));
#845=EDGE_LOOP('',(#3437));
#846=EDGE_LOOP('',(#3438));
#847=EDGE_LOOP('',(#3439));
#848=EDGE_LOOP('',(#3440));
#849=EDGE_LOOP('',(#3441));
#850=EDGE_LOOP('',(#3442));
#851=EDGE_LOOP('',(#3443,#3444,#3445,#3446));
#852=EDGE_LOOP('',(#3447,#3448,#3449,#3450));
#853=EDGE_LOOP('',(#3451,#3452,#3453,#3454));
#854=EDGE_LOOP('',(#3455,#3456,#3457,#3458));
#855=EDGE_LOOP('',(#3459,#3460,#3461,#3462));
#856=EDGE_LOOP('',(#3463,#3464,#3465,#3466));
#857=EDGE_LOOP('',(#3467,#3468,#3469,#3470));
#858=EDGE_LOOP('',(#3471,#3472,#3473,#3474));
#859=EDGE_LOOP('',(#3475,#3476,#3477,#3478));
#860=EDGE_LOOP('',(#3479,#3480,#3481,#3482));
#861=EDGE_LOOP('',(#3483,#3484,#3485,#3486));
#862=EDGE_LOOP('',(#3487,#3488,#3489,#3490));
#863=EDGE_LOOP('',(#3491,#3492,#3493,#3494));
#864=EDGE_LOOP('',(#3495,#3496,#3497,#3498));
#865=EDGE_LOOP('',(#3499,#3500,#3501,#3502));
#866=EDGE_LOOP('',(#3503,#3504,#3505,#3506));
#867=EDGE_LOOP('',(#3507,#3508,#3509,#3510));
#868=EDGE_LOOP('',(#3511,#3512,#3513,#3514));
#869=EDGE_LOOP('',(#3515,#3516,#3517,#3518));
#870=EDGE_LOOP('',(#3519,#3520,#3521,#3522));
#871=EDGE_LOOP('',(#3523,#3524,#3525,#3526));
#872=EDGE_LOOP('',(#3527,#3528,#3529,#3530));
#873=EDGE_LOOP('',(#3531,#3532,#3533,#3534));
#874=EDGE_LOOP('',(#3535,#3536,#3537,#3538));
#875=EDGE_LOOP('',(#3539));
#876=EDGE_LOOP('',(#3540,#3541,#3542,#3543,#3544,#3545));
#877=EDGE_LOOP('',(#3546,#3547,#3548,#3549));
#878=EDGE_LOOP('',(#3550,#3551,#3552,#3553));
#879=EDGE_LOOP('',(#3554,#3555,#3556,#3557));
#880=EDGE_LOOP('',(#3558,#3559,#3560,#3561));
#881=EDGE_LOOP('',(#3562,#3563,#3564,#3565));
#882=EDGE_LOOP('',(#3566,#3567,#3568,#3569));
#883=EDGE_LOOP('',(#3570,#3571,#3572,#3573,#3574,#3575));
#884=EDGE_LOOP('',(#3576,#3577,#3578,#3579));
#885=EDGE_LOOP('',(#3580,#3581,#3582,#3583));
#886=EDGE_LOOP('',(#3584,#3585,#3586,#3587));
#887=EDGE_LOOP('',(#3588,#3589,#3590,#3591));
#888=EDGE_LOOP('',(#3592,#3593,#3594,#3595));
#889=EDGE_LOOP('',(#3596,#3597,#3598,#3599));
#890=EDGE_LOOP('',(#3600));
#891=EDGE_LOOP('',(#3601,#3602,#3603,#3604));
#892=EDGE_LOOP('',(#3605,#3606,#3607,#3608));
#893=EDGE_LOOP('',(#3609,#3610,#3611,#3612));
#894=EDGE_LOOP('',(#3613));
#895=EDGE_LOOP('',(#3614));
#896=EDGE_LOOP('',(#3615));
#897=EDGE_LOOP('',(#3616));
#898=EDGE_LOOP('',(#3617));
#899=EDGE_LOOP('',(#3618));
#900=EDGE_LOOP('',(#3619));
#901=EDGE_LOOP('',(#3620,#3621,#3622,#3623));
#902=EDGE_LOOP('',(#3624,#3625,#3626,#3627));
#903=EDGE_LOOP('',(#3628,#3629,#3630,#3631));
#904=EDGE_LOOP('',(#3632,#3633,#3634,#3635));
#905=EDGE_LOOP('',(#3636,#3637,#3638,#3639));
#906=EDGE_LOOP('',(#3640,#3641,#3642,#3643));
#907=EDGE_LOOP('',(#3644,#3645,#3646,#3647));
#908=EDGE_LOOP('',(#3648,#3649,#3650,#3651));
#909=EDGE_LOOP('',(#3652,#3653,#3654,#3655));
#910=EDGE_LOOP('',(#3656,#3657,#3658,#3659));
#911=EDGE_LOOP('',(#3660,#3661,#3662,#3663));
#912=EDGE_LOOP('',(#3664,#3665,#3666,#3667));
#913=EDGE_LOOP('',(#3668,#3669,#3670,#3671));
#914=EDGE_LOOP('',(#3672));
#915=EDGE_LOOP('',(#3673));
#916=EDGE_LOOP('',(#3674));
#917=EDGE_LOOP('',(#3675));
#918=EDGE_LOOP('',(#3676,#3677,#3678,#3679,#3680));
#919=EDGE_LOOP('',(#3681));
#920=EDGE_LOOP('',(#3682,#3683,#3684));
#921=EDGE_LOOP('',(#3685,#3686,#3687,#3688));
#922=EDGE_LOOP('',(#3689,#3690,#3691,#3692,#3693));
#923=EDGE_LOOP('',(#3694,#3695,#3696,#3697));
#924=EDGE_LOOP('',(#3698,#3699,#3700,#3701));
#925=EDGE_LOOP('',(#3702,#3703,#3704,#3705,#3706,#3707,#3708,#3709,#3710,
#3711,#3712));
#926=EDGE_LOOP('',(#3713,#3714,#3715,#3716,#3717,#3718,#3719,#3720,#3721));
#927=EDGE_LOOP('',(#3722,#3723,#3724,#3725,#3726));
#928=EDGE_LOOP('',(#3727,#3728,#3729,#3730,#3731,#3732,#3733,#3734,#3735,
#3736,#3737));
#929=EDGE_LOOP('',(#3738));
#930=EDGE_LOOP('',(#3739));
#931=EDGE_LOOP('',(#3740,#3741,#3742,#3743));
#932=EDGE_LOOP('',(#3744,#3745,#3746,#3747,#3748,#3749));
#933=EDGE_LOOP('',(#3750,#3751,#3752,#3753));
#934=EDGE_LOOP('',(#3754,#3755,#3756,#3757));
#935=EDGE_LOOP('',(#3758,#3759,#3760,#3761));
#936=EDGE_LOOP('',(#3762));
#937=EDGE_LOOP('',(#3763));
#938=EDGE_LOOP('',(#3764,#3765,#3766,#3767));
#939=EDGE_LOOP('',(#3768));
#940=EDGE_LOOP('',(#3769,#3770,#3771,#3772));
#941=EDGE_LOOP('',(#3773,#3774,#3775,#3776));
#942=EDGE_LOOP('',(#3777,#3778,#3779,#3780));
#943=EDGE_LOOP('',(#3781,#3782,#3783,#3784));
#944=EDGE_LOOP('',(#3785,#3786,#3787));
#945=EDGE_LOOP('',(#3788,#3789,#3790,#3791));
#946=EDGE_LOOP('',(#3792,#3793,#3794,#3795));
#947=EDGE_LOOP('',(#3796,#3797,#3798,#3799,#3800));
#948=EDGE_LOOP('',(#3801,#3802,#3803,#3804));
#949=EDGE_LOOP('',(#3805,#3806,#3807,#3808,#3809,#3810,#3811,#3812,#3813));
#950=EDGE_LOOP('',(#3814,#3815,#3816,#3817,#3818));
#951=EDGE_LOOP('',(#3819,#3820,#3821,#3822,#3823,#3824,#3825,#3826,#3827,
#3828));
#952=EDGE_LOOP('',(#3829,#3830,#3831,#3832));
#953=EDGE_LOOP('',(#3833,#3834,#3835,#3836,#3837,#3838));
#954=EDGE_LOOP('',(#3839,#3840,#3841,#3842));
#955=EDGE_LOOP('',(#3843,#3844,#3845,#3846,#3847,#3848));
#956=EDGE_LOOP('',(#3849,#3850,#3851,#3852));
#957=EDGE_LOOP('',(#3853,#3854,#3855,#3856));
#958=EDGE_LOOP('',(#3857,#3858,#3859,#3860));
#959=EDGE_LOOP('',(#3861));
#960=EDGE_LOOP('',(#3862,#3863,#3864,#3865));
#961=LINE('',#5650,#1314);
#962=LINE('',#5652,#1315);
#963=LINE('',#5654,#1316);
#964=LINE('',#5656,#1317);
#965=LINE('',#5658,#1318);
#966=LINE('',#5659,#1319);
#967=LINE('',#5662,#1320);
#968=LINE('',#5664,#1321);
#969=LINE('',#5666,#1322);
#970=LINE('',#5667,#1323);
#971=LINE('',#5670,#1324);
#972=LINE('',#5672,#1325);
#973=LINE('',#5673,#1326);
#974=LINE('',#5676,#1327);
#975=LINE('',#5677,#1328);
#976=LINE('',#5680,#1329);
#977=LINE('',#5681,#1330);
#978=LINE('',#5683,#1331);
#979=LINE('',#5688,#1332);
#980=LINE('',#5694,#1333);
#981=LINE('',#5695,#1334);
#982=LINE('',#5696,#1335);
#983=LINE('',#5699,#1336);
#984=LINE('',#5700,#1337);
#985=LINE('',#5703,#1338);
#986=LINE('',#5704,#1339);
#987=LINE('',#5707,#1340);
#988=LINE('',#5708,#1341);
#989=LINE('',#5711,#1342);
#990=LINE('',#5712,#1343);
#991=LINE('',#5714,#1344);
#992=LINE('',#5719,#1345);
#993=LINE('',#5829,#1346);
#994=LINE('',#5928,#1347);
#995=LINE('',#5934,#1348);
#996=LINE('',#5940,#1349);
#997=LINE('',#5945,#1350);
#998=LINE('',#5947,#1351);
#999=LINE('',#5949,#1352);
#1000=LINE('',#5950,#1353);
#1001=LINE('',#5953,#1354);
#1002=LINE('',#5955,#1355);
#1003=LINE('',#5956,#1356);
#1004=LINE('',#5959,#1357);
#1005=LINE('',#5963,#1358);
#1006=LINE('',#5965,#1359);
#1007=LINE('',#5966,#1360);
#1008=LINE('',#5977,#1361);
#1009=LINE('',#5979,#1362);
#1010=LINE('',#5981,#1363);
#1011=LINE('',#5983,#1364);
#1012=LINE('',#5984,#1365);
#1013=LINE('',#5987,#1366);
#1014=LINE('',#5989,#1367);
#1015=LINE('',#5990,#1368);
#1016=LINE('',#5993,#1369);
#1017=LINE('',#5997,#1370);
#1018=LINE('',#5998,#1371);
#1019=LINE('',#6010,#1372);
#1020=LINE('',#6014,#1373);
#1021=LINE('',#6026,#1374);
#1022=LINE('',#6064,#1375);
#1023=LINE('',#6110,#1376);
#1024=LINE('',#6164,#1377);
#1025=LINE('',#6167,#1378);
#1026=LINE('',#6211,#1379);
#1027=LINE('',#6213,#1380);
#1028=LINE('',#6214,#1381);
#1029=LINE('',#6247,#1382);
#1030=LINE('',#6270,#1383);
#1031=LINE('',#6272,#1384);
#1032=LINE('',#6273,#1385);
#1033=LINE('',#6299,#1386);
#1034=LINE('',#6303,#1387);
#1035=LINE('',#6304,#1388);
#1036=LINE('',#6312,#1389);
#1037=LINE('',#6313,#1390);
#1038=LINE('',#6316,#1391);
#1039=LINE('',#6331,#1392);
#1040=LINE('',#6369,#1393);
#1041=LINE('',#6399,#1394);
#1042=LINE('',#6497,#1395);
#1043=LINE('',#6519,#1396);
#1044=LINE('',#6593,#1397);
#1045=LINE('',#6727,#1398);
#1046=LINE('',#6733,#1399);
#1047=LINE('',#6739,#1400);
#1048=LINE('',#6744,#1401);
#1049=LINE('',#6746,#1402);
#1050=LINE('',#6748,#1403);
#1051=LINE('',#6749,#1404);
#1052=LINE('',#6752,#1405);
#1053=LINE('',#6754,#1406);
#1054=LINE('',#6755,#1407);
#1055=LINE('',#6758,#1408);
#1056=LINE('',#6762,#1409);
#1057=LINE('',#6764,#1410);
#1058=LINE('',#6765,#1411);
#1059=LINE('',#6776,#1412);
#1060=LINE('',#6778,#1413);
#1061=LINE('',#6780,#1414);
#1062=LINE('',#6782,#1415);
#1063=LINE('',#6783,#1416);
#1064=LINE('',#6786,#1417);
#1065=LINE('',#6788,#1418);
#1066=LINE('',#6789,#1419);
#1067=LINE('',#6792,#1420);
#1068=LINE('',#6796,#1421);
#1069=LINE('',#6797,#1422);
#1070=LINE('',#6809,#1423);
#1071=LINE('',#6813,#1424);
#1072=LINE('',#6825,#1425);
#1073=LINE('',#6858,#1426);
#1074=LINE('',#6862,#1427);
#1075=LINE('',#6863,#1428);
#1076=LINE('',#6895,#1429);
#1077=LINE('',#6897,#1430);
#1078=LINE('',#6911,#1431);
#1079=LINE('',#6927,#1432);
#1080=LINE('',#6981,#1433);
#1081=LINE('',#7066,#1434);
#1082=LINE('',#7069,#1435);
#1083=LINE('',#7100,#1436);
#1084=LINE('',#7108,#1437);
#1085=LINE('',#7112,#1438);
#1086=LINE('',#7113,#1439);
#1087=LINE('',#7174,#1440);
#1088=LINE('',#7191,#1441);
#1089=LINE('',#7223,#1442);
#1090=LINE('',#7277,#1443);
#1091=LINE('',#7278,#1444);
#1092=LINE('',#7280,#1445);
#1093=LINE('',#7282,#1446);
#1094=LINE('',#7323,#1447);
#1095=LINE('',#7450,#1448);
#1096=LINE('',#7593,#1449);
#1097=LINE('',#7599,#1450);
#1098=LINE('',#7605,#1451);
#1099=LINE('',#7610,#1452);
#1100=LINE('',#7612,#1453);
#1101=LINE('',#7614,#1454);
#1102=LINE('',#7615,#1455);
#1103=LINE('',#7618,#1456);
#1104=LINE('',#7620,#1457);
#1105=LINE('',#7621,#1458);
#1106=LINE('',#7624,#1459);
#1107=LINE('',#7628,#1460);
#1108=LINE('',#7630,#1461);
#1109=LINE('',#7631,#1462);
#1110=LINE('',#7642,#1463);
#1111=LINE('',#7644,#1464);
#1112=LINE('',#7646,#1465);
#1113=LINE('',#7648,#1466);
#1114=LINE('',#7649,#1467);
#1115=LINE('',#7652,#1468);
#1116=LINE('',#7654,#1469);
#1117=LINE('',#7655,#1470);
#1118=LINE('',#7658,#1471);
#1119=LINE('',#7662,#1472);
#1120=LINE('',#7663,#1473);
#1121=LINE('',#7675,#1474);
#1122=LINE('',#7679,#1475);
#1123=LINE('',#7691,#1476);
#1124=LINE('',#7724,#1477);
#1125=LINE('',#7749,#1478);
#1126=LINE('',#7750,#1479);
#1127=LINE('',#7755,#1480);
#1128=LINE('',#7756,#1481);
#1129=LINE('',#7822,#1482);
#1130=LINE('',#7830,#1483);
#1131=LINE('',#7887,#1484);
#1132=LINE('',#7904,#1485);
#1133=LINE('',#7913,#1486);
#1134=LINE('',#7915,#1487);
#1135=LINE('',#7916,#1488);
#1136=LINE('',#7919,#1489);
#1137=LINE('',#7920,#1490);
#1138=LINE('',#7923,#1491);
#1139=LINE('',#7924,#1492);
#1140=LINE('',#7949,#1493);
#1141=LINE('',#7981,#1494);
#1142=LINE('',#8003,#1495);
#1143=LINE('',#8045,#1496);
#1144=LINE('',#8068,#1497);
#1145=LINE('',#8093,#1498);
#1146=LINE('',#8193,#1499);
#1147=LINE('',#8199,#1500);
#1148=LINE('',#8205,#1501);
#1149=LINE('',#8211,#1502);
#1150=LINE('',#8217,#1503);
#1151=LINE('',#8223,#1504);
#1152=LINE('',#8229,#1505);
#1153=LINE('',#8233,#1506);
#1154=LINE('',#8237,#1507);
#1155=LINE('',#8241,#1508);
#1156=LINE('',#8245,#1509);
#1157=LINE('',#8249,#1510);
#1158=LINE('',#8253,#1511);
#1159=LINE('',#8257,#1512);
#1160=LINE('',#8261,#1513);
#1161=LINE('',#8265,#1514);
#1162=LINE('',#8269,#1515);
#1163=LINE('',#8273,#1516);
#1164=LINE('',#8277,#1517);
#1165=LINE('',#8281,#1518);
#1166=LINE('',#8283,#1519);
#1167=LINE('',#8284,#1520);
#1168=LINE('',#8286,#1521);
#1169=LINE('',#8288,#1522);
#1170=LINE('',#8289,#1523);
#1171=LINE('',#8291,#1524);
#1172=LINE('',#8293,#1525);
#1173=LINE('',#8294,#1526);
#1174=LINE('',#8296,#1527);
#1175=LINE('',#8298,#1528);
#1176=LINE('',#8299,#1529);
#1177=LINE('',#8301,#1530);
#1178=LINE('',#8303,#1531);
#1179=LINE('',#8304,#1532);
#1180=LINE('',#8306,#1533);
#1181=LINE('',#8308,#1534);
#1182=LINE('',#8309,#1535);
#1183=LINE('',#8312,#1536);
#1184=LINE('',#8313,#1537);
#1185=LINE('',#8316,#1538);
#1186=LINE('',#8317,#1539);
#1187=LINE('',#8319,#1540);
#1188=LINE('',#8323,#1541);
#1189=LINE('',#8324,#1542);
#1190=LINE('',#8327,#1543);
#1191=LINE('',#8328,#1544);
#1192=LINE('',#8330,#1545);
#1193=LINE('',#8334,#1546);
#1194=LINE('',#8335,#1547);
#1195=LINE('',#8338,#1548);
#1196=LINE('',#8339,#1549);
#1197=LINE('',#8341,#1550);
#1198=LINE('',#8345,#1551);
#1199=LINE('',#8346,#1552);
#1200=LINE('',#8349,#1553);
#1201=LINE('',#8350,#1554);
#1202=LINE('',#8352,#1555);
#1203=LINE('',#8356,#1556);
#1204=LINE('',#8357,#1557);
#1205=LINE('',#8360,#1558);
#1206=LINE('',#8361,#1559);
#1207=LINE('',#8363,#1560);
#1208=LINE('',#8367,#1561);
#1209=LINE('',#8368,#1562);
#1210=LINE('',#8371,#1563);
#1211=LINE('',#8372,#1564);
#1212=LINE('',#8374,#1565);
#1213=LINE('',#8381,#1566);
#1214=LINE('',#8383,#1567);
#1215=LINE('',#8385,#1568);
#1216=LINE('',#8387,#1569);
#1217=LINE('',#8389,#1570);
#1218=LINE('',#8390,#1571);
#1219=LINE('',#8393,#1572);
#1220=LINE('',#8395,#1573);
#1221=LINE('',#8396,#1574);
#1222=LINE('',#8399,#1575);
#1223=LINE('',#8400,#1576);
#1224=LINE('',#8403,#1577);
#1225=LINE('',#8404,#1578);
#1226=LINE('',#8407,#1579);
#1227=LINE('',#8408,#1580);
#1228=LINE('',#8411,#1581);
#1229=LINE('',#8412,#1582);
#1230=LINE('',#8414,#1583);
#1231=LINE('',#8419,#1584);
#1232=LINE('',#8421,#1585);
#1233=LINE('',#8423,#1586);
#1234=LINE('',#8424,#1587);
#1235=LINE('',#8427,#1588);
#1236=LINE('',#8429,#1589);
#1237=LINE('',#8430,#1590);
#1238=LINE('',#8433,#1591);
#1239=LINE('',#8435,#1592);
#1240=LINE('',#8436,#1593);
#1241=LINE('',#8438,#1594);
#1242=LINE('',#8439,#1595);
#1243=LINE('',#8444,#1596);
#1244=LINE('',#8450,#1597);
#1245=LINE('',#8452,#1598);
#1246=LINE('',#8454,#1599);
#1247=LINE('',#8455,#1600);
#1248=LINE('',#8458,#1601);
#1249=LINE('',#8460,#1602);
#1250=LINE('',#8462,#1603);
#1251=LINE('',#8463,#1604);
#1252=LINE('',#8468,#1605);
#1253=LINE('',#8470,#1606);
#1254=LINE('',#8471,#1607);
#1255=LINE('',#8474,#1608);
#1256=LINE('',#8475,#1609);
#1257=LINE('',#8478,#1610);
#1258=LINE('',#8479,#1611);
#1259=LINE('',#8481,#1612);
#1260=LINE('',#8485,#1613);
#1261=LINE('',#8487,#1614);
#1262=LINE('',#8488,#1615);
#1263=LINE('',#8491,#1616);
#1264=LINE('',#8492,#1617);
#1265=LINE('',#8495,#1618);
#1266=LINE('',#8496,#1619);
#1267=LINE('',#8498,#1620);
#1268=LINE('',#8505,#1621);
#1269=LINE('',#8511,#1622);
#1270=LINE('',#8520,#1623);
#1271=LINE('',#8560,#1624);
#1272=LINE('',#8650,#1625);
#1273=LINE('',#8652,#1626);
#1274=LINE('',#8654,#1627);
#1275=LINE('',#8657,#1628);
#1276=LINE('',#8663,#1629);
#1277=LINE('',#8666,#1630);
#1278=LINE('',#8672,#1631);
#1279=LINE('',#8676,#1632);
#1280=LINE('',#8692,#1633);
#1281=LINE('',#8714,#1634);
#1282=LINE('',#8771,#1635);
#1283=LINE('',#8776,#1636);
#1284=LINE('',#8778,#1637);
#1285=LINE('',#8780,#1638);
#1286=LINE('',#8781,#1639);
#1287=LINE('',#8782,#1640);
#1288=LINE('',#8785,#1641);
#1289=LINE('',#8787,#1642);
#1290=LINE('',#8792,#1643);
#1291=LINE('',#8794,#1644);
#1292=LINE('',#8796,#1645);
#1293=LINE('',#8797,#1646);
#1294=LINE('',#8800,#1647);
#1295=LINE('',#8802,#1648);
#1296=LINE('',#8803,#1649);
#1297=LINE('',#8807,#1650);
#1298=LINE('',#8809,#1651);
#1299=LINE('',#8810,#1652);
#1300=LINE('',#8812,#1653);
#1301=LINE('',#8814,#1654);
#1302=LINE('',#8819,#1655);
#1303=LINE('',#8829,#1656);
#1304=LINE('',#8831,#1657);
#1305=LINE('',#8835,#1658);
#1306=LINE('',#8839,#1659);
#1307=LINE('',#8841,#1660);
#1308=LINE('',#8843,#1661);
#1309=LINE('',#8881,#1662);
#1310=LINE('',#8883,#1663);
#1311=LINE('',#8886,#1664);
#1312=LINE('',#8887,#1665);
#1313=LINE('',#8890,#1666);
#1314=VECTOR('',#4626,10.);
#1315=VECTOR('',#4627,10.);
#1316=VECTOR('',#4628,10.);
#1317=VECTOR('',#4629,10.);
#1318=VECTOR('',#4630,10.);
#1319=VECTOR('',#4631,10.);
#1320=VECTOR('',#4632,10.);
#1321=VECTOR('',#4633,10.);
#1322=VECTOR('',#4634,10.);
#1323=VECTOR('',#4635,10.);
#1324=VECTOR('',#4638,10.);
#1325=VECTOR('',#4639,10.);
#1326=VECTOR('',#4640,10.);
#1327=VECTOR('',#4643,10.);
#1328=VECTOR('',#4644,10.);
#1329=VECTOR('',#4647,10.);
#1330=VECTOR('',#4648,10.);
#1331=VECTOR('',#4651,10.);
#1332=VECTOR('',#4656,15.);
#1333=VECTOR('',#4663,10.);
#1334=VECTOR('',#4664,10.);
#1335=VECTOR('',#4665,10.);
#1336=VECTOR('',#4668,10.);
#1337=VECTOR('',#4669,10.);
#1338=VECTOR('',#4672,10.);
#1339=VECTOR('',#4673,10.);
#1340=VECTOR('',#4676,10.);
#1341=VECTOR('',#4677,10.);
#1342=VECTOR('',#4680,10.);
#1343=VECTOR('',#4681,10.);
#1344=VECTOR('',#4684,10.);
#1345=VECTOR('',#4689,16.5);
#1346=VECTOR('',#4700,2.5);
#1347=VECTOR('',#4705,2.5);
#1348=VECTOR('',#4712,2.5);
#1349=VECTOR('',#4719,2.5);
#1350=VECTOR('',#4724,10.);
#1351=VECTOR('',#4725,10.);
#1352=VECTOR('',#4726,10.);
#1353=VECTOR('',#4727,10.);
#1354=VECTOR('',#4730,10.);
#1355=VECTOR('',#4731,10.);
#1356=VECTOR('',#4732,10.);
#1357=VECTOR('',#4735,10.);
#1358=VECTOR('',#4740,10.);
#1359=VECTOR('',#4741,10.);
#1360=VECTOR('',#4742,10.);
#1361=VECTOR('',#4749,10.);
#1362=VECTOR('',#4750,10.);
#1363=VECTOR('',#4751,10.);
#1364=VECTOR('',#4752,10.);
#1365=VECTOR('',#4753,10.);
#1366=VECTOR('',#4756,10.);
#1367=VECTOR('',#4757,10.);
#1368=VECTOR('',#4758,10.);
#1369=VECTOR('',#4761,10.);
#1370=VECTOR('',#4766,10.);
#1371=VECTOR('',#4767,10.);
#1372=VECTOR('',#4770,10.);
#1373=VECTOR('',#4773,10.);
#1374=VECTOR('',#4776,10.);
#1375=VECTOR('',#4777,10.);
#1376=VECTOR('',#4780,23.6340000591809);
#1377=VECTOR('',#4781,159.548235740381);
#1378=VECTOR('',#4784,159.548235740381);
#1379=VECTOR('',#4789,10.);
#1380=VECTOR('',#4790,10.);
#1381=VECTOR('',#4791,10.);
#1382=VECTOR('',#4792,23.634000059181);
#1383=VECTOR('',#4795,10.);
#1384=VECTOR('',#4796,10.);
#1385=VECTOR('',#4797,10.);
#1386=VECTOR('',#4804,10.);
#1387=VECTOR('',#4809,10.);
#1388=VECTOR('',#4810,10.);
#1389=VECTOR('',#4815,10.);
#1390=VECTOR('',#4816,10.);
#1391=VECTOR('',#4819,10.);
#1392=VECTOR('',#4820,10.);
#1393=VECTOR('',#4831,159.548235740381);
#1394=VECTOR('',#4834,159.548235740381);
#1395=VECTOR('',#4835,23.6340000591809);
#1396=VECTOR('',#4836,23.6340000591809);
#1397=VECTOR('',#4841,2.5);
#1398=VECTOR('',#4846,2.5);
#1399=VECTOR('',#4853,2.5);
#1400=VECTOR('',#4860,2.5);
#1401=VECTOR('',#4865,10.);
#1402=VECTOR('',#4866,10.);
#1403=VECTOR('',#4867,10.);
#1404=VECTOR('',#4868,10.);
#1405=VECTOR('',#4871,10.);
#1406=VECTOR('',#4872,10.);
#1407=VECTOR('',#4873,10.);
#1408=VECTOR('',#4876,10.);
#1409=VECTOR('',#4881,10.);
#1410=VECTOR('',#4882,10.);
#1411=VECTOR('',#4883,10.);
#1412=VECTOR('',#4890,10.);
#1413=VECTOR('',#4891,10.);
#1414=VECTOR('',#4892,10.);
#1415=VECTOR('',#4893,10.);
#1416=VECTOR('',#4894,10.);
#1417=VECTOR('',#4897,10.);
#1418=VECTOR('',#4898,10.);
#1419=VECTOR('',#4899,10.);
#1420=VECTOR('',#4902,10.);
#1421=VECTOR('',#4907,10.);
#1422=VECTOR('',#4908,10.);
#1423=VECTOR('',#4911,10.);
#1424=VECTOR('',#4914,10.);
#1425=VECTOR('',#4917,10.);
#1426=VECTOR('',#4918,10.);
#1427=VECTOR('',#4923,10.);
#1428=VECTOR('',#4924,10.);
#1429=VECTOR('',#4933,10.);
#1430=VECTOR('',#4934,10.);
#1431=VECTOR('',#4937,10.);
#1432=VECTOR('',#4938,10.);
#1433=VECTOR('',#4941,23.6340000591809);
#1434=VECTOR('',#4942,159.548235740381);
#1435=VECTOR('',#4945,159.548235740381);
#1436=VECTOR('',#4948,159.548235740381);
#1437=VECTOR('',#4957,10.);
#1438=VECTOR('',#4960,10.);
#1439=VECTOR('',#4961,10.);
#1440=VECTOR('',#4962,159.548235740381);
#1441=VECTOR('',#4963,23.6340000591809);
#1442=VECTOR('',#4964,23.6340000591809);
#1443=VECTOR('',#4967,10.);
#1444=VECTOR('',#4968,10.);
#1445=VECTOR('',#4971,10.);
#1446=VECTOR('',#4974,10.);
#1447=VECTOR('',#4977,23.6340000591809);
#1448=VECTOR('',#4982,2.5);
#1449=VECTOR('',#4987,2.5);
#1450=VECTOR('',#4994,2.5);
#1451=VECTOR('',#5001,2.5);
#1452=VECTOR('',#5006,10.);
#1453=VECTOR('',#5007,10.);
#1454=VECTOR('',#5008,10.);
#1455=VECTOR('',#5009,10.);
#1456=VECTOR('',#5012,10.);
#1457=VECTOR('',#5013,10.);
#1458=VECTOR('',#5014,10.);
#1459=VECTOR('',#5017,10.);
#1460=VECTOR('',#5022,10.);
#1461=VECTOR('',#5023,10.);
#1462=VECTOR('',#5024,10.);
#1463=VECTOR('',#5031,10.);
#1464=VECTOR('',#5032,10.);
#1465=VECTOR('',#5033,10.);
#1466=VECTOR('',#5034,10.);
#1467=VECTOR('',#5035,10.);
#1468=VECTOR('',#5038,10.);
#1469=VECTOR('',#5039,10.);
#1470=VECTOR('',#5040,10.);
#1471=VECTOR('',#5043,10.);
#1472=VECTOR('',#5048,10.);
#1473=VECTOR('',#5049,10.);
#1474=VECTOR('',#5052,10.);
#1475=VECTOR('',#5055,10.);
#1476=VECTOR('',#5058,10.);
#1477=VECTOR('',#5059,10.);
#1478=VECTOR('',#5068,10.);
#1479=VECTOR('',#5069,10.);
#1480=VECTOR('',#5074,10.);
#1481=VECTOR('',#5075,10.);
#1482=VECTOR('',#5076,23.6340000591809);
#1483=VECTOR('',#5081,10.);
#1484=VECTOR('',#5082,23.6340000591809);
#1485=VECTOR('',#5085,10.);
#1486=VECTOR('',#5088,10.);
#1487=VECTOR('',#5089,10.);
#1488=VECTOR('',#5090,10.);
#1489=VECTOR('',#5093,10.);
#1490=VECTOR('',#5094,10.);
#1491=VECTOR('',#5097,10.);
#1492=VECTOR('',#5098,10.);
#1493=VECTOR('',#5105,159.548235740381);
#1494=VECTOR('',#5106,159.548235740381);
#1495=VECTOR('',#5109,23.634000059181);
#1496=VECTOR('',#5110,23.6340000591809);
#1497=VECTOR('',#5113,159.548235740381);
#1498=VECTOR('',#5120,159.548235740381);
#1499=VECTOR('',#5127,2.5);
#1500=VECTOR('',#5134,2.5);
#1501=VECTOR('',#5141,2.5);
#1502=VECTOR('',#5148,2.5);
#1503=VECTOR('',#5155,2.5);
#1504=VECTOR('',#5162,2.5);
#1505=VECTOR('',#5169,47.5);
#1506=VECTOR('',#5172,10.);
#1507=VECTOR('',#5175,10.);
#1508=VECTOR('',#5178,10.);
#1509=VECTOR('',#5181,10.);
#1510=VECTOR('',#5184,10.);
#1511=VECTOR('',#5187,10.);
#1512=VECTOR('',#5190,10.);
#1513=VECTOR('',#5193,10.);
#1514=VECTOR('',#5196,10.);
#1515=VECTOR('',#5199,10.);
#1516=VECTOR('',#5202,10.);
#1517=VECTOR('',#5205,10.);
#1518=VECTOR('',#5210,10.);
#1519=VECTOR('',#5211,10.);
#1520=VECTOR('',#5212,10.);
#1521=VECTOR('',#5213,10.);
#1522=VECTOR('',#5214,10.);
#1523=VECTOR('',#5215,10.);
#1524=VECTOR('',#5216,10.);
#1525=VECTOR('',#5217,10.);
#1526=VECTOR('',#5218,10.);
#1527=VECTOR('',#5219,10.);
#1528=VECTOR('',#5220,10.);
#1529=VECTOR('',#5221,10.);
#1530=VECTOR('',#5222,10.);
#1531=VECTOR('',#5223,10.);
#1532=VECTOR('',#5224,10.);
#1533=VECTOR('',#5225,10.);
#1534=VECTOR('',#5226,10.);
#1535=VECTOR('',#5227,10.);
#1536=VECTOR('',#5230,10.);
#1537=VECTOR('',#5231,10.);
#1538=VECTOR('',#5234,10.);
#1539=VECTOR('',#5235,10.);
#1540=VECTOR('',#5238,10.);
#1541=VECTOR('',#5243,10.);
#1542=VECTOR('',#5244,10.);
#1543=VECTOR('',#5247,10.);
#1544=VECTOR('',#5248,10.);
#1545=VECTOR('',#5251,10.);
#1546=VECTOR('',#5256,10.);
#1547=VECTOR('',#5257,10.);
#1548=VECTOR('',#5260,10.);
#1549=VECTOR('',#5261,10.);
#1550=VECTOR('',#5264,10.);
#1551=VECTOR('',#5269,10.);
#1552=VECTOR('',#5270,10.);
#1553=VECTOR('',#5273,10.);
#1554=VECTOR('',#5274,10.);
#1555=VECTOR('',#5277,10.);
#1556=VECTOR('',#5282,10.);
#1557=VECTOR('',#5283,10.);
#1558=VECTOR('',#5286,10.);
#1559=VECTOR('',#5287,10.);
#1560=VECTOR('',#5290,10.);
#1561=VECTOR('',#5295,10.);
#1562=VECTOR('',#5296,10.);
#1563=VECTOR('',#5299,10.);
#1564=VECTOR('',#5300,10.);
#1565=VECTOR('',#5303,10.);
#1566=VECTOR('',#5310,10.);
#1567=VECTOR('',#5311,10.);
#1568=VECTOR('',#5312,10.);
#1569=VECTOR('',#5313,10.);
#1570=VECTOR('',#5314,10.);
#1571=VECTOR('',#5315,10.);
#1572=VECTOR('',#5318,10.);
#1573=VECTOR('',#5319,10.);
#1574=VECTOR('',#5320,10.);
#1575=VECTOR('',#5323,10.);
#1576=VECTOR('',#5324,10.);
#1577=VECTOR('',#5327,10.);
#1578=VECTOR('',#5328,10.);
#1579=VECTOR('',#5331,10.);
#1580=VECTOR('',#5332,10.);
#1581=VECTOR('',#5335,10.);
#1582=VECTOR('',#5336,10.);
#1583=VECTOR('',#5339,10.);
#1584=VECTOR('',#5344,10.);
#1585=VECTOR('',#5345,10.);
#1586=VECTOR('',#5346,10.);
#1587=VECTOR('',#5347,10.);
#1588=VECTOR('',#5350,10.);
#1589=VECTOR('',#5351,10.);
#1590=VECTOR('',#5352,10.);
#1591=VECTOR('',#5355,10.);
#1592=VECTOR('',#5356,10.);
#1593=VECTOR('',#5357,10.);
#1594=VECTOR('',#5360,10.);
#1595=VECTOR('',#5361,10.);
#1596=VECTOR('',#5368,16.5);
#1597=VECTOR('',#5373,10.);
#1598=VECTOR('',#5374,10.);
#1599=VECTOR('',#5375,10.);
#1600=VECTOR('',#5376,10.);
#1601=VECTOR('',#5377,10.);
#1602=VECTOR('',#5378,10.);
#1603=VECTOR('',#5379,10.);
#1604=VECTOR('',#5380,10.);
#1605=VECTOR('',#5387,10.);
#1606=VECTOR('',#5388,10.);
#1607=VECTOR('',#5389,10.);
#1608=VECTOR('',#5392,10.);
#1609=VECTOR('',#5393,10.);
#1610=VECTOR('',#5396,10.);
#1611=VECTOR('',#5397,10.);
#1612=VECTOR('',#5400,10.);
#1613=VECTOR('',#5405,10.);
#1614=VECTOR('',#5406,10.);
#1615=VECTOR('',#5407,10.);
#1616=VECTOR('',#5410,10.);
#1617=VECTOR('',#5411,10.);
#1618=VECTOR('',#5414,10.);
#1619=VECTOR('',#5415,10.);
#1620=VECTOR('',#5418,10.);
#1621=VECTOR('',#5427,8.65);
#1622=VECTOR('',#5434,9.55);
#1623=VECTOR('',#5447,9.18014103100063);
#1624=VECTOR('',#5462,10.);
#1625=VECTOR('',#5485,1.);
#1626=VECTOR('',#5486,1.);
#1627=VECTOR('',#5487,1.);
#1628=VECTOR('',#5490,1.);
#1629=VECTOR('',#5491,1.);
#1630=VECTOR('',#5494,1.);
#1631=VECTOR('',#5495,1.);
#1632=VECTOR('',#5498,1.);
#1633=VECTOR('',#5503,0.999999999999999);
#1634=VECTOR('',#5504,0.999999999999999);
#1635=VECTOR('',#5527,3.5);
#1636=VECTOR('',#5532,1.);
#1637=VECTOR('',#5533,1.);
#1638=VECTOR('',#5534,1.);
#1639=VECTOR('',#5535,1.);
#1640=VECTOR('',#5536,1.);
#1641=VECTOR('',#5539,1.);
#1642=VECTOR('',#5540,1.);
#1643=VECTOR('',#5545,1.);
#1644=VECTOR('',#5546,1.);
#1645=VECTOR('',#5547,0.999999999999999);
#1646=VECTOR('',#5548,1.);
#1647=VECTOR('',#5551,1.);
#1648=VECTOR('',#5552,1.);
#1649=VECTOR('',#5553,0.999999999999999);
#1650=VECTOR('',#5558,1.);
#1651=VECTOR('',#5559,0.999999999999999);
#1652=VECTOR('',#5560,1.);
#1653=VECTOR('',#5563,0.999999999999999);
#1654=VECTOR('',#5566,1.);
#1655=VECTOR('',#5571,0.999999999999999);
#1656=VECTOR('',#5578,0.999999999999999);
#1657=VECTOR('',#5581,1.);
#1658=VECTOR('',#5586,0.999999999999999);
#1659=VECTOR('',#5591,0.999999999999999);
#1660=VECTOR('',#5594,1.);
#1661=VECTOR('',#5597,1.);
#1662=VECTOR('',#5610,1.);
#1663=VECTOR('',#5613,1.);
#1664=VECTOR('',#5616,1.);
#1665=VECTOR('',#5617,1.);
#1666=VECTOR('',#5622,1.);
#1667=VERTEX_POINT('',#5648);
#1668=VERTEX_POINT('',#5649);
#1669=VERTEX_POINT('',#5651);
#1670=VERTEX_POINT('',#5653);
#1671=VERTEX_POINT('',#5655);
#1672=VERTEX_POINT('',#5657);
#1673=VERTEX_POINT('',#5660);
#1674=VERTEX_POINT('',#5661);
#1675=VERTEX_POINT('',#5663);
#1676=VERTEX_POINT('',#5665);
#1677=VERTEX_POINT('',#5669);
#1678=VERTEX_POINT('',#5671);
#1679=VERTEX_POINT('',#5675);
#1680=VERTEX_POINT('',#5679);
#1681=VERTEX_POINT('',#5685);
#1682=VERTEX_POINT('',#5687);
#1683=VERTEX_POINT('',#5692);
#1684=VERTEX_POINT('',#5693);
#1685=VERTEX_POINT('',#5698);
#1686=VERTEX_POINT('',#5702);
#1687=VERTEX_POINT('',#5706);
#1688=VERTEX_POINT('',#5710);
#1689=VERTEX_POINT('',#5716);
#1690=VERTEX_POINT('',#5718);
#1691=VERTEX_POINT('',#5725);
#1692=VERTEX_POINT('',#5726);
#1693=VERTEX_POINT('',#5828);
#1694=VERTEX_POINT('',#5832);
#1695=VERTEX_POINT('',#5833);
#1696=VERTEX_POINT('',#5927);
#1697=VERTEX_POINT('',#5931);
#1698=VERTEX_POINT('',#5933);
#1699=VERTEX_POINT('',#5937);
#1700=VERTEX_POINT('',#5939);
#1701=VERTEX_POINT('',#5943);
#1702=VERTEX_POINT('',#5944);
#1703=VERTEX_POINT('',#5946);
#1704=VERTEX_POINT('',#5948);
#1705=VERTEX_POINT('',#5952);
#1706=VERTEX_POINT('',#5954);
#1707=VERTEX_POINT('',#5958);
#1708=VERTEX_POINT('',#5962);
#1709=VERTEX_POINT('',#5964);
#1710=VERTEX_POINT('',#5968);
#1711=VERTEX_POINT('',#5975);
#1712=VERTEX_POINT('',#5976);
#1713=VERTEX_POINT('',#5978);
#1714=VERTEX_POINT('',#5980);
#1715=VERTEX_POINT('',#5982);
#1716=VERTEX_POINT('',#5986);
#1717=VERTEX_POINT('',#5988);
#1718=VERTEX_POINT('',#5992);
#1719=VERTEX_POINT('',#5996);
#1720=VERTEX_POINT('',#6000);
#1721=VERTEX_POINT('',#6009);
#1722=VERTEX_POINT('',#6011);
#1723=VERTEX_POINT('',#6013);
#1724=VERTEX_POINT('',#6023);
#1725=VERTEX_POINT('',#6025);
#1726=VERTEX_POINT('',#6027);
#1727=VERTEX_POINT('',#6040);
#1728=VERTEX_POINT('',#6045);
#1729=VERTEX_POINT('',#6050);
#1730=VERTEX_POINT('',#6063);
#1731=VERTEX_POINT('',#6102);
#1732=VERTEX_POINT('',#6109);
#1733=VERTEX_POINT('',#6111);
#1734=VERTEX_POINT('',#6155);
#1735=VERTEX_POINT('',#6163);
#1736=VERTEX_POINT('',#6165);
#1737=VERTEX_POINT('',#6188);
#1738=VERTEX_POINT('',#6189);
#1739=VERTEX_POINT('',#6197);
#1740=VERTEX_POINT('',#6210);
#1741=VERTEX_POINT('',#6212);
#1742=VERTEX_POINT('',#6235);
#1743=VERTEX_POINT('',#6236);
#1744=VERTEX_POINT('',#6269);
#1745=VERTEX_POINT('',#6271);
#1746=VERTEX_POINT('',#6275);
#1747=VERTEX_POINT('',#6286);
#1748=VERTEX_POINT('',#6302);
#1749=VERTEX_POINT('',#6311);
#1750=VERTEX_POINT('',#6315);
#1751=VERTEX_POINT('',#6317);
#1752=VERTEX_POINT('',#6324);
#1753=VERTEX_POINT('',#6333);
#1754=VERTEX_POINT('',#6335);
#1755=VERTEX_POINT('',#6359);
#1756=VERTEX_POINT('',#6364);
#1757=VERTEX_POINT('',#6391);
#1758=VERTEX_POINT('',#6440);
#1759=VERTEX_POINT('',#6490);
#1760=VERTEX_POINT('',#6514);
#1761=VERTEX_POINT('',#6552);
#1762=VERTEX_POINT('',#6553);
#1763=VERTEX_POINT('',#6592);
#1764=VERTEX_POINT('',#6596);
#1765=VERTEX_POINT('',#6597);
#1766=VERTEX_POINT('',#6726);
#1767=VERTEX_POINT('',#6730);
#1768=VERTEX_POINT('',#6732);
#1769=VERTEX_POINT('',#6736);
#1770=VERTEX_POINT('',#6738);
#1771=VERTEX_POINT('',#6742);
#1772=VERTEX_POINT('',#6743);
#1773=VERTEX_POINT('',#6745);
#1774=VERTEX_POINT('',#6747);
#1775=VERTEX_POINT('',#6751);
#1776=VERTEX_POINT('',#6753);
#1777=VERTEX_POINT('',#6757);
#1778=VERTEX_POINT('',#6761);
#1779=VERTEX_POINT('',#6763);
#1780=VERTEX_POINT('',#6767);
#1781=VERTEX_POINT('',#6774);
#1782=VERTEX_POINT('',#6775);
#1783=VERTEX_POINT('',#6777);
#1784=VERTEX_POINT('',#6779);
#1785=VERTEX_POINT('',#6781);
#1786=VERTEX_POINT('',#6785);
#1787=VERTEX_POINT('',#6787);
#1788=VERTEX_POINT('',#6791);
#1789=VERTEX_POINT('',#6795);
#1790=VERTEX_POINT('',#6799);
#1791=VERTEX_POINT('',#6808);
#1792=VERTEX_POINT('',#6810);
#1793=VERTEX_POINT('',#6812);
#1794=VERTEX_POINT('',#6822);
#1795=VERTEX_POINT('',#6824);
#1796=VERTEX_POINT('',#6826);
#1797=VERTEX_POINT('',#6839);
#1798=VERTEX_POINT('',#6844);
#1799=VERTEX_POINT('',#6857);
#1800=VERTEX_POINT('',#6861);
#1801=VERTEX_POINT('',#6864);
#1802=VERTEX_POINT('',#6887);
#1803=VERTEX_POINT('',#6894);
#1804=VERTEX_POINT('',#6896);
#1805=VERTEX_POINT('',#6898);
#1806=VERTEX_POINT('',#6910);
#1807=VERTEX_POINT('',#6912);
#1808=VERTEX_POINT('',#6919);
#1809=VERTEX_POINT('',#6926);
#1810=VERTEX_POINT('',#6928);
#1811=VERTEX_POINT('',#6980);
#1812=VERTEX_POINT('',#6982);
#1813=VERTEX_POINT('',#7046);
#1814=VERTEX_POINT('',#7047);
#1815=VERTEX_POINT('',#7065);
#1816=VERTEX_POINT('',#7067);
#1817=VERTEX_POINT('',#7090);
#1818=VERTEX_POINT('',#7098);
#1819=VERTEX_POINT('',#7103);
#1820=VERTEX_POINT('',#7106);
#1821=VERTEX_POINT('',#7107);
#1822=VERTEX_POINT('',#7109);
#1823=VERTEX_POINT('',#7111);
#1824=VERTEX_POINT('',#7134);
#1825=VERTEX_POINT('',#7166);
#1826=VERTEX_POINT('',#7216);
#1827=VERTEX_POINT('',#7244);
#1828=VERTEX_POINT('',#7316);
#1829=VERTEX_POINT('',#7346);
#1830=VERTEX_POINT('',#7347);
#1831=VERTEX_POINT('',#7449);
#1832=VERTEX_POINT('',#7453);
#1833=VERTEX_POINT('',#7454);
#1834=VERTEX_POINT('',#7592);
#1835=VERTEX_POINT('',#7596);
#1836=VERTEX_POINT('',#7598);
#1837=VERTEX_POINT('',#7602);
#1838=VERTEX_POINT('',#7604);
#1839=VERTEX_POINT('',#7608);
#1840=VERTEX_POINT('',#7609);
#1841=VERTEX_POINT('',#7611);
#1842=VERTEX_POINT('',#7613);
#1843=VERTEX_POINT('',#7617);
#1844=VERTEX_POINT('',#7619);
#1845=VERTEX_POINT('',#7623);
#1846=VERTEX_POINT('',#7627);
#1847=VERTEX_POINT('',#7629);
#1848=VERTEX_POINT('',#7633);
#1849=VERTEX_POINT('',#7640);
#1850=VERTEX_POINT('',#7641);
#1851=VERTEX_POINT('',#7643);
#1852=VERTEX_POINT('',#7645);
#1853=VERTEX_POINT('',#7647);
#1854=VERTEX_POINT('',#7651);
#1855=VERTEX_POINT('',#7653);
#1856=VERTEX_POINT('',#7657);
#1857=VERTEX_POINT('',#7661);
#1858=VERTEX_POINT('',#7665);
#1859=VERTEX_POINT('',#7674);
#1860=VERTEX_POINT('',#7676);
#1861=VERTEX_POINT('',#7678);
#1862=VERTEX_POINT('',#7688);
#1863=VERTEX_POINT('',#7690);
#1864=VERTEX_POINT('',#7692);
#1865=VERTEX_POINT('',#7705);
#1866=VERTEX_POINT('',#7710);
#1867=VERTEX_POINT('',#7723);
#1868=VERTEX_POINT('',#7727);
#1869=VERTEX_POINT('',#7748);
#1870=VERTEX_POINT('',#7753);
#1871=VERTEX_POINT('',#7754);
#1872=VERTEX_POINT('',#7757);
#1873=VERTEX_POINT('',#7764);
#1874=VERTEX_POINT('',#7803);
#1875=VERTEX_POINT('',#7814);
#1876=VERTEX_POINT('',#7829);
#1877=VERTEX_POINT('',#7831);
#1878=VERTEX_POINT('',#7838);
#1879=VERTEX_POINT('',#7869);
#1880=VERTEX_POINT('',#7874);
#1881=VERTEX_POINT('',#7879);
#1882=VERTEX_POINT('',#7889);
#1883=VERTEX_POINT('',#7896);
#1884=VERTEX_POINT('',#7903);
#1885=VERTEX_POINT('',#7912);
#1886=VERTEX_POINT('',#7914);
#1887=VERTEX_POINT('',#7918);
#1888=VERTEX_POINT('',#7922);
#1889=VERTEX_POINT('',#7947);
#1890=VERTEX_POINT('',#7970);
#1891=VERTEX_POINT('',#7975);
#1892=VERTEX_POINT('',#7980);
#1893=VERTEX_POINT('',#8040);
#1894=VERTEX_POINT('',#8066);
#1895=VERTEX_POINT('',#8070);
#1896=VERTEX_POINT('',#8134);
#1897=VERTEX_POINT('',#8190);
#1898=VERTEX_POINT('',#8192);
#1899=VERTEX_POINT('',#8196);
#1900=VERTEX_POINT('',#8198);
#1901=VERTEX_POINT('',#8202);
#1902=VERTEX_POINT('',#8204);
#1903=VERTEX_POINT('',#8208);
#1904=VERTEX_POINT('',#8210);
#1905=VERTEX_POINT('',#8214);
#1906=VERTEX_POINT('',#8216);
#1907=VERTEX_POINT('',#8220);
#1908=VERTEX_POINT('',#8222);
#1909=VERTEX_POINT('',#8226);
#1910=VERTEX_POINT('',#8228);
#1911=VERTEX_POINT('',#8230);
#1912=VERTEX_POINT('',#8232);
#1913=VERTEX_POINT('',#8234);
#1914=VERTEX_POINT('',#8236);
#1915=VERTEX_POINT('',#8238);
#1916=VERTEX_POINT('',#8240);
#1917=VERTEX_POINT('',#8242);
#1918=VERTEX_POINT('',#8244);
#1919=VERTEX_POINT('',#8246);
#1920=VERTEX_POINT('',#8248);
#1921=VERTEX_POINT('',#8250);
#1922=VERTEX_POINT('',#8252);
#1923=VERTEX_POINT('',#8254);
#1924=VERTEX_POINT('',#8256);
#1925=VERTEX_POINT('',#8258);
#1926=VERTEX_POINT('',#8260);
#1927=VERTEX_POINT('',#8262);
#1928=VERTEX_POINT('',#8264);
#1929=VERTEX_POINT('',#8266);
#1930=VERTEX_POINT('',#8268);
#1931=VERTEX_POINT('',#8270);
#1932=VERTEX_POINT('',#8272);
#1933=VERTEX_POINT('',#8274);
#1934=VERTEX_POINT('',#8276);
#1935=VERTEX_POINT('',#8280);
#1936=VERTEX_POINT('',#8282);
#1937=VERTEX_POINT('',#8285);
#1938=VERTEX_POINT('',#8287);
#1939=VERTEX_POINT('',#8290);
#1940=VERTEX_POINT('',#8292);
#1941=VERTEX_POINT('',#8295);
#1942=VERTEX_POINT('',#8297);
#1943=VERTEX_POINT('',#8300);
#1944=VERTEX_POINT('',#8302);
#1945=VERTEX_POINT('',#8305);
#1946=VERTEX_POINT('',#8307);
#1947=VERTEX_POINT('',#8311);
#1948=VERTEX_POINT('',#8315);
#1949=VERTEX_POINT('',#8322);
#1950=VERTEX_POINT('',#8326);
#1951=VERTEX_POINT('',#8333);
#1952=VERTEX_POINT('',#8337);
#1953=VERTEX_POINT('',#8344);
#1954=VERTEX_POINT('',#8348);
#1955=VERTEX_POINT('',#8355);
#1956=VERTEX_POINT('',#8359);
#1957=VERTEX_POINT('',#8366);
#1958=VERTEX_POINT('',#8370);
#1959=VERTEX_POINT('',#8377);
#1960=VERTEX_POINT('',#8379);
#1961=VERTEX_POINT('',#8380);
#1962=VERTEX_POINT('',#8382);
#1963=VERTEX_POINT('',#8384);
#1964=VERTEX_POINT('',#8386);
#1965=VERTEX_POINT('',#8388);
#1966=VERTEX_POINT('',#8392);
#1967=VERTEX_POINT('',#8394);
#1968=VERTEX_POINT('',#8398);
#1969=VERTEX_POINT('',#8402);
#1970=VERTEX_POINT('',#8406);
#1971=VERTEX_POINT('',#8410);
#1972=VERTEX_POINT('',#8417);
#1973=VERTEX_POINT('',#8418);
#1974=VERTEX_POINT('',#8420);
#1975=VERTEX_POINT('',#8422);
#1976=VERTEX_POINT('',#8426);
#1977=VERTEX_POINT('',#8428);
#1978=VERTEX_POINT('',#8432);
#1979=VERTEX_POINT('',#8434);
#1980=VERTEX_POINT('',#8442);
#1981=VERTEX_POINT('',#8446);
#1982=VERTEX_POINT('',#8448);
#1983=VERTEX_POINT('',#8449);
#1984=VERTEX_POINT('',#8451);
#1985=VERTEX_POINT('',#8453);
#1986=VERTEX_POINT('',#8456);
#1987=VERTEX_POINT('',#8457);
#1988=VERTEX_POINT('',#8459);
#1989=VERTEX_POINT('',#8461);
#1990=VERTEX_POINT('',#8467);
#1991=VERTEX_POINT('',#8469);
#1992=VERTEX_POINT('',#8473);
#1993=VERTEX_POINT('',#8477);
#1994=VERTEX_POINT('',#8484);
#1995=VERTEX_POINT('',#8486);
#1996=VERTEX_POINT('',#8490);
#1997=VERTEX_POINT('',#8494);
#1998=VERTEX_POINT('',#8502);
#1999=VERTEX_POINT('',#8504);
#2000=VERTEX_POINT('',#8508);
#2001=VERTEX_POINT('',#8510);
#2002=VERTEX_POINT('',#8517);
#2003=VERTEX_POINT('',#8519);
#2004=VERTEX_POINT('',#8521);
#2005=VERTEX_POINT('',#8552);
#2006=VERTEX_POINT('',#8553);
#2007=VERTEX_POINT('',#8557);
#2008=VERTEX_POINT('',#8559);
#2009=VERTEX_POINT('',#8585);
#2010=VERTEX_POINT('',#8586);
#2011=VERTEX_POINT('',#8588);
#2012=VERTEX_POINT('',#8590);
#2013=VERTEX_POINT('',#8594);
#2014=VERTEX_POINT('',#8595);
#2015=VERTEX_POINT('',#8597);
#2016=VERTEX_POINT('',#8616);
#2017=VERTEX_POINT('',#8637);
#2018=VERTEX_POINT('',#8642);
#2019=VERTEX_POINT('',#8649);
#2020=VERTEX_POINT('',#8651);
#2021=VERTEX_POINT('',#8653);
#2022=VERTEX_POINT('',#8655);
#2023=VERTEX_POINT('',#8658);
#2024=VERTEX_POINT('',#8665);
#2025=VERTEX_POINT('',#8671);
#2026=VERTEX_POINT('',#8673);
#2027=VERTEX_POINT('',#8675);
#2028=VERTEX_POINT('',#8677);
#2029=VERTEX_POINT('',#8689);
#2030=VERTEX_POINT('',#8691);
#2031=VERTEX_POINT('',#8693);
#2032=VERTEX_POINT('',#8713);
#2033=VERTEX_POINT('',#8717);
#2034=VERTEX_POINT('',#8719);
#2035=VERTEX_POINT('',#8728);
#2036=VERTEX_POINT('',#8730);
#2037=VERTEX_POINT('',#8741);
#2038=VERTEX_POINT('',#8743);
#2039=VERTEX_POINT('',#8752);
#2040=VERTEX_POINT('',#8754);
#2041=VERTEX_POINT('',#8765);
#2042=VERTEX_POINT('',#8768);
#2043=VERTEX_POINT('',#8770);
#2044=VERTEX_POINT('',#8774);
#2045=VERTEX_POINT('',#8775);
#2046=VERTEX_POINT('',#8777);
#2047=VERTEX_POINT('',#8779);
#2048=VERTEX_POINT('',#8784);
#2049=VERTEX_POINT('',#8786);
#2050=VERTEX_POINT('',#8790);
#2051=VERTEX_POINT('',#8791);
#2052=VERTEX_POINT('',#8793);
#2053=VERTEX_POINT('',#8795);
#2054=VERTEX_POINT('',#8799);
#2055=VERTEX_POINT('',#8801);
#2056=VERTEX_POINT('',#8806);
#2057=VERTEX_POINT('',#8808);
#2058=VERTEX_POINT('',#8816);
#2059=VERTEX_POINT('',#8818);
#2060=VERTEX_POINT('',#8822);
#2061=VERTEX_POINT('',#8827);
#2062=VERTEX_POINT('',#8833);
#2063=VERTEX_POINT('',#8837);
#2064=VERTEX_POINT('',#8879);
#2065=VERTEX_POINT('',#8885);
#2066=EDGE_CURVE('',#1667,#1668,#961,.T.);
#2067=EDGE_CURVE('',#1668,#1669,#962,.T.);
#2068=EDGE_CURVE('',#1669,#1670,#963,.T.);
#2069=EDGE_CURVE('',#1670,#1671,#964,.T.);
#2070=EDGE_CURVE('',#1671,#1672,#965,.T.);
#2071=EDGE_CURVE('',#1672,#1667,#966,.T.);
#2072=EDGE_CURVE('',#1673,#1674,#967,.T.);
#2073=EDGE_CURVE('',#1675,#1673,#968,.T.);
#2074=EDGE_CURVE('',#1676,#1675,#969,.T.);
#2075=EDGE_CURVE('',#1674,#1676,#970,.T.);
#2076=EDGE_CURVE('',#1673,#1677,#971,.T.);
#2077=EDGE_CURVE('',#1678,#1677,#972,.T.);
#2078=EDGE_CURVE('',#1675,#1678,#973,.T.);
#2079=EDGE_CURVE('',#1679,#1678,#974,.T.);
#2080=EDGE_CURVE('',#1676,#1679,#975,.T.);
#2081=EDGE_CURVE('',#1680,#1679,#976,.T.);
#2082=EDGE_CURVE('',#1674,#1680,#977,.T.);
#2083=EDGE_CURVE('',#1677,#1680,#978,.T.);
#2084=EDGE_CURVE('',#1681,#1681,#225,.T.);
#2085=EDGE_CURVE('',#1681,#1682,#979,.T.);
#2086=EDGE_CURVE('',#1682,#1682,#226,.T.);
#2087=EDGE_CURVE('',#1683,#1684,#980,.T.);
#2088=EDGE_CURVE('',#1684,#1668,#981,.T.);
#2089=EDGE_CURVE('',#1683,#1667,#982,.T.);
#2090=EDGE_CURVE('',#1685,#1683,#983,.T.);
#2091=EDGE_CURVE('',#1685,#1672,#984,.T.);
#2092=EDGE_CURVE('',#1686,#1685,#985,.T.);
#2093=EDGE_CURVE('',#1686,#1671,#986,.T.);
#2094=EDGE_CURVE('',#1687,#1686,#987,.T.);
#2095=EDGE_CURVE('',#1687,#1670,#988,.T.);
#2096=EDGE_CURVE('',#1688,#1687,#989,.T.);
#2097=EDGE_CURVE('',#1688,#1669,#990,.T.);
#2098=EDGE_CURVE('',#1684,#1688,#991,.T.);
#2099=EDGE_CURVE('',#1689,#1689,#227,.T.);
#2100=EDGE_CURVE('',#1689,#1690,#992,.T.);
#2101=EDGE_CURVE('',#1690,#1690,#228,.T.);
#2102=EDGE_CURVE('',#1691,#1692,#88,.T.);
#2103=EDGE_CURVE('',#1692,#1691,#89,.T.);
#2104=EDGE_CURVE('',#1692,#1693,#993,.T.);
#2105=EDGE_CURVE('',#1693,#1693,#229,.T.);
#2106=EDGE_CURVE('',#1694,#1695,#90,.T.);
#2107=EDGE_CURVE('',#1695,#1694,#91,.T.);
#2108=EDGE_CURVE('',#1695,#1696,#994,.T.);
#2109=EDGE_CURVE('',#1696,#1696,#230,.T.);
#2110=EDGE_CURVE('',#1697,#1697,#231,.T.);
#2111=EDGE_CURVE('',#1697,#1698,#995,.T.);
#2112=EDGE_CURVE('',#1698,#1698,#232,.T.);
#2113=EDGE_CURVE('',#1699,#1699,#233,.T.);
#2114=EDGE_CURVE('',#1699,#1700,#996,.T.);
#2115=EDGE_CURVE('',#1700,#1700,#234,.T.);
#2116=EDGE_CURVE('',#1701,#1702,#997,.T.);
#2117=EDGE_CURVE('',#1703,#1701,#998,.T.);
#2118=EDGE_CURVE('',#1703,#1704,#999,.T.);
#2119=EDGE_CURVE('',#1702,#1704,#1000,.T.);
#2120=EDGE_CURVE('',#1705,#1701,#1001,.T.);
#2121=EDGE_CURVE('',#1706,#1705,#1002,.T.);
#2122=EDGE_CURVE('',#1706,#1703,#1003,.T.);
#2123=EDGE_CURVE('',#1707,#1706,#1004,.T.);
#2124=EDGE_CURVE('',#1704,#1707,#235,.T.);
#2125=EDGE_CURVE('',#1708,#1705,#1005,.T.);
#2126=EDGE_CURVE('',#1709,#1708,#1006,.T.);
#2127=EDGE_CURVE('',#1707,#1709,#1007,.T.);
#2128=EDGE_CURVE('',#1708,#1710,#236,.T.);
#2129=EDGE_CURVE('',#1709,#1710,#92,.T.);
#2130=EDGE_CURVE('',#1711,#1712,#1008,.T.);
#2131=EDGE_CURVE('',#1713,#1711,#1009,.T.);
#2132=EDGE_CURVE('',#1713,#1714,#1010,.T.);
#2133=EDGE_CURVE('',#1715,#1714,#1011,.T.);
#2134=EDGE_CURVE('',#1712,#1715,#1012,.T.);
#2135=EDGE_CURVE('',#1716,#1711,#1013,.T.);
#2136=EDGE_CURVE('',#1717,#1716,#1014,.T.);
#2137=EDGE_CURVE('',#1717,#1713,#1015,.T.);
#2138=EDGE_CURVE('',#1718,#1717,#1016,.T.);
#2139=EDGE_CURVE('',#1714,#1718,#237,.T.);
#2140=EDGE_CURVE('',#1719,#1716,#1017,.T.);
#2141=EDGE_CURVE('',#1718,#1719,#1018,.T.);
#2142=EDGE_CURVE('',#1720,#1709,#93,.T.);
#2143=EDGE_CURVE('',#1720,#1721,#1019,.T.);
#2144=EDGE_CURVE('',#1721,#1722,#238,.T.);
#2145=EDGE_CURVE('',#1722,#1723,#1020,.T.);
#2146=EDGE_CURVE('',#1715,#1723,#94,.T.);
#2147=EDGE_CURVE('',#1719,#1724,#239,.T.);
#2148=EDGE_CURVE('',#1725,#1724,#1021,.T.);
#2149=EDGE_CURVE('',#1726,#1725,#95,.T.);
#2150=EDGE_CURVE('',#1727,#1726,#96,.T.);
#2151=EDGE_CURVE('',#1728,#1727,#97,.T.);
#2152=EDGE_CURVE('',#1729,#1728,#98,.T.);
#2153=EDGE_CURVE('',#1730,#1729,#1022,.T.);
#2154=EDGE_CURVE('',#1730,#1702,#240,.T.);
#2155=EDGE_CURVE('',#1731,#1725,#99,.T.);
#2156=EDGE_CURVE('',#1732,#1731,#1023,.T.);
#2157=EDGE_CURVE('',#1733,#1732,#100,.T.);
#2158=EDGE_CURVE('',#1726,#1733,#101,.T.);
#2159=EDGE_CURVE('',#1732,#1734,#102,.T.);
#2160=EDGE_CURVE('',#1735,#1734,#1024,.T.);
#2161=EDGE_CURVE('',#1736,#1735,#241,.T.);
#2162=EDGE_CURVE('',#1736,#1732,#1025,.T.);
#2163=EDGE_CURVE('',#1737,#1738,#103,.T.);
#2164=EDGE_CURVE('',#1735,#1737,#242,.T.);
#2165=EDGE_CURVE('',#1734,#1739,#104,.T.);
#2166=EDGE_CURVE('',#1739,#1738,#105,.T.);
#2167=EDGE_CURVE('',#1740,#1722,#1026,.T.);
#2168=EDGE_CURVE('',#1741,#1740,#1027,.T.);
#2169=EDGE_CURVE('',#1723,#1741,#1028,.T.);
#2170=EDGE_CURVE('',#1742,#1743,#106,.T.);
#2171=EDGE_CURVE('',#1738,#1742,#107,.T.);
#2172=EDGE_CURVE('',#1734,#1743,#1029,.T.);
#2173=EDGE_CURVE('',#1743,#1731,#108,.T.);
#2174=EDGE_CURVE('',#1744,#1742,#1030,.T.);
#2175=EDGE_CURVE('',#1724,#1745,#1031,.T.);
#2176=EDGE_CURVE('',#1744,#1745,#1032,.T.);
#2177=EDGE_CURVE('',#1710,#1746,#109,.T.);
#2178=EDGE_CURVE('',#1710,#1747,#243,.T.);
#2179=EDGE_CURVE('',#1746,#1747,#110,.T.);
#2180=EDGE_CURVE('',#1745,#1730,#1033,.T.);
#2181=EDGE_CURVE('',#1747,#1712,#244,.T.);
#2182=EDGE_CURVE('',#1748,#1721,#1034,.T.);
#2183=EDGE_CURVE('',#1740,#1748,#1035,.T.);
#2184=EDGE_CURVE('',#1747,#1715,#111,.T.);
#2185=EDGE_CURVE('',#1749,#1720,#1036,.T.);
#2186=EDGE_CURVE('',#1748,#1749,#1037,.T.);
#2187=EDGE_CURVE('',#1750,#1744,#1038,.T.);
#2188=EDGE_CURVE('',#1750,#1751,#112,.T.);
#2189=EDGE_CURVE('',#1751,#1752,#113,.T.);
#2190=EDGE_CURVE('',#1752,#1737,#1039,.T.);
#2191=EDGE_CURVE('',#1752,#1753,#245,.T.);
#2192=EDGE_CURVE('',#1753,#1754,#246,.T.);
#2193=EDGE_CURVE('',#1754,#1736,#247,.T.);
#2194=EDGE_CURVE('',#1749,#1741,#248,.T.);
#2195=EDGE_CURVE('',#1751,#1755,#114,.T.);
#2196=EDGE_CURVE('',#1755,#1756,#115,.T.);
#2197=EDGE_CURVE('',#1753,#1756,#1040,.T.);
#2198=EDGE_CURVE('',#1756,#1757,#116,.T.);
#2199=EDGE_CURVE('',#1754,#1757,#1041,.T.);
#2200=EDGE_CURVE('',#1757,#1758,#117,.T.);
#2201=EDGE_CURVE('',#1758,#1728,#118,.T.);
#2202=EDGE_CURVE('',#1729,#1759,#119,.T.);
#2203=EDGE_CURVE('',#1757,#1759,#1042,.T.);
#2204=EDGE_CURVE('',#1759,#1760,#120,.T.);
#2205=EDGE_CURVE('',#1756,#1760,#1043,.T.);
#2206=EDGE_CURVE('',#1760,#1750,#121,.T.);
#2207=EDGE_CURVE('',#1761,#1762,#122,.T.);
#2208=EDGE_CURVE('',#1762,#1761,#123,.T.);
#2209=EDGE_CURVE('',#1762,#1763,#1044,.T.);
#2210=EDGE_CURVE('',#1763,#1763,#249,.T.);
#2211=EDGE_CURVE('',#1764,#1765,#124,.T.);
#2212=EDGE_CURVE('',#1765,#1764,#125,.T.);
#2213=EDGE_CURVE('',#1765,#1766,#1045,.T.);
#2214=EDGE_CURVE('',#1766,#1766,#250,.T.);
#2215=EDGE_CURVE('',#1767,#1767,#251,.T.);
#2216=EDGE_CURVE('',#1767,#1768,#1046,.T.);
#2217=EDGE_CURVE('',#1768,#1768,#252,.T.);
#2218=EDGE_CURVE('',#1769,#1769,#253,.T.);
#2219=EDGE_CURVE('',#1769,#1770,#1047,.T.);
#2220=EDGE_CURVE('',#1770,#1770,#254,.T.);
#2221=EDGE_CURVE('',#1771,#1772,#1048,.T.);
#2222=EDGE_CURVE('',#1773,#1771,#1049,.T.);
#2223=EDGE_CURVE('',#1773,#1774,#1050,.T.);
#2224=EDGE_CURVE('',#1772,#1774,#1051,.T.);
#2225=EDGE_CURVE('',#1775,#1771,#1052,.T.);
#2226=EDGE_CURVE('',#1776,#1775,#1053,.T.);
#2227=EDGE_CURVE('',#1776,#1773,#1054,.T.);
#2228=EDGE_CURVE('',#1777,#1776,#1055,.T.);
#2229=EDGE_CURVE('',#1774,#1777,#255,.T.);
#2230=EDGE_CURVE('',#1778,#1775,#1056,.T.);
#2231=EDGE_CURVE('',#1779,#1778,#1057,.T.);
#2232=EDGE_CURVE('',#1777,#1779,#1058,.T.);
#2233=EDGE_CURVE('',#1778,#1780,#256,.T.);
#2234=EDGE_CURVE('',#1779,#1780,#126,.T.);
#2235=EDGE_CURVE('',#1781,#1782,#1059,.T.);
#2236=EDGE_CURVE('',#1783,#1781,#1060,.T.);
#2237=EDGE_CURVE('',#1783,#1784,#1061,.T.);
#2238=EDGE_CURVE('',#1785,#1784,#1062,.T.);
#2239=EDGE_CURVE('',#1782,#1785,#1063,.T.);
#2240=EDGE_CURVE('',#1786,#1781,#1064,.T.);
#2241=EDGE_CURVE('',#1787,#1786,#1065,.T.);
#2242=EDGE_CURVE('',#1787,#1783,#1066,.T.);
#2243=EDGE_CURVE('',#1788,#1787,#1067,.T.);
#2244=EDGE_CURVE('',#1784,#1788,#257,.T.);
#2245=EDGE_CURVE('',#1789,#1786,#1068,.T.);
#2246=EDGE_CURVE('',#1788,#1789,#1069,.T.);
#2247=EDGE_CURVE('',#1790,#1779,#127,.T.);
#2248=EDGE_CURVE('',#1790,#1791,#1070,.T.);
#2249=EDGE_CURVE('',#1791,#1792,#258,.T.);
#2250=EDGE_CURVE('',#1792,#1793,#1071,.T.);
#2251=EDGE_CURVE('',#1785,#1793,#128,.T.);
#2252=EDGE_CURVE('',#1789,#1794,#259,.T.);
#2253=EDGE_CURVE('',#1794,#1795,#1072,.T.);
#2254=EDGE_CURVE('',#1796,#1795,#129,.T.);
#2255=EDGE_CURVE('',#1797,#1796,#130,.T.);
#2256=EDGE_CURVE('',#1798,#1797,#131,.T.);
#2257=EDGE_CURVE('',#1799,#1798,#1073,.T.);
#2258=EDGE_CURVE('',#1799,#1772,#260,.T.);
#2259=EDGE_CURVE('',#1800,#1799,#1074,.T.);
#2260=EDGE_CURVE('',#1800,#1794,#1075,.T.);
#2261=EDGE_CURVE('',#1801,#1782,#261,.T.);
#2262=EDGE_CURVE('',#1780,#1801,#262,.T.);
#2263=EDGE_CURVE('',#1780,#1801,#132,.T.);
#2264=EDGE_CURVE('',#1795,#1802,#133,.T.);
#2265=EDGE_CURVE('',#1803,#1800,#1076,.T.);
#2266=EDGE_CURVE('',#1804,#1803,#1077,.T.);
#2267=EDGE_CURVE('',#1805,#1804,#134,.T.);
#2268=EDGE_CURVE('',#1802,#1805,#135,.T.);
#2269=EDGE_CURVE('',#1806,#1803,#1078,.T.);
#2270=EDGE_CURVE('',#1806,#1807,#136,.T.);
#2271=EDGE_CURVE('',#1807,#1808,#137,.T.);
#2272=EDGE_CURVE('',#1808,#1809,#1079,.T.);
#2273=EDGE_CURVE('',#1809,#1810,#138,.T.);
#2274=EDGE_CURVE('',#1810,#1804,#139,.T.);
#2275=EDGE_CURVE('',#1801,#1785,#140,.T.);
#2276=EDGE_CURVE('',#1802,#1811,#1080,.T.);
#2277=EDGE_CURVE('',#1812,#1811,#141,.T.);
#2278=EDGE_CURVE('',#1796,#1812,#142,.T.);
#2279=EDGE_CURVE('',#1813,#1814,#143,.T.);
#2280=EDGE_CURVE('',#1814,#1797,#144,.T.);
#2281=EDGE_CURVE('',#1815,#1811,#1081,.T.);
#2282=EDGE_CURVE('',#1816,#1815,#263,.T.);
#2283=EDGE_CURVE('',#1816,#1813,#1082,.T.);
#2284=EDGE_CURVE('',#1817,#1813,#145,.T.);
#2285=EDGE_CURVE('',#1818,#1816,#264,.T.);
#2286=EDGE_CURVE('',#1818,#1817,#1083,.T.);
#2287=EDGE_CURVE('',#1808,#1818,#265,.T.);
#2288=EDGE_CURVE('',#1815,#1819,#266,.T.);
#2289=EDGE_CURVE('',#1819,#1809,#267,.T.);
#2290=EDGE_CURVE('',#1820,#1821,#1084,.T.);
#2291=EDGE_CURVE('',#1821,#1822,#268,.T.);
#2292=EDGE_CURVE('',#1822,#1823,#1085,.T.);
#2293=EDGE_CURVE('',#1823,#1820,#1086,.T.);
#2294=EDGE_CURVE('',#1807,#1824,#146,.T.);
#2295=EDGE_CURVE('',#1824,#1817,#147,.T.);
#2296=EDGE_CURVE('',#1811,#1825,#148,.T.);
#2297=EDGE_CURVE('',#1819,#1825,#1087,.T.);
#2298=EDGE_CURVE('',#1805,#1825,#1088,.T.);
#2299=EDGE_CURVE('',#1826,#1806,#149,.T.);
#2300=EDGE_CURVE('',#1817,#1826,#1089,.T.);
#2301=EDGE_CURVE('',#1827,#1810,#150,.T.);
#2302=EDGE_CURVE('',#1825,#1827,#151,.T.);
#2303=EDGE_CURVE('',#1821,#1790,#1090,.T.);
#2304=EDGE_CURVE('',#1793,#1822,#1091,.T.);
#2305=EDGE_CURVE('',#1823,#1792,#1092,.T.);
#2306=EDGE_CURVE('',#1820,#1791,#1093,.T.);
#2307=EDGE_CURVE('',#1798,#1828,#152,.T.);
#2308=EDGE_CURVE('',#1813,#1828,#1094,.T.);
#2309=EDGE_CURVE('',#1828,#1826,#153,.T.);
#2310=EDGE_CURVE('',#1829,#1830,#154,.T.);
#2311=EDGE_CURVE('',#1830,#1829,#155,.T.);
#2312=EDGE_CURVE('',#1830,#1831,#1095,.T.);
#2313=EDGE_CURVE('',#1831,#1831,#269,.T.);
#2314=EDGE_CURVE('',#1832,#1833,#156,.T.);
#2315=EDGE_CURVE('',#1833,#1832,#157,.T.);
#2316=EDGE_CURVE('',#1833,#1834,#1096,.T.);
#2317=EDGE_CURVE('',#1834,#1834,#270,.T.);
#2318=EDGE_CURVE('',#1835,#1835,#271,.T.);
#2319=EDGE_CURVE('',#1835,#1836,#1097,.T.);
#2320=EDGE_CURVE('',#1836,#1836,#272,.T.);
#2321=EDGE_CURVE('',#1837,#1837,#273,.T.);
#2322=EDGE_CURVE('',#1837,#1838,#1098,.T.);
#2323=EDGE_CURVE('',#1838,#1838,#274,.T.);
#2324=EDGE_CURVE('',#1839,#1840,#1099,.T.);
#2325=EDGE_CURVE('',#1841,#1839,#1100,.T.);
#2326=EDGE_CURVE('',#1841,#1842,#1101,.T.);
#2327=EDGE_CURVE('',#1840,#1842,#1102,.T.);
#2328=EDGE_CURVE('',#1843,#1839,#1103,.T.);
#2329=EDGE_CURVE('',#1844,#1843,#1104,.T.);
#2330=EDGE_CURVE('',#1844,#1841,#1105,.T.);
#2331=EDGE_CURVE('',#1845,#1844,#1106,.T.);
#2332=EDGE_CURVE('',#1842,#1845,#275,.T.);
#2333=EDGE_CURVE('',#1846,#1843,#1107,.T.);
#2334=EDGE_CURVE('',#1847,#1846,#1108,.T.);
#2335=EDGE_CURVE('',#1845,#1847,#1109,.T.);
#2336=EDGE_CURVE('',#1846,#1848,#276,.T.);
#2337=EDGE_CURVE('',#1847,#1848,#158,.T.);
#2338=EDGE_CURVE('',#1849,#1850,#1110,.T.);
#2339=EDGE_CURVE('',#1851,#1849,#1111,.T.);
#2340=EDGE_CURVE('',#1851,#1852,#1112,.T.);
#2341=EDGE_CURVE('',#1853,#1852,#1113,.T.);
#2342=EDGE_CURVE('',#1850,#1853,#1114,.T.);
#2343=EDGE_CURVE('',#1854,#1849,#1115,.T.);
#2344=EDGE_CURVE('',#1855,#1854,#1116,.T.);
#2345=EDGE_CURVE('',#1855,#1851,#1117,.T.);
#2346=EDGE_CURVE('',#1856,#1855,#1118,.T.);
#2347=EDGE_CURVE('',#1852,#1856,#277,.T.);
#2348=EDGE_CURVE('',#1857,#1854,#1119,.T.);
#2349=EDGE_CURVE('',#1856,#1857,#1120,.T.);
#2350=EDGE_CURVE('',#1858,#1847,#159,.T.);
#2351=EDGE_CURVE('',#1858,#1859,#1121,.T.);
#2352=EDGE_CURVE('',#1859,#1860,#278,.T.);
#2353=EDGE_CURVE('',#1860,#1861,#1122,.T.);
#2354=EDGE_CURVE('',#1853,#1861,#160,.T.);
#2355=EDGE_CURVE('',#1857,#1862,#279,.T.);
#2356=EDGE_CURVE('',#1862,#1863,#1123,.T.);
#2357=EDGE_CURVE('',#1864,#1863,#161,.T.);
#2358=EDGE_CURVE('',#1865,#1864,#162,.T.);
#2359=EDGE_CURVE('',#1866,#1865,#163,.T.);
#2360=EDGE_CURVE('',#1866,#1867,#1124,.T.);
#2361=EDGE_CURVE('',#1867,#1840,#280,.T.);
#2362=EDGE_CURVE('',#1848,#1868,#164,.T.);
#2363=EDGE_CURVE('',#1848,#1868,#281,.T.);
#2364=EDGE_CURVE('',#1867,#1869,#1125,.T.);
#2365=EDGE_CURVE('',#1869,#1862,#1126,.T.);
#2366=EDGE_CURVE('',#1868,#1850,#282,.T.);
#2367=EDGE_CURVE('',#1870,#1871,#1127,.T.);
#2368=EDGE_CURVE('',#1869,#1870,#1128,.T.);
#2369=EDGE_CURVE('',#1872,#1866,#165,.T.);
#2370=EDGE_CURVE('',#1873,#1872,#166,.T.);
#2371=EDGE_CURVE('',#1871,#1873,#167,.T.);
#2372=EDGE_CURVE('',#1874,#1865,#168,.T.);
#2373=EDGE_CURVE('',#1875,#1874,#169,.T.);
#2374=EDGE_CURVE('',#1872,#1875,#1129,.T.);
#2375=EDGE_CURVE('',#1868,#1853,#170,.T.);
#2376=EDGE_CURVE('',#1876,#1870,#1130,.T.);
#2377=EDGE_CURVE('',#1877,#1876,#171,.T.);
#2378=EDGE_CURVE('',#1878,#1877,#172,.T.);
#2379=EDGE_CURVE('',#1863,#1878,#173,.T.);
#2380=EDGE_CURVE('',#1879,#1876,#174,.T.);
#2381=EDGE_CURVE('',#1880,#1879,#175,.T.);
#2382=EDGE_CURVE('',#1881,#1880,#176,.T.);
#2383=EDGE_CURVE('',#1877,#1881,#1131,.T.);
#2384=EDGE_CURVE('',#1871,#1882,#177,.T.);
#2385=EDGE_CURVE('',#1882,#1883,#178,.T.);
#2386=EDGE_CURVE('',#1883,#1884,#1132,.T.);
#2387=EDGE_CURVE('',#1884,#1879,#179,.T.);
#2388=EDGE_CURVE('',#1885,#1858,#1133,.T.);
#2389=EDGE_CURVE('',#1886,#1885,#1134,.T.);
#2390=EDGE_CURVE('',#1886,#1859,#1135,.T.);
#2391=EDGE_CURVE('',#1887,#1886,#1136,.T.);
#2392=EDGE_CURVE('',#1887,#1860,#1137,.T.);
#2393=EDGE_CURVE('',#1888,#1887,#1138,.T.);
#2394=EDGE_CURVE('',#1861,#1888,#1139,.T.);
#2395=EDGE_CURVE('',#1885,#1888,#283,.T.);
#2396=EDGE_CURVE('',#1889,#1884,#284,.T.);
#2397=EDGE_CURVE('',#1889,#1881,#1140,.T.);
#2398=EDGE_CURVE('',#1882,#1890,#180,.T.);
#2399=EDGE_CURVE('',#1890,#1891,#181,.T.);
#2400=EDGE_CURVE('',#1892,#1891,#1141,.T.);
#2401=EDGE_CURVE('',#1883,#1892,#285,.T.);
#2402=EDGE_CURVE('',#1873,#1891,#1142,.T.);
#2403=EDGE_CURVE('',#1891,#1875,#182,.T.);
#2404=EDGE_CURVE('',#1893,#1881,#183,.T.);
#2405=EDGE_CURVE('',#1878,#1893,#1143,.T.);
#2406=EDGE_CURVE('',#1894,#1889,#286,.T.);
#2407=EDGE_CURVE('',#1894,#1893,#1144,.T.);
#2408=EDGE_CURVE('',#1892,#1895,#287,.T.);
#2409=EDGE_CURVE('',#1895,#1894,#288,.T.);
#2410=EDGE_CURVE('',#1895,#1875,#1145,.T.);
#2411=EDGE_CURVE('',#1864,#1896,#184,.T.);
#2412=EDGE_CURVE('',#1896,#1893,#185,.T.);
#2413=EDGE_CURVE('',#1897,#1897,#289,.T.);
#2414=EDGE_CURVE('',#1897,#1898,#1146,.T.);
#2415=EDGE_CURVE('',#1898,#1898,#290,.T.);
#2416=EDGE_CURVE('',#1899,#1899,#291,.T.);
#2417=EDGE_CURVE('',#1899,#1900,#1147,.T.);
#2418=EDGE_CURVE('',#1900,#1900,#292,.T.);
#2419=EDGE_CURVE('',#1901,#1901,#293,.T.);
#2420=EDGE_CURVE('',#1901,#1902,#1148,.T.);
#2421=EDGE_CURVE('',#1902,#1902,#294,.T.);
#2422=EDGE_CURVE('',#1903,#1903,#295,.T.);
#2423=EDGE_CURVE('',#1903,#1904,#1149,.T.);
#2424=EDGE_CURVE('',#1904,#1904,#296,.T.);
#2425=EDGE_CURVE('',#1905,#1905,#297,.T.);
#2426=EDGE_CURVE('',#1905,#1906,#1150,.T.);
#2427=EDGE_CURVE('',#1906,#1906,#298,.T.);
#2428=EDGE_CURVE('',#1907,#1907,#299,.T.);
#2429=EDGE_CURVE('',#1907,#1908,#1151,.T.);
#2430=EDGE_CURVE('',#1908,#1908,#300,.T.);
#2431=EDGE_CURVE('',#1909,#1909,#301,.T.);
#2432=EDGE_CURVE('',#1909,#1910,#1152,.T.);
#2433=EDGE_CURVE('',#1911,#1910,#302,.T.);
#2434=EDGE_CURVE('',#1911,#1912,#1153,.T.);
#2435=EDGE_CURVE('',#1912,#1913,#303,.T.);
#2436=EDGE_CURVE('',#1913,#1914,#1154,.T.);
#2437=EDGE_CURVE('',#1915,#1914,#304,.T.);
#2438=EDGE_CURVE('',#1915,#1916,#1155,.T.);
#2439=EDGE_CURVE('',#1916,#1917,#305,.T.);
#2440=EDGE_CURVE('',#1917,#1918,#1156,.T.);
#2441=EDGE_CURVE('',#1919,#1918,#306,.T.);
#2442=EDGE_CURVE('',#1919,#1920,#1157,.T.);
#2443=EDGE_CURVE('',#1920,#1921,#307,.T.);
#2444=EDGE_CURVE('',#1921,#1922,#1158,.T.);
#2445=EDGE_CURVE('',#1923,#1922,#308,.T.);
#2446=EDGE_CURVE('',#1923,#1924,#1159,.T.);
#2447=EDGE_CURVE('',#1924,#1925,#309,.T.);
#2448=EDGE_CURVE('',#1925,#1926,#1160,.T.);
#2449=EDGE_CURVE('',#1927,#1926,#310,.T.);
#2450=EDGE_CURVE('',#1927,#1928,#1161,.T.);
#2451=EDGE_CURVE('',#1928,#1929,#311,.T.);
#2452=EDGE_CURVE('',#1929,#1930,#1162,.T.);
#2453=EDGE_CURVE('',#1931,#1930,#312,.T.);
#2454=EDGE_CURVE('',#1931,#1932,#1163,.T.);
#2455=EDGE_CURVE('',#1932,#1933,#313,.T.);
#2456=EDGE_CURVE('',#1933,#1934,#1164,.T.);
#2457=EDGE_CURVE('',#1910,#1934,#314,.T.);
#2458=EDGE_CURVE('',#1926,#1935,#1165,.T.);
#2459=EDGE_CURVE('',#1935,#1936,#1166,.T.);
#2460=EDGE_CURVE('',#1936,#1923,#1167,.T.);
#2461=EDGE_CURVE('',#1922,#1937,#1168,.T.);
#2462=EDGE_CURVE('',#1937,#1938,#1169,.T.);
#2463=EDGE_CURVE('',#1938,#1919,#1170,.T.);
#2464=EDGE_CURVE('',#1918,#1939,#1171,.T.);
#2465=EDGE_CURVE('',#1939,#1940,#1172,.T.);
#2466=EDGE_CURVE('',#1940,#1915,#1173,.T.);
#2467=EDGE_CURVE('',#1914,#1941,#1174,.T.);
#2468=EDGE_CURVE('',#1941,#1942,#1175,.T.);
#2469=EDGE_CURVE('',#1942,#1911,#1176,.T.);
#2470=EDGE_CURVE('',#1934,#1943,#1177,.T.);
#2471=EDGE_CURVE('',#1943,#1944,#1178,.T.);
#2472=EDGE_CURVE('',#1944,#1931,#1179,.T.);
#2473=EDGE_CURVE('',#1930,#1945,#1180,.T.);
#2474=EDGE_CURVE('',#1945,#1946,#1181,.T.);
#2475=EDGE_CURVE('',#1946,#1927,#1182,.T.);
#2476=EDGE_CURVE('',#1947,#1925,#1183,.T.);
#2477=EDGE_CURVE('',#1947,#1935,#1184,.T.);
#2478=EDGE_CURVE('',#1948,#1947,#1185,.T.);
#2479=EDGE_CURVE('',#1948,#1936,#1186,.T.);
#2480=EDGE_CURVE('',#1924,#1948,#1187,.T.);
#2481=EDGE_CURVE('',#1949,#1921,#1188,.T.);
#2482=EDGE_CURVE('',#1949,#1937,#1189,.T.);
#2483=EDGE_CURVE('',#1950,#1949,#1190,.T.);
#2484=EDGE_CURVE('',#1950,#1938,#1191,.T.);
#2485=EDGE_CURVE('',#1920,#1950,#1192,.T.);
#2486=EDGE_CURVE('',#1951,#1933,#1193,.T.);
#2487=EDGE_CURVE('',#1951,#1943,#1194,.T.);
#2488=EDGE_CURVE('',#1952,#1951,#1195,.T.);
#2489=EDGE_CURVE('',#1952,#1944,#1196,.T.);
#2490=EDGE_CURVE('',#1932,#1952,#1197,.T.);
#2491=EDGE_CURVE('',#1953,#1929,#1198,.T.);
#2492=EDGE_CURVE('',#1953,#1945,#1199,.T.);
#2493=EDGE_CURVE('',#1954,#1953,#1200,.T.);
#2494=EDGE_CURVE('',#1954,#1946,#1201,.T.);
#2495=EDGE_CURVE('',#1928,#1954,#1202,.T.);
#2496=EDGE_CURVE('',#1955,#1917,#1203,.T.);
#2497=EDGE_CURVE('',#1955,#1939,#1204,.T.);
#2498=EDGE_CURVE('',#1956,#1955,#1205,.T.);
#2499=EDGE_CURVE('',#1956,#1940,#1206,.T.);
#2500=EDGE_CURVE('',#1916,#1956,#1207,.T.);
#2501=EDGE_CURVE('',#1957,#1913,#1208,.T.);
#2502=EDGE_CURVE('',#1957,#1941,#1209,.T.);
#2503=EDGE_CURVE('',#1958,#1957,#1210,.T.);
#2504=EDGE_CURVE('',#1958,#1942,#1211,.T.);
#2505=EDGE_CURVE('',#1912,#1958,#1212,.T.);
#2506=EDGE_CURVE('',#1959,#1959,#315,.T.);
#2507=EDGE_CURVE('',#1960,#1961,#1213,.T.);
#2508=EDGE_CURVE('',#1962,#1960,#1214,.T.);
#2509=EDGE_CURVE('',#1963,#1962,#1215,.T.);
#2510=EDGE_CURVE('',#1964,#1963,#1216,.T.);
#2511=EDGE_CURVE('',#1965,#1964,#1217,.T.);
#2512=EDGE_CURVE('',#1961,#1965,#1218,.T.);
#2513=EDGE_CURVE('',#1961,#1966,#1219,.T.);
#2514=EDGE_CURVE('',#1967,#1966,#1220,.T.);
#2515=EDGE_CURVE('',#1960,#1967,#1221,.T.);
#2516=EDGE_CURVE('',#1968,#1967,#1222,.T.);
#2517=EDGE_CURVE('',#1962,#1968,#1223,.T.);
#2518=EDGE_CURVE('',#1969,#1968,#1224,.T.);
#2519=EDGE_CURVE('',#1963,#1969,#1225,.T.);
#2520=EDGE_CURVE('',#1970,#1969,#1226,.T.);
#2521=EDGE_CURVE('',#1964,#1970,#1227,.T.);
#2522=EDGE_CURVE('',#1971,#1970,#1228,.T.);
#2523=EDGE_CURVE('',#1965,#1971,#1229,.T.);
#2524=EDGE_CURVE('',#1966,#1971,#1230,.T.);
#2525=EDGE_CURVE('',#1972,#1973,#1231,.T.);
#2526=EDGE_CURVE('',#1972,#1974,#1232,.T.);
#2527=EDGE_CURVE('',#1974,#1975,#1233,.T.);
#2528=EDGE_CURVE('',#1973,#1975,#1234,.T.);
#2529=EDGE_CURVE('',#1976,#1972,#1235,.T.);
#2530=EDGE_CURVE('',#1976,#1977,#1236,.T.);
#2531=EDGE_CURVE('',#1977,#1974,#1237,.T.);
#2532=EDGE_CURVE('',#1978,#1976,#1238,.T.);
#2533=EDGE_CURVE('',#1978,#1979,#1239,.T.);
#2534=EDGE_CURVE('',#1979,#1977,#1240,.T.);
#2535=EDGE_CURVE('',#1973,#1978,#1241,.T.);
#2536=EDGE_CURVE('',#1975,#1979,#1242,.T.);
#2537=EDGE_CURVE('',#1980,#1980,#316,.T.);
#2538=EDGE_CURVE('',#1980,#1959,#1243,.T.);
#2539=EDGE_CURVE('',#1981,#1981,#317,.T.);
#2540=EDGE_CURVE('',#1982,#1983,#1244,.T.);
#2541=EDGE_CURVE('',#1983,#1984,#1245,.T.);
#2542=EDGE_CURVE('',#1984,#1985,#1246,.T.);
#2543=EDGE_CURVE('',#1985,#1982,#1247,.T.);
#2544=EDGE_CURVE('',#1986,#1987,#1248,.T.);
#2545=EDGE_CURVE('',#1987,#1988,#1249,.T.);
#2546=EDGE_CURVE('',#1988,#1989,#1250,.T.);
#2547=EDGE_CURVE('',#1989,#1986,#1251,.T.);
#2548=EDGE_CURVE('',#1981,#1909,#318,.T.);
#2549=EDGE_CURVE('',#1986,#1990,#1252,.T.);
#2550=EDGE_CURVE('',#1990,#1991,#1253,.T.);
#2551=EDGE_CURVE('',#1987,#1991,#1254,.T.);
#2552=EDGE_CURVE('',#1989,#1992,#1255,.T.);
#2553=EDGE_CURVE('',#1992,#1990,#1256,.T.);
#2554=EDGE_CURVE('',#1988,#1993,#1257,.T.);
#2555=EDGE_CURVE('',#1993,#1992,#1258,.T.);
#2556=EDGE_CURVE('',#1991,#1993,#1259,.T.);
#2557=EDGE_CURVE('',#1982,#1994,#1260,.T.);
#2558=EDGE_CURVE('',#1994,#1995,#1261,.T.);
#2559=EDGE_CURVE('',#1983,#1995,#1262,.T.);
#2560=EDGE_CURVE('',#1985,#1996,#1263,.T.);
#2561=EDGE_CURVE('',#1996,#1994,#1264,.T.);
#2562=EDGE_CURVE('',#1984,#1997,#1265,.T.);
#2563=EDGE_CURVE('',#1997,#1996,#1266,.T.);
#2564=EDGE_CURVE('',#1995,#1997,#1267,.T.);
#2565=EDGE_CURVE('',#1998,#1998,#319,.T.);
#2566=EDGE_CURVE('',#1998,#1999,#1268,.T.);
#2567=EDGE_CURVE('',#1999,#1999,#320,.T.);
#2568=EDGE_CURVE('',#2000,#2000,#321,.T.);
#2569=EDGE_CURVE('',#2000,#2001,#1269,.T.);
#2570=EDGE_CURVE('',#2001,#2001,#322,.T.);
#2571=EDGE_CURVE('',#2002,#2002,#323,.T.);
#2572=EDGE_CURVE('',#2002,#2003,#1270,.T.);
#2573=EDGE_CURVE('',#2003,#2004,#324,.T.);
#2574=EDGE_CURVE('',#2004,#2003,#325,.T.);
#2575=EDGE_CURVE('',#2005,#2006,#326,.T.);
#2576=EDGE_CURVE('',#2006,#2006,#327,.T.);
#2577=EDGE_CURVE('',#2007,#2007,#328,.T.);
#2578=EDGE_CURVE('',#2007,#2008,#1271,.T.);
#2579=EDGE_CURVE('',#2008,#2008,#329,.T.);
#2580=EDGE_CURVE('',#2004,#2007,#330,.T.);
#2581=EDGE_CURVE('',#2009,#2010,#331,.T.);
#2582=EDGE_CURVE('',#2010,#2011,#332,.T.);
#2583=EDGE_CURVE('',#2012,#2011,#333,.T.);
#2584=EDGE_CURVE('',#2012,#2009,#334,.T.);
#2585=EDGE_CURVE('',#2013,#2014,#335,.T.);
#2586=EDGE_CURVE('',#2015,#2013,#186,.T.);
#2587=EDGE_CURVE('',#2015,#2016,#336,.T.);
#2588=EDGE_CURVE('',#2014,#2016,#187,.T.);
#2589=EDGE_CURVE('',#2017,#2012,#188,.T.);
#2590=EDGE_CURVE('',#2017,#2018,#189,.T.);
#2591=EDGE_CURVE('',#2018,#2019,#1272,.T.);
#2592=EDGE_CURVE('',#2019,#2020,#1273,.T.);
#2593=EDGE_CURVE('',#2020,#2021,#1274,.T.);
#2594=EDGE_CURVE('',#2021,#2022,#42,.T.);
#2595=EDGE_CURVE('',#2022,#2015,#1275,.T.);
#2596=EDGE_CURVE('',#2013,#2023,#190,.T.);
#2597=EDGE_CURVE('',#2023,#2009,#1276,.T.);
#2598=EDGE_CURVE('',#2010,#2024,#1277,.T.);
#2599=EDGE_CURVE('',#2024,#2014,#191,.T.);
#2600=EDGE_CURVE('',#2016,#2025,#1278,.T.);
#2601=EDGE_CURVE('',#2025,#2026,#43,.T.);
#2602=EDGE_CURVE('',#2026,#2027,#1279,.T.);
#2603=EDGE_CURVE('',#2027,#2028,#192,.T.);
#2604=EDGE_CURVE('',#2011,#2028,#193,.T.);
#2605=EDGE_CURVE('',#2020,#2029,#44,.T.);
#2606=EDGE_CURVE('',#2029,#2030,#1280,.T.);
#2607=EDGE_CURVE('',#2031,#2030,#194,.F.);
#2608=EDGE_CURVE('',#2032,#2031,#1281,.T.);
#2609=EDGE_CURVE('',#2020,#2032,#45,.T.);
#2610=EDGE_CURVE('',#2030,#2033,#337,.T.);
#2611=EDGE_CURVE('',#2033,#2034,#195,.T.);
#2612=EDGE_CURVE('',#2034,#2035,#338,.T.);
#2613=EDGE_CURVE('',#2036,#2035,#196,.F.);
#2614=EDGE_CURVE('',#2037,#2036,#339,.T.);
#2615=EDGE_CURVE('',#2038,#2036,#197,.F.);
#2616=EDGE_CURVE('',#2038,#2039,#340,.T.);
#2617=EDGE_CURVE('',#2039,#2040,#198,.T.);
#2618=EDGE_CURVE('',#2040,#2031,#341,.T.);
#2619=EDGE_CURVE('',#2041,#2041,#342,.T.);
#2620=EDGE_CURVE('',#2042,#2042,#343,.T.);
#2621=EDGE_CURVE('',#2042,#2043,#1282,.T.);
#2622=EDGE_CURVE('',#2043,#2043,#344,.T.);
#2623=EDGE_CURVE('',#2044,#2045,#1283,.T.);
#2624=EDGE_CURVE('',#2046,#2044,#1284,.T.);
#2625=EDGE_CURVE('',#2046,#2047,#1285,.T.);
#2626=EDGE_CURVE('',#2047,#2026,#1286,.T.);
#2627=EDGE_CURVE('',#2045,#2025,#1287,.T.);
#2628=EDGE_CURVE('',#2048,#2044,#1288,.T.);
#2629=EDGE_CURVE('',#2048,#2049,#1289,.T.);
#2630=EDGE_CURVE('',#2049,#2046,#345,.T.);
#2631=EDGE_CURVE('',#2050,#2051,#1290,.T.);
#2632=EDGE_CURVE('',#2052,#2050,#1291,.T.);
#2633=EDGE_CURVE('',#2053,#2052,#1292,.T.);
#2634=EDGE_CURVE('',#2051,#2053,#1293,.T.);
#2635=EDGE_CURVE('',#2054,#2050,#1294,.T.);
#2636=EDGE_CURVE('',#2054,#2055,#1295,.T.);
#2637=EDGE_CURVE('',#2055,#2052,#1296,.T.);
#2638=EDGE_CURVE('',#2051,#2056,#1297,.T.);
#2639=EDGE_CURVE('',#2053,#2057,#1298,.T.);
#2640=EDGE_CURVE('',#2057,#2056,#1299,.T.);
#2641=EDGE_CURVE('',#2057,#2055,#1300,.T.);
#2642=EDGE_CURVE('',#2056,#2054,#1301,.T.);
#2643=EDGE_CURVE('',#2035,#2058,#346,.T.);
#2644=EDGE_CURVE('',#2059,#2034,#1302,.T.);
#2645=EDGE_CURVE('',#2058,#2059,#46,.T.);
#2646=EDGE_CURVE('',#2060,#2038,#199,.T.);
#2647=EDGE_CURVE('',#2061,#2060,#47,.T.);
#2648=EDGE_CURVE('',#2061,#2039,#1303,.T.);
#2649=EDGE_CURVE('',#2029,#2019,#1304,.T.);
#2650=EDGE_CURVE('',#2059,#2062,#48,.T.);
#2651=EDGE_CURVE('',#2062,#2033,#1305,.T.);
#2652=EDGE_CURVE('',#2063,#2061,#49,.T.);
#2653=EDGE_CURVE('',#2063,#2040,#1306,.T.);
#2654=EDGE_CURVE('',#2062,#2019,#1307,.T.);
#2655=EDGE_CURVE('',#2032,#2063,#1308,.T.);
#2656=EDGE_CURVE('',#2058,#2018,#347,.T.);
#2657=EDGE_CURVE('',#2028,#2017,#200,.T.);
#2658=EDGE_CURVE('',#2027,#2060,#348,.T.);
#2659=EDGE_CURVE('',#2064,#2047,#349,.T.);
#2660=EDGE_CURVE('',#2021,#2064,#1309,.T.);
#2661=EDGE_CURVE('',#2064,#2049,#1310,.T.);
#2662=EDGE_CURVE('',#2065,#2048,#1311,.T.);
#2663=EDGE_CURVE('',#2022,#2065,#1312,.T.);
#2664=EDGE_CURVE('',#2045,#2065,#1313,.T.);
#2665=EDGE_CURVE('',#2023,#2024,#350,.T.);
#2666=ORIENTED_EDGE('',*,*,#2066,.T.);
#2667=ORIENTED_EDGE('',*,*,#2067,.T.);
#2668=ORIENTED_EDGE('',*,*,#2068,.T.);
#2669=ORIENTED_EDGE('',*,*,#2069,.T.);
#2670=ORIENTED_EDGE('',*,*,#2070,.T.);
#2671=ORIENTED_EDGE('',*,*,#2071,.T.);
#2672=ORIENTED_EDGE('',*,*,#2072,.F.);
#2673=ORIENTED_EDGE('',*,*,#2073,.F.);
#2674=ORIENTED_EDGE('',*,*,#2074,.F.);
#2675=ORIENTED_EDGE('',*,*,#2075,.F.);
#2676=ORIENTED_EDGE('',*,*,#2073,.T.);
#2677=ORIENTED_EDGE('',*,*,#2076,.T.);
#2678=ORIENTED_EDGE('',*,*,#2077,.F.);
#2679=ORIENTED_EDGE('',*,*,#2078,.F.);
#2680=ORIENTED_EDGE('',*,*,#2074,.T.);
#2681=ORIENTED_EDGE('',*,*,#2078,.T.);
#2682=ORIENTED_EDGE('',*,*,#2079,.F.);
#2683=ORIENTED_EDGE('',*,*,#2080,.F.);
#2684=ORIENTED_EDGE('',*,*,#2075,.T.);
#2685=ORIENTED_EDGE('',*,*,#2080,.T.);
#2686=ORIENTED_EDGE('',*,*,#2081,.F.);
#2687=ORIENTED_EDGE('',*,*,#2082,.F.);
#2688=ORIENTED_EDGE('',*,*,#2072,.T.);
#2689=ORIENTED_EDGE('',*,*,#2082,.T.);
#2690=ORIENTED_EDGE('',*,*,#2083,.F.);
#2691=ORIENTED_EDGE('',*,*,#2076,.F.);
#2692=ORIENTED_EDGE('',*,*,#2084,.F.);
#2693=ORIENTED_EDGE('',*,*,#2085,.T.);
#2694=ORIENTED_EDGE('',*,*,#2086,.F.);
#2695=ORIENTED_EDGE('',*,*,#2085,.F.);
#2696=ORIENTED_EDGE('',*,*,#2084,.T.);
#2697=ORIENTED_EDGE('',*,*,#2083,.T.);
#2698=ORIENTED_EDGE('',*,*,#2081,.T.);
#2699=ORIENTED_EDGE('',*,*,#2079,.T.);
#2700=ORIENTED_EDGE('',*,*,#2077,.T.);
#2701=ORIENTED_EDGE('',*,*,#2087,.T.);
#2702=ORIENTED_EDGE('',*,*,#2088,.T.);
#2703=ORIENTED_EDGE('',*,*,#2066,.F.);
#2704=ORIENTED_EDGE('',*,*,#2089,.F.);
#2705=ORIENTED_EDGE('',*,*,#2090,.T.);
#2706=ORIENTED_EDGE('',*,*,#2089,.T.);
#2707=ORIENTED_EDGE('',*,*,#2071,.F.);
#2708=ORIENTED_EDGE('',*,*,#2091,.F.);
#2709=ORIENTED_EDGE('',*,*,#2092,.T.);
#2710=ORIENTED_EDGE('',*,*,#2091,.T.);
#2711=ORIENTED_EDGE('',*,*,#2070,.F.);
#2712=ORIENTED_EDGE('',*,*,#2093,.F.);
#2713=ORIENTED_EDGE('',*,*,#2094,.T.);
#2714=ORIENTED_EDGE('',*,*,#2093,.T.);
#2715=ORIENTED_EDGE('',*,*,#2069,.F.);
#2716=ORIENTED_EDGE('',*,*,#2095,.F.);
#2717=ORIENTED_EDGE('',*,*,#2096,.T.);
#2718=ORIENTED_EDGE('',*,*,#2095,.T.);
#2719=ORIENTED_EDGE('',*,*,#2068,.F.);
#2720=ORIENTED_EDGE('',*,*,#2097,.F.);
#2721=ORIENTED_EDGE('',*,*,#2098,.T.);
#2722=ORIENTED_EDGE('',*,*,#2097,.T.);
#2723=ORIENTED_EDGE('',*,*,#2067,.F.);
#2724=ORIENTED_EDGE('',*,*,#2088,.F.);
#2725=ORIENTED_EDGE('',*,*,#2099,.F.);
#2726=ORIENTED_EDGE('',*,*,#2100,.T.);
#2727=ORIENTED_EDGE('',*,*,#2101,.T.);
#2728=ORIENTED_EDGE('',*,*,#2100,.F.);
#2729=ORIENTED_EDGE('',*,*,#2099,.T.);
#2730=ORIENTED_EDGE('',*,*,#2086,.T.);
#2731=ORIENTED_EDGE('',*,*,#2101,.F.);
#2732=ORIENTED_EDGE('',*,*,#2098,.F.);
#2733=ORIENTED_EDGE('',*,*,#2087,.F.);
#2734=ORIENTED_EDGE('',*,*,#2090,.F.);
#2735=ORIENTED_EDGE('',*,*,#2092,.F.);
#2736=ORIENTED_EDGE('',*,*,#2094,.F.);
#2737=ORIENTED_EDGE('',*,*,#2096,.F.);
#2738=ORIENTED_EDGE('',*,*,#2102,.F.);
#2739=ORIENTED_EDGE('',*,*,#2103,.F.);
#2740=ORIENTED_EDGE('',*,*,#2104,.T.);
#2741=ORIENTED_EDGE('',*,*,#2105,.F.);
#2742=ORIENTED_EDGE('',*,*,#2104,.F.);
#2743=ORIENTED_EDGE('',*,*,#2106,.F.);
#2744=ORIENTED_EDGE('',*,*,#2107,.F.);
#2745=ORIENTED_EDGE('',*,*,#2108,.T.);
#2746=ORIENTED_EDGE('',*,*,#2109,.F.);
#2747=ORIENTED_EDGE('',*,*,#2108,.F.);
#2748=ORIENTED_EDGE('',*,*,#2110,.F.);
#2749=ORIENTED_EDGE('',*,*,#2111,.T.);
#2750=ORIENTED_EDGE('',*,*,#2112,.F.);
#2751=ORIENTED_EDGE('',*,*,#2111,.F.);
#2752=ORIENTED_EDGE('',*,*,#2113,.F.);
#2753=ORIENTED_EDGE('',*,*,#2114,.T.);
#2754=ORIENTED_EDGE('',*,*,#2115,.F.);
#2755=ORIENTED_EDGE('',*,*,#2114,.F.);
#2756=ORIENTED_EDGE('',*,*,#2116,.F.);
#2757=ORIENTED_EDGE('',*,*,#2117,.F.);
#2758=ORIENTED_EDGE('',*,*,#2118,.T.);
#2759=ORIENTED_EDGE('',*,*,#2119,.F.);
#2760=ORIENTED_EDGE('',*,*,#2120,.F.);
#2761=ORIENTED_EDGE('',*,*,#2121,.F.);
#2762=ORIENTED_EDGE('',*,*,#2122,.T.);
#2763=ORIENTED_EDGE('',*,*,#2117,.T.);
#2764=ORIENTED_EDGE('',*,*,#2118,.F.);
#2765=ORIENTED_EDGE('',*,*,#2122,.F.);
#2766=ORIENTED_EDGE('',*,*,#2123,.F.);
#2767=ORIENTED_EDGE('',*,*,#2124,.F.);
#2768=ORIENTED_EDGE('',*,*,#2125,.F.);
#2769=ORIENTED_EDGE('',*,*,#2126,.F.);
#2770=ORIENTED_EDGE('',*,*,#2127,.F.);
#2771=ORIENTED_EDGE('',*,*,#2123,.T.);
#2772=ORIENTED_EDGE('',*,*,#2121,.T.);
#2773=ORIENTED_EDGE('',*,*,#2126,.T.);
#2774=ORIENTED_EDGE('',*,*,#2128,.T.);
#2775=ORIENTED_EDGE('',*,*,#2129,.F.);
#2776=ORIENTED_EDGE('',*,*,#2130,.F.);
#2777=ORIENTED_EDGE('',*,*,#2131,.F.);
#2778=ORIENTED_EDGE('',*,*,#2132,.T.);
#2779=ORIENTED_EDGE('',*,*,#2133,.F.);
#2780=ORIENTED_EDGE('',*,*,#2134,.F.);
#2781=ORIENTED_EDGE('',*,*,#2135,.F.);
#2782=ORIENTED_EDGE('',*,*,#2136,.F.);
#2783=ORIENTED_EDGE('',*,*,#2137,.T.);
#2784=ORIENTED_EDGE('',*,*,#2131,.T.);
#2785=ORIENTED_EDGE('',*,*,#2132,.F.);
#2786=ORIENTED_EDGE('',*,*,#2137,.F.);
#2787=ORIENTED_EDGE('',*,*,#2138,.F.);
#2788=ORIENTED_EDGE('',*,*,#2139,.F.);
#2789=ORIENTED_EDGE('',*,*,#2140,.F.);
#2790=ORIENTED_EDGE('',*,*,#2141,.F.);
#2791=ORIENTED_EDGE('',*,*,#2138,.T.);
#2792=ORIENTED_EDGE('',*,*,#2136,.T.);
#2793=ORIENTED_EDGE('',*,*,#2127,.T.);
#2794=ORIENTED_EDGE('',*,*,#2142,.F.);
#2795=ORIENTED_EDGE('',*,*,#2143,.T.);
#2796=ORIENTED_EDGE('',*,*,#2144,.T.);
#2797=ORIENTED_EDGE('',*,*,#2145,.T.);
#2798=ORIENTED_EDGE('',*,*,#2146,.F.);
#2799=ORIENTED_EDGE('',*,*,#2133,.T.);
#2800=ORIENTED_EDGE('',*,*,#2139,.T.);
#2801=ORIENTED_EDGE('',*,*,#2141,.T.);
#2802=ORIENTED_EDGE('',*,*,#2147,.T.);
#2803=ORIENTED_EDGE('',*,*,#2148,.F.);
#2804=ORIENTED_EDGE('',*,*,#2149,.F.);
#2805=ORIENTED_EDGE('',*,*,#2150,.F.);
#2806=ORIENTED_EDGE('',*,*,#2151,.F.);
#2807=ORIENTED_EDGE('',*,*,#2152,.F.);
#2808=ORIENTED_EDGE('',*,*,#2153,.F.);
#2809=ORIENTED_EDGE('',*,*,#2154,.T.);
#2810=ORIENTED_EDGE('',*,*,#2119,.T.);
#2811=ORIENTED_EDGE('',*,*,#2124,.T.);
#2812=ORIENTED_EDGE('',*,*,#2155,.F.);
#2813=ORIENTED_EDGE('',*,*,#2156,.F.);
#2814=ORIENTED_EDGE('',*,*,#2157,.F.);
#2815=ORIENTED_EDGE('',*,*,#2158,.F.);
#2816=ORIENTED_EDGE('',*,*,#2149,.T.);
#2817=ORIENTED_EDGE('',*,*,#2159,.T.);
#2818=ORIENTED_EDGE('',*,*,#2160,.F.);
#2819=ORIENTED_EDGE('',*,*,#2161,.F.);
#2820=ORIENTED_EDGE('',*,*,#2162,.T.);
#2821=ORIENTED_EDGE('',*,*,#2163,.F.);
#2822=ORIENTED_EDGE('',*,*,#2164,.F.);
#2823=ORIENTED_EDGE('',*,*,#2160,.T.);
#2824=ORIENTED_EDGE('',*,*,#2165,.T.);
#2825=ORIENTED_EDGE('',*,*,#2166,.T.);
#2826=ORIENTED_EDGE('',*,*,#2145,.F.);
#2827=ORIENTED_EDGE('',*,*,#2167,.F.);
#2828=ORIENTED_EDGE('',*,*,#2168,.F.);
#2829=ORIENTED_EDGE('',*,*,#2169,.F.);
#2830=ORIENTED_EDGE('',*,*,#2170,.F.);
#2831=ORIENTED_EDGE('',*,*,#2171,.F.);
#2832=ORIENTED_EDGE('',*,*,#2166,.F.);
#2833=ORIENTED_EDGE('',*,*,#2165,.F.);
#2834=ORIENTED_EDGE('',*,*,#2172,.T.);
#2835=ORIENTED_EDGE('',*,*,#2173,.F.);
#2836=ORIENTED_EDGE('',*,*,#2172,.F.);
#2837=ORIENTED_EDGE('',*,*,#2159,.F.);
#2838=ORIENTED_EDGE('',*,*,#2156,.T.);
#2839=ORIENTED_EDGE('',*,*,#2174,.T.);
#2840=ORIENTED_EDGE('',*,*,#2170,.T.);
#2841=ORIENTED_EDGE('',*,*,#2173,.T.);
#2842=ORIENTED_EDGE('',*,*,#2155,.T.);
#2843=ORIENTED_EDGE('',*,*,#2148,.T.);
#2844=ORIENTED_EDGE('',*,*,#2175,.T.);
#2845=ORIENTED_EDGE('',*,*,#2176,.F.);
#2846=ORIENTED_EDGE('',*,*,#2177,.F.);
#2847=ORIENTED_EDGE('',*,*,#2178,.T.);
#2848=ORIENTED_EDGE('',*,*,#2179,.F.);
#2849=ORIENTED_EDGE('',*,*,#2116,.T.);
#2850=ORIENTED_EDGE('',*,*,#2154,.F.);
#2851=ORIENTED_EDGE('',*,*,#2180,.F.);
#2852=ORIENTED_EDGE('',*,*,#2175,.F.);
#2853=ORIENTED_EDGE('',*,*,#2147,.F.);
#2854=ORIENTED_EDGE('',*,*,#2140,.T.);
#2855=ORIENTED_EDGE('',*,*,#2135,.T.);
#2856=ORIENTED_EDGE('',*,*,#2130,.T.);
#2857=ORIENTED_EDGE('',*,*,#2181,.F.);
#2858=ORIENTED_EDGE('',*,*,#2178,.F.);
#2859=ORIENTED_EDGE('',*,*,#2128,.F.);
#2860=ORIENTED_EDGE('',*,*,#2125,.T.);
#2861=ORIENTED_EDGE('',*,*,#2120,.T.);
#2862=ORIENTED_EDGE('',*,*,#2112,.T.);
#2863=ORIENTED_EDGE('',*,*,#2115,.T.);
#2864=ORIENTED_EDGE('',*,*,#2144,.F.);
#2865=ORIENTED_EDGE('',*,*,#2182,.F.);
#2866=ORIENTED_EDGE('',*,*,#2183,.F.);
#2867=ORIENTED_EDGE('',*,*,#2167,.T.);
#2868=ORIENTED_EDGE('',*,*,#2105,.T.);
#2869=ORIENTED_EDGE('',*,*,#2109,.T.);
#2870=ORIENTED_EDGE('',*,*,#2134,.T.);
#2871=ORIENTED_EDGE('',*,*,#2184,.F.);
#2872=ORIENTED_EDGE('',*,*,#2181,.T.);
#2873=ORIENTED_EDGE('',*,*,#2143,.F.);
#2874=ORIENTED_EDGE('',*,*,#2185,.F.);
#2875=ORIENTED_EDGE('',*,*,#2186,.F.);
#2876=ORIENTED_EDGE('',*,*,#2182,.T.);
#2877=ORIENTED_EDGE('',*,*,#2187,.F.);
#2878=ORIENTED_EDGE('',*,*,#2188,.T.);
#2879=ORIENTED_EDGE('',*,*,#2189,.T.);
#2880=ORIENTED_EDGE('',*,*,#2190,.T.);
#2881=ORIENTED_EDGE('',*,*,#2163,.T.);
#2882=ORIENTED_EDGE('',*,*,#2171,.T.);
#2883=ORIENTED_EDGE('',*,*,#2174,.F.);
#2884=ORIENTED_EDGE('',*,*,#2110,.T.);
#2885=ORIENTED_EDGE('',*,*,#2113,.T.);
#2886=ORIENTED_EDGE('',*,*,#2190,.F.);
#2887=ORIENTED_EDGE('',*,*,#2191,.T.);
#2888=ORIENTED_EDGE('',*,*,#2192,.T.);
#2889=ORIENTED_EDGE('',*,*,#2193,.T.);
#2890=ORIENTED_EDGE('',*,*,#2161,.T.);
#2891=ORIENTED_EDGE('',*,*,#2164,.T.);
#2892=ORIENTED_EDGE('',*,*,#2194,.T.);
#2893=ORIENTED_EDGE('',*,*,#2168,.T.);
#2894=ORIENTED_EDGE('',*,*,#2183,.T.);
#2895=ORIENTED_EDGE('',*,*,#2186,.T.);
#2896=ORIENTED_EDGE('',*,*,#2189,.F.);
#2897=ORIENTED_EDGE('',*,*,#2195,.T.);
#2898=ORIENTED_EDGE('',*,*,#2196,.T.);
#2899=ORIENTED_EDGE('',*,*,#2197,.F.);
#2900=ORIENTED_EDGE('',*,*,#2191,.F.);
#2901=ORIENTED_EDGE('',*,*,#2194,.F.);
#2902=ORIENTED_EDGE('',*,*,#2185,.T.);
#2903=ORIENTED_EDGE('',*,*,#2142,.T.);
#2904=ORIENTED_EDGE('',*,*,#2129,.T.);
#2905=ORIENTED_EDGE('',*,*,#2177,.T.);
#2906=ORIENTED_EDGE('',*,*,#2179,.T.);
#2907=ORIENTED_EDGE('',*,*,#2184,.T.);
#2908=ORIENTED_EDGE('',*,*,#2146,.T.);
#2909=ORIENTED_EDGE('',*,*,#2169,.T.);
#2910=ORIENTED_EDGE('',*,*,#2198,.T.);
#2911=ORIENTED_EDGE('',*,*,#2199,.F.);
#2912=ORIENTED_EDGE('',*,*,#2192,.F.);
#2913=ORIENTED_EDGE('',*,*,#2197,.T.);
#2914=ORIENTED_EDGE('',*,*,#2193,.F.);
#2915=ORIENTED_EDGE('',*,*,#2199,.T.);
#2916=ORIENTED_EDGE('',*,*,#2200,.T.);
#2917=ORIENTED_EDGE('',*,*,#2201,.T.);
#2918=ORIENTED_EDGE('',*,*,#2151,.T.);
#2919=ORIENTED_EDGE('',*,*,#2150,.T.);
#2920=ORIENTED_EDGE('',*,*,#2158,.T.);
#2921=ORIENTED_EDGE('',*,*,#2157,.T.);
#2922=ORIENTED_EDGE('',*,*,#2162,.F.);
#2923=ORIENTED_EDGE('',*,*,#2102,.T.);
#2924=ORIENTED_EDGE('',*,*,#2103,.T.);
#2925=ORIENTED_EDGE('',*,*,#2106,.T.);
#2926=ORIENTED_EDGE('',*,*,#2107,.T.);
#2927=ORIENTED_EDGE('',*,*,#2202,.F.);
#2928=ORIENTED_EDGE('',*,*,#2152,.T.);
#2929=ORIENTED_EDGE('',*,*,#2201,.F.);
#2930=ORIENTED_EDGE('',*,*,#2200,.F.);
#2931=ORIENTED_EDGE('',*,*,#2203,.T.);
#2932=ORIENTED_EDGE('',*,*,#2204,.F.);
#2933=ORIENTED_EDGE('',*,*,#2203,.F.);
#2934=ORIENTED_EDGE('',*,*,#2198,.F.);
#2935=ORIENTED_EDGE('',*,*,#2205,.T.);
#2936=ORIENTED_EDGE('',*,*,#2206,.F.);
#2937=ORIENTED_EDGE('',*,*,#2205,.F.);
#2938=ORIENTED_EDGE('',*,*,#2196,.F.);
#2939=ORIENTED_EDGE('',*,*,#2195,.F.);
#2940=ORIENTED_EDGE('',*,*,#2188,.F.);
#2941=ORIENTED_EDGE('',*,*,#2202,.T.);
#2942=ORIENTED_EDGE('',*,*,#2204,.T.);
#2943=ORIENTED_EDGE('',*,*,#2206,.T.);
#2944=ORIENTED_EDGE('',*,*,#2187,.T.);
#2945=ORIENTED_EDGE('',*,*,#2176,.T.);
#2946=ORIENTED_EDGE('',*,*,#2180,.T.);
#2947=ORIENTED_EDGE('',*,*,#2153,.T.);
#2948=ORIENTED_EDGE('',*,*,#2207,.F.);
#2949=ORIENTED_EDGE('',*,*,#2208,.F.);
#2950=ORIENTED_EDGE('',*,*,#2209,.T.);
#2951=ORIENTED_EDGE('',*,*,#2210,.F.);
#2952=ORIENTED_EDGE('',*,*,#2209,.F.);
#2953=ORIENTED_EDGE('',*,*,#2211,.F.);
#2954=ORIENTED_EDGE('',*,*,#2212,.F.);
#2955=ORIENTED_EDGE('',*,*,#2213,.T.);
#2956=ORIENTED_EDGE('',*,*,#2214,.F.);
#2957=ORIENTED_EDGE('',*,*,#2213,.F.);
#2958=ORIENTED_EDGE('',*,*,#2215,.F.);
#2959=ORIENTED_EDGE('',*,*,#2216,.T.);
#2960=ORIENTED_EDGE('',*,*,#2217,.F.);
#2961=ORIENTED_EDGE('',*,*,#2216,.F.);
#2962=ORIENTED_EDGE('',*,*,#2218,.F.);
#2963=ORIENTED_EDGE('',*,*,#2219,.T.);
#2964=ORIENTED_EDGE('',*,*,#2220,.F.);
#2965=ORIENTED_EDGE('',*,*,#2219,.F.);
#2966=ORIENTED_EDGE('',*,*,#2221,.F.);
#2967=ORIENTED_EDGE('',*,*,#2222,.F.);
#2968=ORIENTED_EDGE('',*,*,#2223,.T.);
#2969=ORIENTED_EDGE('',*,*,#2224,.F.);
#2970=ORIENTED_EDGE('',*,*,#2225,.F.);
#2971=ORIENTED_EDGE('',*,*,#2226,.F.);
#2972=ORIENTED_EDGE('',*,*,#2227,.T.);
#2973=ORIENTED_EDGE('',*,*,#2222,.T.);
#2974=ORIENTED_EDGE('',*,*,#2223,.F.);
#2975=ORIENTED_EDGE('',*,*,#2227,.F.);
#2976=ORIENTED_EDGE('',*,*,#2228,.F.);
#2977=ORIENTED_EDGE('',*,*,#2229,.F.);
#2978=ORIENTED_EDGE('',*,*,#2230,.F.);
#2979=ORIENTED_EDGE('',*,*,#2231,.F.);
#2980=ORIENTED_EDGE('',*,*,#2232,.F.);
#2981=ORIENTED_EDGE('',*,*,#2228,.T.);
#2982=ORIENTED_EDGE('',*,*,#2226,.T.);
#2983=ORIENTED_EDGE('',*,*,#2231,.T.);
#2984=ORIENTED_EDGE('',*,*,#2233,.T.);
#2985=ORIENTED_EDGE('',*,*,#2234,.F.);
#2986=ORIENTED_EDGE('',*,*,#2235,.F.);
#2987=ORIENTED_EDGE('',*,*,#2236,.F.);
#2988=ORIENTED_EDGE('',*,*,#2237,.T.);
#2989=ORIENTED_EDGE('',*,*,#2238,.F.);
#2990=ORIENTED_EDGE('',*,*,#2239,.F.);
#2991=ORIENTED_EDGE('',*,*,#2240,.F.);
#2992=ORIENTED_EDGE('',*,*,#2241,.F.);
#2993=ORIENTED_EDGE('',*,*,#2242,.T.);
#2994=ORIENTED_EDGE('',*,*,#2236,.T.);
#2995=ORIENTED_EDGE('',*,*,#2237,.F.);
#2996=ORIENTED_EDGE('',*,*,#2242,.F.);
#2997=ORIENTED_EDGE('',*,*,#2243,.F.);
#2998=ORIENTED_EDGE('',*,*,#2244,.F.);
#2999=ORIENTED_EDGE('',*,*,#2245,.F.);
#3000=ORIENTED_EDGE('',*,*,#2246,.F.);
#3001=ORIENTED_EDGE('',*,*,#2243,.T.);
#3002=ORIENTED_EDGE('',*,*,#2241,.T.);
#3003=ORIENTED_EDGE('',*,*,#2232,.T.);
#3004=ORIENTED_EDGE('',*,*,#2247,.F.);
#3005=ORIENTED_EDGE('',*,*,#2248,.T.);
#3006=ORIENTED_EDGE('',*,*,#2249,.T.);
#3007=ORIENTED_EDGE('',*,*,#2250,.T.);
#3008=ORIENTED_EDGE('',*,*,#2251,.F.);
#3009=ORIENTED_EDGE('',*,*,#2238,.T.);
#3010=ORIENTED_EDGE('',*,*,#2244,.T.);
#3011=ORIENTED_EDGE('',*,*,#2246,.T.);
#3012=ORIENTED_EDGE('',*,*,#2252,.T.);
#3013=ORIENTED_EDGE('',*,*,#2253,.T.);
#3014=ORIENTED_EDGE('',*,*,#2254,.F.);
#3015=ORIENTED_EDGE('',*,*,#2255,.F.);
#3016=ORIENTED_EDGE('',*,*,#2256,.F.);
#3017=ORIENTED_EDGE('',*,*,#2257,.F.);
#3018=ORIENTED_EDGE('',*,*,#2258,.T.);
#3019=ORIENTED_EDGE('',*,*,#2224,.T.);
#3020=ORIENTED_EDGE('',*,*,#2229,.T.);
#3021=ORIENTED_EDGE('',*,*,#2221,.T.);
#3022=ORIENTED_EDGE('',*,*,#2258,.F.);
#3023=ORIENTED_EDGE('',*,*,#2259,.F.);
#3024=ORIENTED_EDGE('',*,*,#2260,.T.);
#3025=ORIENTED_EDGE('',*,*,#2252,.F.);
#3026=ORIENTED_EDGE('',*,*,#2245,.T.);
#3027=ORIENTED_EDGE('',*,*,#2240,.T.);
#3028=ORIENTED_EDGE('',*,*,#2235,.T.);
#3029=ORIENTED_EDGE('',*,*,#2261,.F.);
#3030=ORIENTED_EDGE('',*,*,#2262,.F.);
#3031=ORIENTED_EDGE('',*,*,#2233,.F.);
#3032=ORIENTED_EDGE('',*,*,#2230,.T.);
#3033=ORIENTED_EDGE('',*,*,#2225,.T.);
#3034=ORIENTED_EDGE('',*,*,#2217,.T.);
#3035=ORIENTED_EDGE('',*,*,#2220,.T.);
#3036=ORIENTED_EDGE('',*,*,#2263,.F.);
#3037=ORIENTED_EDGE('',*,*,#2262,.T.);
#3038=ORIENTED_EDGE('',*,*,#2264,.F.);
#3039=ORIENTED_EDGE('',*,*,#2253,.F.);
#3040=ORIENTED_EDGE('',*,*,#2260,.F.);
#3041=ORIENTED_EDGE('',*,*,#2265,.F.);
#3042=ORIENTED_EDGE('',*,*,#2266,.F.);
#3043=ORIENTED_EDGE('',*,*,#2267,.F.);
#3044=ORIENTED_EDGE('',*,*,#2268,.F.);
#3045=ORIENTED_EDGE('',*,*,#2266,.T.);
#3046=ORIENTED_EDGE('',*,*,#2269,.F.);
#3047=ORIENTED_EDGE('',*,*,#2270,.T.);
#3048=ORIENTED_EDGE('',*,*,#2271,.T.);
#3049=ORIENTED_EDGE('',*,*,#2272,.T.);
#3050=ORIENTED_EDGE('',*,*,#2273,.T.);
#3051=ORIENTED_EDGE('',*,*,#2274,.T.);
#3052=ORIENTED_EDGE('',*,*,#2215,.T.);
#3053=ORIENTED_EDGE('',*,*,#2218,.T.);
#3054=ORIENTED_EDGE('',*,*,#2239,.T.);
#3055=ORIENTED_EDGE('',*,*,#2275,.F.);
#3056=ORIENTED_EDGE('',*,*,#2261,.T.);
#3057=ORIENTED_EDGE('',*,*,#2264,.T.);
#3058=ORIENTED_EDGE('',*,*,#2276,.T.);
#3059=ORIENTED_EDGE('',*,*,#2277,.F.);
#3060=ORIENTED_EDGE('',*,*,#2278,.F.);
#3061=ORIENTED_EDGE('',*,*,#2254,.T.);
#3062=ORIENTED_EDGE('',*,*,#2279,.T.);
#3063=ORIENTED_EDGE('',*,*,#2280,.T.);
#3064=ORIENTED_EDGE('',*,*,#2255,.T.);
#3065=ORIENTED_EDGE('',*,*,#2278,.T.);
#3066=ORIENTED_EDGE('',*,*,#2277,.T.);
#3067=ORIENTED_EDGE('',*,*,#2281,.F.);
#3068=ORIENTED_EDGE('',*,*,#2282,.F.);
#3069=ORIENTED_EDGE('',*,*,#2283,.T.);
#3070=ORIENTED_EDGE('',*,*,#2207,.T.);
#3071=ORIENTED_EDGE('',*,*,#2208,.T.);
#3072=ORIENTED_EDGE('',*,*,#2211,.T.);
#3073=ORIENTED_EDGE('',*,*,#2212,.T.);
#3074=ORIENTED_EDGE('',*,*,#2284,.T.);
#3075=ORIENTED_EDGE('',*,*,#2283,.F.);
#3076=ORIENTED_EDGE('',*,*,#2285,.F.);
#3077=ORIENTED_EDGE('',*,*,#2286,.T.);
#3078=ORIENTED_EDGE('',*,*,#2272,.F.);
#3079=ORIENTED_EDGE('',*,*,#2287,.T.);
#3080=ORIENTED_EDGE('',*,*,#2285,.T.);
#3081=ORIENTED_EDGE('',*,*,#2282,.T.);
#3082=ORIENTED_EDGE('',*,*,#2288,.T.);
#3083=ORIENTED_EDGE('',*,*,#2289,.T.);
#3084=ORIENTED_EDGE('',*,*,#2290,.T.);
#3085=ORIENTED_EDGE('',*,*,#2291,.T.);
#3086=ORIENTED_EDGE('',*,*,#2292,.T.);
#3087=ORIENTED_EDGE('',*,*,#2293,.T.);
#3088=ORIENTED_EDGE('',*,*,#2271,.F.);
#3089=ORIENTED_EDGE('',*,*,#2294,.T.);
#3090=ORIENTED_EDGE('',*,*,#2295,.T.);
#3091=ORIENTED_EDGE('',*,*,#2286,.F.);
#3092=ORIENTED_EDGE('',*,*,#2287,.F.);
#3093=ORIENTED_EDGE('',*,*,#2296,.T.);
#3094=ORIENTED_EDGE('',*,*,#2297,.F.);
#3095=ORIENTED_EDGE('',*,*,#2288,.F.);
#3096=ORIENTED_EDGE('',*,*,#2281,.T.);
#3097=ORIENTED_EDGE('',*,*,#2268,.T.);
#3098=ORIENTED_EDGE('',*,*,#2298,.T.);
#3099=ORIENTED_EDGE('',*,*,#2296,.F.);
#3100=ORIENTED_EDGE('',*,*,#2276,.F.);
#3101=ORIENTED_EDGE('',*,*,#2299,.F.);
#3102=ORIENTED_EDGE('',*,*,#2300,.F.);
#3103=ORIENTED_EDGE('',*,*,#2295,.F.);
#3104=ORIENTED_EDGE('',*,*,#2294,.F.);
#3105=ORIENTED_EDGE('',*,*,#2270,.F.);
#3106=ORIENTED_EDGE('',*,*,#2267,.T.);
#3107=ORIENTED_EDGE('',*,*,#2274,.F.);
#3108=ORIENTED_EDGE('',*,*,#2301,.F.);
#3109=ORIENTED_EDGE('',*,*,#2302,.F.);
#3110=ORIENTED_EDGE('',*,*,#2298,.F.);
#3111=ORIENTED_EDGE('',*,*,#2273,.F.);
#3112=ORIENTED_EDGE('',*,*,#2289,.F.);
#3113=ORIENTED_EDGE('',*,*,#2297,.T.);
#3114=ORIENTED_EDGE('',*,*,#2302,.T.);
#3115=ORIENTED_EDGE('',*,*,#2301,.T.);
#3116=ORIENTED_EDGE('',*,*,#2303,.T.);
#3117=ORIENTED_EDGE('',*,*,#2247,.T.);
#3118=ORIENTED_EDGE('',*,*,#2234,.T.);
#3119=ORIENTED_EDGE('',*,*,#2263,.T.);
#3120=ORIENTED_EDGE('',*,*,#2275,.T.);
#3121=ORIENTED_EDGE('',*,*,#2251,.T.);
#3122=ORIENTED_EDGE('',*,*,#2304,.T.);
#3123=ORIENTED_EDGE('',*,*,#2291,.F.);
#3124=ORIENTED_EDGE('',*,*,#2250,.F.);
#3125=ORIENTED_EDGE('',*,*,#2305,.F.);
#3126=ORIENTED_EDGE('',*,*,#2292,.F.);
#3127=ORIENTED_EDGE('',*,*,#2304,.F.);
#3128=ORIENTED_EDGE('',*,*,#2249,.F.);
#3129=ORIENTED_EDGE('',*,*,#2306,.F.);
#3130=ORIENTED_EDGE('',*,*,#2293,.F.);
#3131=ORIENTED_EDGE('',*,*,#2305,.T.);
#3132=ORIENTED_EDGE('',*,*,#2210,.T.);
#3133=ORIENTED_EDGE('',*,*,#2214,.T.);
#3134=ORIENTED_EDGE('',*,*,#2248,.F.);
#3135=ORIENTED_EDGE('',*,*,#2303,.F.);
#3136=ORIENTED_EDGE('',*,*,#2290,.F.);
#3137=ORIENTED_EDGE('',*,*,#2306,.T.);
#3138=ORIENTED_EDGE('',*,*,#2307,.F.);
#3139=ORIENTED_EDGE('',*,*,#2256,.T.);
#3140=ORIENTED_EDGE('',*,*,#2280,.F.);
#3141=ORIENTED_EDGE('',*,*,#2279,.F.);
#3142=ORIENTED_EDGE('',*,*,#2308,.T.);
#3143=ORIENTED_EDGE('',*,*,#2309,.F.);
#3144=ORIENTED_EDGE('',*,*,#2308,.F.);
#3145=ORIENTED_EDGE('',*,*,#2284,.F.);
#3146=ORIENTED_EDGE('',*,*,#2300,.T.);
#3147=ORIENTED_EDGE('',*,*,#2257,.T.);
#3148=ORIENTED_EDGE('',*,*,#2307,.T.);
#3149=ORIENTED_EDGE('',*,*,#2309,.T.);
#3150=ORIENTED_EDGE('',*,*,#2299,.T.);
#3151=ORIENTED_EDGE('',*,*,#2269,.T.);
#3152=ORIENTED_EDGE('',*,*,#2265,.T.);
#3153=ORIENTED_EDGE('',*,*,#2259,.T.);
#3154=ORIENTED_EDGE('',*,*,#2310,.F.);
#3155=ORIENTED_EDGE('',*,*,#2311,.F.);
#3156=ORIENTED_EDGE('',*,*,#2312,.T.);
#3157=ORIENTED_EDGE('',*,*,#2313,.F.);
#3158=ORIENTED_EDGE('',*,*,#2312,.F.);
#3159=ORIENTED_EDGE('',*,*,#2314,.F.);
#3160=ORIENTED_EDGE('',*,*,#2315,.F.);
#3161=ORIENTED_EDGE('',*,*,#2316,.T.);
#3162=ORIENTED_EDGE('',*,*,#2317,.F.);
#3163=ORIENTED_EDGE('',*,*,#2316,.F.);
#3164=ORIENTED_EDGE('',*,*,#2318,.F.);
#3165=ORIENTED_EDGE('',*,*,#2319,.T.);
#3166=ORIENTED_EDGE('',*,*,#2320,.F.);
#3167=ORIENTED_EDGE('',*,*,#2319,.F.);
#3168=ORIENTED_EDGE('',*,*,#2321,.F.);
#3169=ORIENTED_EDGE('',*,*,#2322,.T.);
#3170=ORIENTED_EDGE('',*,*,#2323,.F.);
#3171=ORIENTED_EDGE('',*,*,#2322,.F.);
#3172=ORIENTED_EDGE('',*,*,#2324,.F.);
#3173=ORIENTED_EDGE('',*,*,#2325,.F.);
#3174=ORIENTED_EDGE('',*,*,#2326,.T.);
#3175=ORIENTED_EDGE('',*,*,#2327,.F.);
#3176=ORIENTED_EDGE('',*,*,#2328,.F.);
#3177=ORIENTED_EDGE('',*,*,#2329,.F.);
#3178=ORIENTED_EDGE('',*,*,#2330,.T.);
#3179=ORIENTED_EDGE('',*,*,#2325,.T.);
#3180=ORIENTED_EDGE('',*,*,#2326,.F.);
#3181=ORIENTED_EDGE('',*,*,#2330,.F.);
#3182=ORIENTED_EDGE('',*,*,#2331,.F.);
#3183=ORIENTED_EDGE('',*,*,#2332,.F.);
#3184=ORIENTED_EDGE('',*,*,#2333,.F.);
#3185=ORIENTED_EDGE('',*,*,#2334,.F.);
#3186=ORIENTED_EDGE('',*,*,#2335,.F.);
#3187=ORIENTED_EDGE('',*,*,#2331,.T.);
#3188=ORIENTED_EDGE('',*,*,#2329,.T.);
#3189=ORIENTED_EDGE('',*,*,#2334,.T.);
#3190=ORIENTED_EDGE('',*,*,#2336,.T.);
#3191=ORIENTED_EDGE('',*,*,#2337,.F.);
#3192=ORIENTED_EDGE('',*,*,#2338,.F.);
#3193=ORIENTED_EDGE('',*,*,#2339,.F.);
#3194=ORIENTED_EDGE('',*,*,#2340,.T.);
#3195=ORIENTED_EDGE('',*,*,#2341,.F.);
#3196=ORIENTED_EDGE('',*,*,#2342,.F.);
#3197=ORIENTED_EDGE('',*,*,#2343,.F.);
#3198=ORIENTED_EDGE('',*,*,#2344,.F.);
#3199=ORIENTED_EDGE('',*,*,#2345,.T.);
#3200=ORIENTED_EDGE('',*,*,#2339,.T.);
#3201=ORIENTED_EDGE('',*,*,#2340,.F.);
#3202=ORIENTED_EDGE('',*,*,#2345,.F.);
#3203=ORIENTED_EDGE('',*,*,#2346,.F.);
#3204=ORIENTED_EDGE('',*,*,#2347,.F.);
#3205=ORIENTED_EDGE('',*,*,#2348,.F.);
#3206=ORIENTED_EDGE('',*,*,#2349,.F.);
#3207=ORIENTED_EDGE('',*,*,#2346,.T.);
#3208=ORIENTED_EDGE('',*,*,#2344,.T.);
#3209=ORIENTED_EDGE('',*,*,#2335,.T.);
#3210=ORIENTED_EDGE('',*,*,#2350,.F.);
#3211=ORIENTED_EDGE('',*,*,#2351,.T.);
#3212=ORIENTED_EDGE('',*,*,#2352,.T.);
#3213=ORIENTED_EDGE('',*,*,#2353,.T.);
#3214=ORIENTED_EDGE('',*,*,#2354,.F.);
#3215=ORIENTED_EDGE('',*,*,#2341,.T.);
#3216=ORIENTED_EDGE('',*,*,#2347,.T.);
#3217=ORIENTED_EDGE('',*,*,#2349,.T.);
#3218=ORIENTED_EDGE('',*,*,#2355,.T.);
#3219=ORIENTED_EDGE('',*,*,#2356,.T.);
#3220=ORIENTED_EDGE('',*,*,#2357,.F.);
#3221=ORIENTED_EDGE('',*,*,#2358,.F.);
#3222=ORIENTED_EDGE('',*,*,#2359,.F.);
#3223=ORIENTED_EDGE('',*,*,#2360,.T.);
#3224=ORIENTED_EDGE('',*,*,#2361,.T.);
#3225=ORIENTED_EDGE('',*,*,#2327,.T.);
#3226=ORIENTED_EDGE('',*,*,#2332,.T.);
#3227=ORIENTED_EDGE('',*,*,#2362,.F.);
#3228=ORIENTED_EDGE('',*,*,#2363,.T.);
#3229=ORIENTED_EDGE('',*,*,#2324,.T.);
#3230=ORIENTED_EDGE('',*,*,#2361,.F.);
#3231=ORIENTED_EDGE('',*,*,#2364,.T.);
#3232=ORIENTED_EDGE('',*,*,#2365,.T.);
#3233=ORIENTED_EDGE('',*,*,#2355,.F.);
#3234=ORIENTED_EDGE('',*,*,#2348,.T.);
#3235=ORIENTED_EDGE('',*,*,#2343,.T.);
#3236=ORIENTED_EDGE('',*,*,#2338,.T.);
#3237=ORIENTED_EDGE('',*,*,#2366,.F.);
#3238=ORIENTED_EDGE('',*,*,#2363,.F.);
#3239=ORIENTED_EDGE('',*,*,#2336,.F.);
#3240=ORIENTED_EDGE('',*,*,#2333,.T.);
#3241=ORIENTED_EDGE('',*,*,#2328,.T.);
#3242=ORIENTED_EDGE('',*,*,#2320,.T.);
#3243=ORIENTED_EDGE('',*,*,#2323,.T.);
#3244=ORIENTED_EDGE('',*,*,#2367,.F.);
#3245=ORIENTED_EDGE('',*,*,#2368,.F.);
#3246=ORIENTED_EDGE('',*,*,#2364,.F.);
#3247=ORIENTED_EDGE('',*,*,#2360,.F.);
#3248=ORIENTED_EDGE('',*,*,#2369,.F.);
#3249=ORIENTED_EDGE('',*,*,#2370,.F.);
#3250=ORIENTED_EDGE('',*,*,#2371,.F.);
#3251=ORIENTED_EDGE('',*,*,#2369,.T.);
#3252=ORIENTED_EDGE('',*,*,#2359,.T.);
#3253=ORIENTED_EDGE('',*,*,#2372,.F.);
#3254=ORIENTED_EDGE('',*,*,#2373,.F.);
#3255=ORIENTED_EDGE('',*,*,#2374,.F.);
#3256=ORIENTED_EDGE('',*,*,#2342,.T.);
#3257=ORIENTED_EDGE('',*,*,#2375,.F.);
#3258=ORIENTED_EDGE('',*,*,#2366,.T.);
#3259=ORIENTED_EDGE('',*,*,#2376,.F.);
#3260=ORIENTED_EDGE('',*,*,#2377,.F.);
#3261=ORIENTED_EDGE('',*,*,#2378,.F.);
#3262=ORIENTED_EDGE('',*,*,#2379,.F.);
#3263=ORIENTED_EDGE('',*,*,#2356,.F.);
#3264=ORIENTED_EDGE('',*,*,#2365,.F.);
#3265=ORIENTED_EDGE('',*,*,#2368,.T.);
#3266=ORIENTED_EDGE('',*,*,#2377,.T.);
#3267=ORIENTED_EDGE('',*,*,#2380,.F.);
#3268=ORIENTED_EDGE('',*,*,#2381,.F.);
#3269=ORIENTED_EDGE('',*,*,#2382,.F.);
#3270=ORIENTED_EDGE('',*,*,#2383,.F.);
#3271=ORIENTED_EDGE('',*,*,#2367,.T.);
#3272=ORIENTED_EDGE('',*,*,#2384,.T.);
#3273=ORIENTED_EDGE('',*,*,#2385,.T.);
#3274=ORIENTED_EDGE('',*,*,#2386,.T.);
#3275=ORIENTED_EDGE('',*,*,#2387,.T.);
#3276=ORIENTED_EDGE('',*,*,#2380,.T.);
#3277=ORIENTED_EDGE('',*,*,#2376,.T.);
#3278=ORIENTED_EDGE('',*,*,#2318,.T.);
#3279=ORIENTED_EDGE('',*,*,#2321,.T.);
#3280=ORIENTED_EDGE('',*,*,#2351,.F.);
#3281=ORIENTED_EDGE('',*,*,#2388,.F.);
#3282=ORIENTED_EDGE('',*,*,#2389,.F.);
#3283=ORIENTED_EDGE('',*,*,#2390,.T.);
#3284=ORIENTED_EDGE('',*,*,#2352,.F.);
#3285=ORIENTED_EDGE('',*,*,#2390,.F.);
#3286=ORIENTED_EDGE('',*,*,#2391,.F.);
#3287=ORIENTED_EDGE('',*,*,#2392,.T.);
#3288=ORIENTED_EDGE('',*,*,#2313,.T.);
#3289=ORIENTED_EDGE('',*,*,#2317,.T.);
#3290=ORIENTED_EDGE('',*,*,#2353,.F.);
#3291=ORIENTED_EDGE('',*,*,#2392,.F.);
#3292=ORIENTED_EDGE('',*,*,#2393,.F.);
#3293=ORIENTED_EDGE('',*,*,#2394,.F.);
#3294=ORIENTED_EDGE('',*,*,#2388,.T.);
#3295=ORIENTED_EDGE('',*,*,#2350,.T.);
#3296=ORIENTED_EDGE('',*,*,#2337,.T.);
#3297=ORIENTED_EDGE('',*,*,#2362,.T.);
#3298=ORIENTED_EDGE('',*,*,#2375,.T.);
#3299=ORIENTED_EDGE('',*,*,#2354,.T.);
#3300=ORIENTED_EDGE('',*,*,#2394,.T.);
#3301=ORIENTED_EDGE('',*,*,#2395,.F.);
#3302=ORIENTED_EDGE('',*,*,#2387,.F.);
#3303=ORIENTED_EDGE('',*,*,#2396,.F.);
#3304=ORIENTED_EDGE('',*,*,#2397,.T.);
#3305=ORIENTED_EDGE('',*,*,#2382,.T.);
#3306=ORIENTED_EDGE('',*,*,#2381,.T.);
#3307=ORIENTED_EDGE('',*,*,#2385,.F.);
#3308=ORIENTED_EDGE('',*,*,#2398,.T.);
#3309=ORIENTED_EDGE('',*,*,#2399,.T.);
#3310=ORIENTED_EDGE('',*,*,#2400,.F.);
#3311=ORIENTED_EDGE('',*,*,#2401,.F.);
#3312=ORIENTED_EDGE('',*,*,#2371,.T.);
#3313=ORIENTED_EDGE('',*,*,#2402,.T.);
#3314=ORIENTED_EDGE('',*,*,#2399,.F.);
#3315=ORIENTED_EDGE('',*,*,#2398,.F.);
#3316=ORIENTED_EDGE('',*,*,#2384,.F.);
#3317=ORIENTED_EDGE('',*,*,#2370,.T.);
#3318=ORIENTED_EDGE('',*,*,#2374,.T.);
#3319=ORIENTED_EDGE('',*,*,#2403,.F.);
#3320=ORIENTED_EDGE('',*,*,#2402,.F.);
#3321=ORIENTED_EDGE('',*,*,#2378,.T.);
#3322=ORIENTED_EDGE('',*,*,#2383,.T.);
#3323=ORIENTED_EDGE('',*,*,#2404,.F.);
#3324=ORIENTED_EDGE('',*,*,#2405,.F.);
#3325=ORIENTED_EDGE('',*,*,#2404,.T.);
#3326=ORIENTED_EDGE('',*,*,#2397,.F.);
#3327=ORIENTED_EDGE('',*,*,#2406,.F.);
#3328=ORIENTED_EDGE('',*,*,#2407,.T.);
#3329=ORIENTED_EDGE('',*,*,#2386,.F.);
#3330=ORIENTED_EDGE('',*,*,#2401,.T.);
#3331=ORIENTED_EDGE('',*,*,#2408,.T.);
#3332=ORIENTED_EDGE('',*,*,#2409,.T.);
#3333=ORIENTED_EDGE('',*,*,#2406,.T.);
#3334=ORIENTED_EDGE('',*,*,#2396,.T.);
#3335=ORIENTED_EDGE('',*,*,#2389,.T.);
#3336=ORIENTED_EDGE('',*,*,#2395,.T.);
#3337=ORIENTED_EDGE('',*,*,#2393,.T.);
#3338=ORIENTED_EDGE('',*,*,#2391,.T.);
#3339=ORIENTED_EDGE('',*,*,#2403,.T.);
#3340=ORIENTED_EDGE('',*,*,#2410,.F.);
#3341=ORIENTED_EDGE('',*,*,#2408,.F.);
#3342=ORIENTED_EDGE('',*,*,#2400,.T.);
#3343=ORIENTED_EDGE('',*,*,#2373,.T.);
#3344=ORIENTED_EDGE('',*,*,#2372,.T.);
#3345=ORIENTED_EDGE('',*,*,#2358,.T.);
#3346=ORIENTED_EDGE('',*,*,#2411,.T.);
#3347=ORIENTED_EDGE('',*,*,#2412,.T.);
#3348=ORIENTED_EDGE('',*,*,#2407,.F.);
#3349=ORIENTED_EDGE('',*,*,#2409,.F.);
#3350=ORIENTED_EDGE('',*,*,#2410,.T.);
#3351=ORIENTED_EDGE('',*,*,#2310,.T.);
#3352=ORIENTED_EDGE('',*,*,#2311,.T.);
#3353=ORIENTED_EDGE('',*,*,#2314,.T.);
#3354=ORIENTED_EDGE('',*,*,#2315,.T.);
#3355=ORIENTED_EDGE('',*,*,#2379,.T.);
#3356=ORIENTED_EDGE('',*,*,#2405,.T.);
#3357=ORIENTED_EDGE('',*,*,#2412,.F.);
#3358=ORIENTED_EDGE('',*,*,#2411,.F.);
#3359=ORIENTED_EDGE('',*,*,#2357,.T.);
#3360=ORIENTED_EDGE('',*,*,#2413,.F.);
#3361=ORIENTED_EDGE('',*,*,#2414,.T.);
#3362=ORIENTED_EDGE('',*,*,#2415,.F.);
#3363=ORIENTED_EDGE('',*,*,#2414,.F.);
#3364=ORIENTED_EDGE('',*,*,#2416,.F.);
#3365=ORIENTED_EDGE('',*,*,#2417,.T.);
#3366=ORIENTED_EDGE('',*,*,#2418,.F.);
#3367=ORIENTED_EDGE('',*,*,#2417,.F.);
#3368=ORIENTED_EDGE('',*,*,#2419,.F.);
#3369=ORIENTED_EDGE('',*,*,#2420,.T.);
#3370=ORIENTED_EDGE('',*,*,#2421,.F.);
#3371=ORIENTED_EDGE('',*,*,#2420,.F.);
#3372=ORIENTED_EDGE('',*,*,#2422,.F.);
#3373=ORIENTED_EDGE('',*,*,#2423,.T.);
#3374=ORIENTED_EDGE('',*,*,#2424,.F.);
#3375=ORIENTED_EDGE('',*,*,#2423,.F.);
#3376=ORIENTED_EDGE('',*,*,#2425,.F.);
#3377=ORIENTED_EDGE('',*,*,#2426,.T.);
#3378=ORIENTED_EDGE('',*,*,#2427,.F.);
#3379=ORIENTED_EDGE('',*,*,#2426,.F.);
#3380=ORIENTED_EDGE('',*,*,#2428,.F.);
#3381=ORIENTED_EDGE('',*,*,#2429,.T.);
#3382=ORIENTED_EDGE('',*,*,#2430,.F.);
#3383=ORIENTED_EDGE('',*,*,#2429,.F.);
#3384=ORIENTED_EDGE('',*,*,#2431,.F.);
#3385=ORIENTED_EDGE('',*,*,#2432,.T.);
#3386=ORIENTED_EDGE('',*,*,#2433,.F.);
#3387=ORIENTED_EDGE('',*,*,#2434,.T.);
#3388=ORIENTED_EDGE('',*,*,#2435,.T.);
#3389=ORIENTED_EDGE('',*,*,#2436,.T.);
#3390=ORIENTED_EDGE('',*,*,#2437,.F.);
#3391=ORIENTED_EDGE('',*,*,#2438,.T.);
#3392=ORIENTED_EDGE('',*,*,#2439,.T.);
#3393=ORIENTED_EDGE('',*,*,#2440,.T.);
#3394=ORIENTED_EDGE('',*,*,#2441,.F.);
#3395=ORIENTED_EDGE('',*,*,#2442,.T.);
#3396=ORIENTED_EDGE('',*,*,#2443,.T.);
#3397=ORIENTED_EDGE('',*,*,#2444,.T.);
#3398=ORIENTED_EDGE('',*,*,#2445,.F.);
#3399=ORIENTED_EDGE('',*,*,#2446,.T.);
#3400=ORIENTED_EDGE('',*,*,#2447,.T.);
#3401=ORIENTED_EDGE('',*,*,#2448,.T.);
#3402=ORIENTED_EDGE('',*,*,#2449,.F.);
#3403=ORIENTED_EDGE('',*,*,#2450,.T.);
#3404=ORIENTED_EDGE('',*,*,#2451,.T.);
#3405=ORIENTED_EDGE('',*,*,#2452,.T.);
#3406=ORIENTED_EDGE('',*,*,#2453,.F.);
#3407=ORIENTED_EDGE('',*,*,#2454,.T.);
#3408=ORIENTED_EDGE('',*,*,#2455,.T.);
#3409=ORIENTED_EDGE('',*,*,#2456,.T.);
#3410=ORIENTED_EDGE('',*,*,#2457,.F.);
#3411=ORIENTED_EDGE('',*,*,#2432,.F.);
#3412=ORIENTED_EDGE('',*,*,#2449,.T.);
#3413=ORIENTED_EDGE('',*,*,#2458,.T.);
#3414=ORIENTED_EDGE('',*,*,#2459,.T.);
#3415=ORIENTED_EDGE('',*,*,#2460,.T.);
#3416=ORIENTED_EDGE('',*,*,#2445,.T.);
#3417=ORIENTED_EDGE('',*,*,#2461,.T.);
#3418=ORIENTED_EDGE('',*,*,#2462,.T.);
#3419=ORIENTED_EDGE('',*,*,#2463,.T.);
#3420=ORIENTED_EDGE('',*,*,#2441,.T.);
#3421=ORIENTED_EDGE('',*,*,#2464,.T.);
#3422=ORIENTED_EDGE('',*,*,#2465,.T.);
#3423=ORIENTED_EDGE('',*,*,#2466,.T.);
#3424=ORIENTED_EDGE('',*,*,#2437,.T.);
#3425=ORIENTED_EDGE('',*,*,#2467,.T.);
#3426=ORIENTED_EDGE('',*,*,#2468,.T.);
#3427=ORIENTED_EDGE('',*,*,#2469,.T.);
#3428=ORIENTED_EDGE('',*,*,#2433,.T.);
#3429=ORIENTED_EDGE('',*,*,#2457,.T.);
#3430=ORIENTED_EDGE('',*,*,#2470,.T.);
#3431=ORIENTED_EDGE('',*,*,#2471,.T.);
#3432=ORIENTED_EDGE('',*,*,#2472,.T.);
#3433=ORIENTED_EDGE('',*,*,#2453,.T.);
#3434=ORIENTED_EDGE('',*,*,#2473,.T.);
#3435=ORIENTED_EDGE('',*,*,#2474,.T.);
#3436=ORIENTED_EDGE('',*,*,#2475,.T.);
#3437=ORIENTED_EDGE('',*,*,#2428,.T.);
#3438=ORIENTED_EDGE('',*,*,#2425,.T.);
#3439=ORIENTED_EDGE('',*,*,#2422,.T.);
#3440=ORIENTED_EDGE('',*,*,#2419,.T.);
#3441=ORIENTED_EDGE('',*,*,#2416,.T.);
#3442=ORIENTED_EDGE('',*,*,#2413,.T.);
#3443=ORIENTED_EDGE('',*,*,#2458,.F.);
#3444=ORIENTED_EDGE('',*,*,#2448,.F.);
#3445=ORIENTED_EDGE('',*,*,#2476,.F.);
#3446=ORIENTED_EDGE('',*,*,#2477,.T.);
#3447=ORIENTED_EDGE('',*,*,#2459,.F.);
#3448=ORIENTED_EDGE('',*,*,#2477,.F.);
#3449=ORIENTED_EDGE('',*,*,#2478,.F.);
#3450=ORIENTED_EDGE('',*,*,#2479,.T.);
#3451=ORIENTED_EDGE('',*,*,#2476,.T.);
#3452=ORIENTED_EDGE('',*,*,#2447,.F.);
#3453=ORIENTED_EDGE('',*,*,#2480,.T.);
#3454=ORIENTED_EDGE('',*,*,#2478,.T.);
#3455=ORIENTED_EDGE('',*,*,#2460,.F.);
#3456=ORIENTED_EDGE('',*,*,#2479,.F.);
#3457=ORIENTED_EDGE('',*,*,#2480,.F.);
#3458=ORIENTED_EDGE('',*,*,#2446,.F.);
#3459=ORIENTED_EDGE('',*,*,#2461,.F.);
#3460=ORIENTED_EDGE('',*,*,#2444,.F.);
#3461=ORIENTED_EDGE('',*,*,#2481,.F.);
#3462=ORIENTED_EDGE('',*,*,#2482,.T.);
#3463=ORIENTED_EDGE('',*,*,#2462,.F.);
#3464=ORIENTED_EDGE('',*,*,#2482,.F.);
#3465=ORIENTED_EDGE('',*,*,#2483,.F.);
#3466=ORIENTED_EDGE('',*,*,#2484,.T.);
#3467=ORIENTED_EDGE('',*,*,#2481,.T.);
#3468=ORIENTED_EDGE('',*,*,#2443,.F.);
#3469=ORIENTED_EDGE('',*,*,#2485,.T.);
#3470=ORIENTED_EDGE('',*,*,#2483,.T.);
#3471=ORIENTED_EDGE('',*,*,#2463,.F.);
#3472=ORIENTED_EDGE('',*,*,#2484,.F.);
#3473=ORIENTED_EDGE('',*,*,#2485,.F.);
#3474=ORIENTED_EDGE('',*,*,#2442,.F.);
#3475=ORIENTED_EDGE('',*,*,#2470,.F.);
#3476=ORIENTED_EDGE('',*,*,#2456,.F.);
#3477=ORIENTED_EDGE('',*,*,#2486,.F.);
#3478=ORIENTED_EDGE('',*,*,#2487,.T.);
#3479=ORIENTED_EDGE('',*,*,#2471,.F.);
#3480=ORIENTED_EDGE('',*,*,#2487,.F.);
#3481=ORIENTED_EDGE('',*,*,#2488,.F.);
#3482=ORIENTED_EDGE('',*,*,#2489,.T.);
#3483=ORIENTED_EDGE('',*,*,#2486,.T.);
#3484=ORIENTED_EDGE('',*,*,#2455,.F.);
#3485=ORIENTED_EDGE('',*,*,#2490,.T.);
#3486=ORIENTED_EDGE('',*,*,#2488,.T.);
#3487=ORIENTED_EDGE('',*,*,#2472,.F.);
#3488=ORIENTED_EDGE('',*,*,#2489,.F.);
#3489=ORIENTED_EDGE('',*,*,#2490,.F.);
#3490=ORIENTED_EDGE('',*,*,#2454,.F.);
#3491=ORIENTED_EDGE('',*,*,#2473,.F.);
#3492=ORIENTED_EDGE('',*,*,#2452,.F.);
#3493=ORIENTED_EDGE('',*,*,#2491,.F.);
#3494=ORIENTED_EDGE('',*,*,#2492,.T.);
#3495=ORIENTED_EDGE('',*,*,#2474,.F.);
#3496=ORIENTED_EDGE('',*,*,#2492,.F.);
#3497=ORIENTED_EDGE('',*,*,#2493,.F.);
#3498=ORIENTED_EDGE('',*,*,#2494,.T.);
#3499=ORIENTED_EDGE('',*,*,#2491,.T.);
#3500=ORIENTED_EDGE('',*,*,#2451,.F.);
#3501=ORIENTED_EDGE('',*,*,#2495,.T.);
#3502=ORIENTED_EDGE('',*,*,#2493,.T.);
#3503=ORIENTED_EDGE('',*,*,#2475,.F.);
#3504=ORIENTED_EDGE('',*,*,#2494,.F.);
#3505=ORIENTED_EDGE('',*,*,#2495,.F.);
#3506=ORIENTED_EDGE('',*,*,#2450,.F.);
#3507=ORIENTED_EDGE('',*,*,#2464,.F.);
#3508=ORIENTED_EDGE('',*,*,#2440,.F.);
#3509=ORIENTED_EDGE('',*,*,#2496,.F.);
#3510=ORIENTED_EDGE('',*,*,#2497,.T.);
#3511=ORIENTED_EDGE('',*,*,#2465,.F.);
#3512=ORIENTED_EDGE('',*,*,#2497,.F.);
#3513=ORIENTED_EDGE('',*,*,#2498,.F.);
#3514=ORIENTED_EDGE('',*,*,#2499,.T.);
#3515=ORIENTED_EDGE('',*,*,#2496,.T.);
#3516=ORIENTED_EDGE('',*,*,#2439,.F.);
#3517=ORIENTED_EDGE('',*,*,#2500,.T.);
#3518=ORIENTED_EDGE('',*,*,#2498,.T.);
#3519=ORIENTED_EDGE('',*,*,#2466,.F.);
#3520=ORIENTED_EDGE('',*,*,#2499,.F.);
#3521=ORIENTED_EDGE('',*,*,#2500,.F.);
#3522=ORIENTED_EDGE('',*,*,#2438,.F.);
#3523=ORIENTED_EDGE('',*,*,#2467,.F.);
#3524=ORIENTED_EDGE('',*,*,#2436,.F.);
#3525=ORIENTED_EDGE('',*,*,#2501,.F.);
#3526=ORIENTED_EDGE('',*,*,#2502,.T.);
#3527=ORIENTED_EDGE('',*,*,#2468,.F.);
#3528=ORIENTED_EDGE('',*,*,#2502,.F.);
#3529=ORIENTED_EDGE('',*,*,#2503,.F.);
#3530=ORIENTED_EDGE('',*,*,#2504,.T.);
#3531=ORIENTED_EDGE('',*,*,#2501,.T.);
#3532=ORIENTED_EDGE('',*,*,#2435,.F.);
#3533=ORIENTED_EDGE('',*,*,#2505,.T.);
#3534=ORIENTED_EDGE('',*,*,#2503,.T.);
#3535=ORIENTED_EDGE('',*,*,#2469,.F.);
#3536=ORIENTED_EDGE('',*,*,#2504,.F.);
#3537=ORIENTED_EDGE('',*,*,#2505,.F.);
#3538=ORIENTED_EDGE('',*,*,#2434,.F.);
#3539=ORIENTED_EDGE('',*,*,#2506,.T.);
#3540=ORIENTED_EDGE('',*,*,#2507,.F.);
#3541=ORIENTED_EDGE('',*,*,#2508,.F.);
#3542=ORIENTED_EDGE('',*,*,#2509,.F.);
#3543=ORIENTED_EDGE('',*,*,#2510,.F.);
#3544=ORIENTED_EDGE('',*,*,#2511,.F.);
#3545=ORIENTED_EDGE('',*,*,#2512,.F.);
#3546=ORIENTED_EDGE('',*,*,#2507,.T.);
#3547=ORIENTED_EDGE('',*,*,#2513,.T.);
#3548=ORIENTED_EDGE('',*,*,#2514,.F.);
#3549=ORIENTED_EDGE('',*,*,#2515,.F.);
#3550=ORIENTED_EDGE('',*,*,#2508,.T.);
#3551=ORIENTED_EDGE('',*,*,#2515,.T.);
#3552=ORIENTED_EDGE('',*,*,#2516,.F.);
#3553=ORIENTED_EDGE('',*,*,#2517,.F.);
#3554=ORIENTED_EDGE('',*,*,#2509,.T.);
#3555=ORIENTED_EDGE('',*,*,#2517,.T.);
#3556=ORIENTED_EDGE('',*,*,#2518,.F.);
#3557=ORIENTED_EDGE('',*,*,#2519,.F.);
#3558=ORIENTED_EDGE('',*,*,#2510,.T.);
#3559=ORIENTED_EDGE('',*,*,#2519,.T.);
#3560=ORIENTED_EDGE('',*,*,#2520,.F.);
#3561=ORIENTED_EDGE('',*,*,#2521,.F.);
#3562=ORIENTED_EDGE('',*,*,#2511,.T.);
#3563=ORIENTED_EDGE('',*,*,#2521,.T.);
#3564=ORIENTED_EDGE('',*,*,#2522,.F.);
#3565=ORIENTED_EDGE('',*,*,#2523,.F.);
#3566=ORIENTED_EDGE('',*,*,#2512,.T.);
#3567=ORIENTED_EDGE('',*,*,#2523,.T.);
#3568=ORIENTED_EDGE('',*,*,#2524,.F.);
#3569=ORIENTED_EDGE('',*,*,#2513,.F.);
#3570=ORIENTED_EDGE('',*,*,#2524,.T.);
#3571=ORIENTED_EDGE('',*,*,#2522,.T.);
#3572=ORIENTED_EDGE('',*,*,#2520,.T.);
#3573=ORIENTED_EDGE('',*,*,#2518,.T.);
#3574=ORIENTED_EDGE('',*,*,#2516,.T.);
#3575=ORIENTED_EDGE('',*,*,#2514,.T.);
#3576=ORIENTED_EDGE('',*,*,#2525,.F.);
#3577=ORIENTED_EDGE('',*,*,#2526,.T.);
#3578=ORIENTED_EDGE('',*,*,#2527,.T.);
#3579=ORIENTED_EDGE('',*,*,#2528,.F.);
#3580=ORIENTED_EDGE('',*,*,#2529,.F.);
#3581=ORIENTED_EDGE('',*,*,#2530,.T.);
#3582=ORIENTED_EDGE('',*,*,#2531,.T.);
#3583=ORIENTED_EDGE('',*,*,#2526,.F.);
#3584=ORIENTED_EDGE('',*,*,#2532,.F.);
#3585=ORIENTED_EDGE('',*,*,#2533,.T.);
#3586=ORIENTED_EDGE('',*,*,#2534,.T.);
#3587=ORIENTED_EDGE('',*,*,#2530,.F.);
#3588=ORIENTED_EDGE('',*,*,#2535,.F.);
#3589=ORIENTED_EDGE('',*,*,#2528,.T.);
#3590=ORIENTED_EDGE('',*,*,#2536,.T.);
#3591=ORIENTED_EDGE('',*,*,#2533,.F.);
#3592=ORIENTED_EDGE('',*,*,#2536,.F.);
#3593=ORIENTED_EDGE('',*,*,#2527,.F.);
#3594=ORIENTED_EDGE('',*,*,#2531,.F.);
#3595=ORIENTED_EDGE('',*,*,#2534,.F.);
#3596=ORIENTED_EDGE('',*,*,#2537,.F.);
#3597=ORIENTED_EDGE('',*,*,#2538,.T.);
#3598=ORIENTED_EDGE('',*,*,#2506,.F.);
#3599=ORIENTED_EDGE('',*,*,#2538,.F.);
#3600=ORIENTED_EDGE('',*,*,#2539,.F.);
#3601=ORIENTED_EDGE('',*,*,#2540,.T.);
#3602=ORIENTED_EDGE('',*,*,#2541,.T.);
#3603=ORIENTED_EDGE('',*,*,#2542,.T.);
#3604=ORIENTED_EDGE('',*,*,#2543,.T.);
#3605=ORIENTED_EDGE('',*,*,#2544,.T.);
#3606=ORIENTED_EDGE('',*,*,#2545,.T.);
#3607=ORIENTED_EDGE('',*,*,#2546,.T.);
#3608=ORIENTED_EDGE('',*,*,#2547,.T.);
#3609=ORIENTED_EDGE('',*,*,#2525,.T.);
#3610=ORIENTED_EDGE('',*,*,#2535,.T.);
#3611=ORIENTED_EDGE('',*,*,#2532,.T.);
#3612=ORIENTED_EDGE('',*,*,#2529,.T.);
#3613=ORIENTED_EDGE('',*,*,#2537,.T.);
#3614=ORIENTED_EDGE('',*,*,#2430,.T.);
#3615=ORIENTED_EDGE('',*,*,#2427,.T.);
#3616=ORIENTED_EDGE('',*,*,#2424,.T.);
#3617=ORIENTED_EDGE('',*,*,#2421,.T.);
#3618=ORIENTED_EDGE('',*,*,#2418,.T.);
#3619=ORIENTED_EDGE('',*,*,#2415,.T.);
#3620=ORIENTED_EDGE('',*,*,#2539,.T.);
#3621=ORIENTED_EDGE('',*,*,#2548,.T.);
#3622=ORIENTED_EDGE('',*,*,#2431,.T.);
#3623=ORIENTED_EDGE('',*,*,#2548,.F.);
#3624=ORIENTED_EDGE('',*,*,#2544,.F.);
#3625=ORIENTED_EDGE('',*,*,#2549,.T.);
#3626=ORIENTED_EDGE('',*,*,#2550,.T.);
#3627=ORIENTED_EDGE('',*,*,#2551,.F.);
#3628=ORIENTED_EDGE('',*,*,#2547,.F.);
#3629=ORIENTED_EDGE('',*,*,#2552,.T.);
#3630=ORIENTED_EDGE('',*,*,#2553,.T.);
#3631=ORIENTED_EDGE('',*,*,#2549,.F.);
#3632=ORIENTED_EDGE('',*,*,#2546,.F.);
#3633=ORIENTED_EDGE('',*,*,#2554,.T.);
#3634=ORIENTED_EDGE('',*,*,#2555,.T.);
#3635=ORIENTED_EDGE('',*,*,#2552,.F.);
#3636=ORIENTED_EDGE('',*,*,#2545,.F.);
#3637=ORIENTED_EDGE('',*,*,#2551,.T.);
#3638=ORIENTED_EDGE('',*,*,#2556,.T.);
#3639=ORIENTED_EDGE('',*,*,#2554,.F.);
#3640=ORIENTED_EDGE('',*,*,#2556,.F.);
#3641=ORIENTED_EDGE('',*,*,#2550,.F.);
#3642=ORIENTED_EDGE('',*,*,#2553,.F.);
#3643=ORIENTED_EDGE('',*,*,#2555,.F.);
#3644=ORIENTED_EDGE('',*,*,#2540,.F.);
#3645=ORIENTED_EDGE('',*,*,#2557,.T.);
#3646=ORIENTED_EDGE('',*,*,#2558,.T.);
#3647=ORIENTED_EDGE('',*,*,#2559,.F.);
#3648=ORIENTED_EDGE('',*,*,#2543,.F.);
#3649=ORIENTED_EDGE('',*,*,#2560,.T.);
#3650=ORIENTED_EDGE('',*,*,#2561,.T.);
#3651=ORIENTED_EDGE('',*,*,#2557,.F.);
#3652=ORIENTED_EDGE('',*,*,#2542,.F.);
#3653=ORIENTED_EDGE('',*,*,#2562,.T.);
#3654=ORIENTED_EDGE('',*,*,#2563,.T.);
#3655=ORIENTED_EDGE('',*,*,#2560,.F.);
#3656=ORIENTED_EDGE('',*,*,#2541,.F.);
#3657=ORIENTED_EDGE('',*,*,#2559,.T.);
#3658=ORIENTED_EDGE('',*,*,#2564,.T.);
#3659=ORIENTED_EDGE('',*,*,#2562,.F.);
#3660=ORIENTED_EDGE('',*,*,#2564,.F.);
#3661=ORIENTED_EDGE('',*,*,#2558,.F.);
#3662=ORIENTED_EDGE('',*,*,#2561,.F.);
#3663=ORIENTED_EDGE('',*,*,#2563,.F.);
#3664=ORIENTED_EDGE('',*,*,#2565,.F.);
#3665=ORIENTED_EDGE('',*,*,#2566,.T.);
#3666=ORIENTED_EDGE('',*,*,#2567,.T.);
#3667=ORIENTED_EDGE('',*,*,#2566,.F.);
#3668=ORIENTED_EDGE('',*,*,#2568,.F.);
#3669=ORIENTED_EDGE('',*,*,#2569,.T.);
#3670=ORIENTED_EDGE('',*,*,#2570,.T.);
#3671=ORIENTED_EDGE('',*,*,#2569,.F.);
#3672=ORIENTED_EDGE('',*,*,#2568,.T.);
#3673=ORIENTED_EDGE('',*,*,#2565,.T.);
#3674=ORIENTED_EDGE('',*,*,#2570,.F.);
#3675=ORIENTED_EDGE('',*,*,#2567,.F.);
#3676=ORIENTED_EDGE('',*,*,#2571,.F.);
#3677=ORIENTED_EDGE('',*,*,#2572,.T.);
#3678=ORIENTED_EDGE('',*,*,#2573,.T.);
#3679=ORIENTED_EDGE('',*,*,#2574,.T.);
#3680=ORIENTED_EDGE('',*,*,#2572,.F.);
#3681=ORIENTED_EDGE('',*,*,#2571,.T.);
#3682=ORIENTED_EDGE('',*,*,#2575,.T.);
#3683=ORIENTED_EDGE('',*,*,#2576,.F.);
#3684=ORIENTED_EDGE('',*,*,#2575,.F.);
#3685=ORIENTED_EDGE('',*,*,#2577,.F.);
#3686=ORIENTED_EDGE('',*,*,#2578,.T.);
#3687=ORIENTED_EDGE('',*,*,#2579,.F.);
#3688=ORIENTED_EDGE('',*,*,#2578,.F.);
#3689=ORIENTED_EDGE('',*,*,#2574,.F.);
#3690=ORIENTED_EDGE('',*,*,#2580,.T.);
#3691=ORIENTED_EDGE('',*,*,#2577,.T.);
#3692=ORIENTED_EDGE('',*,*,#2580,.F.);
#3693=ORIENTED_EDGE('',*,*,#2573,.F.);
#3694=ORIENTED_EDGE('',*,*,#2581,.T.);
#3695=ORIENTED_EDGE('',*,*,#2582,.T.);
#3696=ORIENTED_EDGE('',*,*,#2583,.F.);
#3697=ORIENTED_EDGE('',*,*,#2584,.T.);
#3698=ORIENTED_EDGE('',*,*,#2585,.F.);
#3699=ORIENTED_EDGE('',*,*,#2586,.F.);
#3700=ORIENTED_EDGE('',*,*,#2587,.T.);
#3701=ORIENTED_EDGE('',*,*,#2588,.F.);
#3702=ORIENTED_EDGE('',*,*,#2584,.F.);
#3703=ORIENTED_EDGE('',*,*,#2589,.F.);
#3704=ORIENTED_EDGE('',*,*,#2590,.T.);
#3705=ORIENTED_EDGE('',*,*,#2591,.T.);
#3706=ORIENTED_EDGE('',*,*,#2592,.T.);
#3707=ORIENTED_EDGE('',*,*,#2593,.T.);
#3708=ORIENTED_EDGE('',*,*,#2594,.T.);
#3709=ORIENTED_EDGE('',*,*,#2595,.T.);
#3710=ORIENTED_EDGE('',*,*,#2586,.T.);
#3711=ORIENTED_EDGE('',*,*,#2596,.T.);
#3712=ORIENTED_EDGE('',*,*,#2597,.T.);
#3713=ORIENTED_EDGE('',*,*,#2582,.F.);
#3714=ORIENTED_EDGE('',*,*,#2598,.T.);
#3715=ORIENTED_EDGE('',*,*,#2599,.T.);
#3716=ORIENTED_EDGE('',*,*,#2588,.T.);
#3717=ORIENTED_EDGE('',*,*,#2600,.T.);
#3718=ORIENTED_EDGE('',*,*,#2601,.T.);
#3719=ORIENTED_EDGE('',*,*,#2602,.T.);
#3720=ORIENTED_EDGE('',*,*,#2603,.T.);
#3721=ORIENTED_EDGE('',*,*,#2604,.F.);
#3722=ORIENTED_EDGE('',*,*,#2605,.T.);
#3723=ORIENTED_EDGE('',*,*,#2606,.T.);
#3724=ORIENTED_EDGE('',*,*,#2607,.F.);
#3725=ORIENTED_EDGE('',*,*,#2608,.F.);
#3726=ORIENTED_EDGE('',*,*,#2609,.F.);
#3727=ORIENTED_EDGE('',*,*,#2607,.T.);
#3728=ORIENTED_EDGE('',*,*,#2610,.T.);
#3729=ORIENTED_EDGE('',*,*,#2611,.T.);
#3730=ORIENTED_EDGE('',*,*,#2612,.T.);
#3731=ORIENTED_EDGE('',*,*,#2613,.F.);
#3732=ORIENTED_EDGE('',*,*,#2614,.F.);
#3733=ORIENTED_EDGE('',*,*,#2614,.T.);
#3734=ORIENTED_EDGE('',*,*,#2615,.F.);
#3735=ORIENTED_EDGE('',*,*,#2616,.T.);
#3736=ORIENTED_EDGE('',*,*,#2617,.T.);
#3737=ORIENTED_EDGE('',*,*,#2618,.T.);
#3738=ORIENTED_EDGE('',*,*,#2619,.F.);
#3739=ORIENTED_EDGE('',*,*,#2576,.T.);
#3740=ORIENTED_EDGE('',*,*,#2620,.F.);
#3741=ORIENTED_EDGE('',*,*,#2621,.T.);
#3742=ORIENTED_EDGE('',*,*,#2622,.T.);
#3743=ORIENTED_EDGE('',*,*,#2621,.F.);
#3744=ORIENTED_EDGE('',*,*,#2623,.F.);
#3745=ORIENTED_EDGE('',*,*,#2624,.F.);
#3746=ORIENTED_EDGE('',*,*,#2625,.T.);
#3747=ORIENTED_EDGE('',*,*,#2626,.T.);
#3748=ORIENTED_EDGE('',*,*,#2601,.F.);
#3749=ORIENTED_EDGE('',*,*,#2627,.F.);
#3750=ORIENTED_EDGE('',*,*,#2628,.F.);
#3751=ORIENTED_EDGE('',*,*,#2629,.T.);
#3752=ORIENTED_EDGE('',*,*,#2630,.T.);
#3753=ORIENTED_EDGE('',*,*,#2624,.T.);
#3754=ORIENTED_EDGE('',*,*,#2631,.F.);
#3755=ORIENTED_EDGE('',*,*,#2632,.F.);
#3756=ORIENTED_EDGE('',*,*,#2633,.F.);
#3757=ORIENTED_EDGE('',*,*,#2634,.F.);
#3758=ORIENTED_EDGE('',*,*,#2635,.F.);
#3759=ORIENTED_EDGE('',*,*,#2636,.T.);
#3760=ORIENTED_EDGE('',*,*,#2637,.T.);
#3761=ORIENTED_EDGE('',*,*,#2632,.T.);
#3762=ORIENTED_EDGE('',*,*,#2622,.F.);
#3763=ORIENTED_EDGE('',*,*,#2619,.T.);
#3764=ORIENTED_EDGE('',*,*,#2638,.F.);
#3765=ORIENTED_EDGE('',*,*,#2634,.T.);
#3766=ORIENTED_EDGE('',*,*,#2639,.T.);
#3767=ORIENTED_EDGE('',*,*,#2640,.T.);
#3768=ORIENTED_EDGE('',*,*,#2620,.T.);
#3769=ORIENTED_EDGE('',*,*,#2633,.T.);
#3770=ORIENTED_EDGE('',*,*,#2637,.F.);
#3771=ORIENTED_EDGE('',*,*,#2641,.F.);
#3772=ORIENTED_EDGE('',*,*,#2639,.F.);
#3773=ORIENTED_EDGE('',*,*,#2642,.F.);
#3774=ORIENTED_EDGE('',*,*,#2640,.F.);
#3775=ORIENTED_EDGE('',*,*,#2641,.T.);
#3776=ORIENTED_EDGE('',*,*,#2636,.F.);
#3777=ORIENTED_EDGE('',*,*,#2643,.F.);
#3778=ORIENTED_EDGE('',*,*,#2612,.F.);
#3779=ORIENTED_EDGE('',*,*,#2644,.F.);
#3780=ORIENTED_EDGE('',*,*,#2645,.F.);
#3781=ORIENTED_EDGE('',*,*,#2646,.F.);
#3782=ORIENTED_EDGE('',*,*,#2647,.F.);
#3783=ORIENTED_EDGE('',*,*,#2648,.T.);
#3784=ORIENTED_EDGE('',*,*,#2616,.F.);
#3785=ORIENTED_EDGE('',*,*,#2592,.F.);
#3786=ORIENTED_EDGE('',*,*,#2649,.F.);
#3787=ORIENTED_EDGE('',*,*,#2605,.F.);
#3788=ORIENTED_EDGE('',*,*,#2650,.F.);
#3789=ORIENTED_EDGE('',*,*,#2644,.T.);
#3790=ORIENTED_EDGE('',*,*,#2611,.F.);
#3791=ORIENTED_EDGE('',*,*,#2651,.F.);
#3792=ORIENTED_EDGE('',*,*,#2652,.F.);
#3793=ORIENTED_EDGE('',*,*,#2653,.T.);
#3794=ORIENTED_EDGE('',*,*,#2617,.F.);
#3795=ORIENTED_EDGE('',*,*,#2648,.F.);
#3796=ORIENTED_EDGE('',*,*,#2649,.T.);
#3797=ORIENTED_EDGE('',*,*,#2654,.F.);
#3798=ORIENTED_EDGE('',*,*,#2651,.T.);
#3799=ORIENTED_EDGE('',*,*,#2610,.F.);
#3800=ORIENTED_EDGE('',*,*,#2606,.F.);
#3801=ORIENTED_EDGE('',*,*,#2655,.F.);
#3802=ORIENTED_EDGE('',*,*,#2608,.T.);
#3803=ORIENTED_EDGE('',*,*,#2618,.F.);
#3804=ORIENTED_EDGE('',*,*,#2653,.F.);
#3805=ORIENTED_EDGE('',*,*,#2646,.T.);
#3806=ORIENTED_EDGE('',*,*,#2615,.T.);
#3807=ORIENTED_EDGE('',*,*,#2613,.T.);
#3808=ORIENTED_EDGE('',*,*,#2643,.T.);
#3809=ORIENTED_EDGE('',*,*,#2656,.T.);
#3810=ORIENTED_EDGE('',*,*,#2590,.F.);
#3811=ORIENTED_EDGE('',*,*,#2657,.F.);
#3812=ORIENTED_EDGE('',*,*,#2603,.F.);
#3813=ORIENTED_EDGE('',*,*,#2658,.T.);
#3814=ORIENTED_EDGE('',*,*,#2654,.T.);
#3815=ORIENTED_EDGE('',*,*,#2591,.F.);
#3816=ORIENTED_EDGE('',*,*,#2656,.F.);
#3817=ORIENTED_EDGE('',*,*,#2645,.T.);
#3818=ORIENTED_EDGE('',*,*,#2650,.T.);
#3819=ORIENTED_EDGE('',*,*,#2609,.T.);
#3820=ORIENTED_EDGE('',*,*,#2655,.T.);
#3821=ORIENTED_EDGE('',*,*,#2652,.T.);
#3822=ORIENTED_EDGE('',*,*,#2647,.T.);
#3823=ORIENTED_EDGE('',*,*,#2658,.F.);
#3824=ORIENTED_EDGE('',*,*,#2602,.F.);
#3825=ORIENTED_EDGE('',*,*,#2626,.F.);
#3826=ORIENTED_EDGE('',*,*,#2659,.F.);
#3827=ORIENTED_EDGE('',*,*,#2660,.F.);
#3828=ORIENTED_EDGE('',*,*,#2593,.F.);
#3829=ORIENTED_EDGE('',*,*,#2661,.F.);
#3830=ORIENTED_EDGE('',*,*,#2659,.T.);
#3831=ORIENTED_EDGE('',*,*,#2625,.F.);
#3832=ORIENTED_EDGE('',*,*,#2630,.F.);
#3833=ORIENTED_EDGE('',*,*,#2662,.F.);
#3834=ORIENTED_EDGE('',*,*,#2663,.F.);
#3835=ORIENTED_EDGE('',*,*,#2594,.F.);
#3836=ORIENTED_EDGE('',*,*,#2660,.T.);
#3837=ORIENTED_EDGE('',*,*,#2661,.T.);
#3838=ORIENTED_EDGE('',*,*,#2629,.F.);
#3839=ORIENTED_EDGE('',*,*,#2657,.T.);
#3840=ORIENTED_EDGE('',*,*,#2589,.T.);
#3841=ORIENTED_EDGE('',*,*,#2583,.T.);
#3842=ORIENTED_EDGE('',*,*,#2604,.T.);
#3843=ORIENTED_EDGE('',*,*,#2664,.F.);
#3844=ORIENTED_EDGE('',*,*,#2627,.T.);
#3845=ORIENTED_EDGE('',*,*,#2600,.F.);
#3846=ORIENTED_EDGE('',*,*,#2587,.F.);
#3847=ORIENTED_EDGE('',*,*,#2595,.F.);
#3848=ORIENTED_EDGE('',*,*,#2663,.T.);
#3849=ORIENTED_EDGE('',*,*,#2599,.F.);
#3850=ORIENTED_EDGE('',*,*,#2665,.F.);
#3851=ORIENTED_EDGE('',*,*,#2596,.F.);
#3852=ORIENTED_EDGE('',*,*,#2585,.T.);
#3853=ORIENTED_EDGE('',*,*,#2665,.T.);
#3854=ORIENTED_EDGE('',*,*,#2598,.F.);
#3855=ORIENTED_EDGE('',*,*,#2581,.F.);
#3856=ORIENTED_EDGE('',*,*,#2597,.F.);
#3857=ORIENTED_EDGE('',*,*,#2635,.T.);
#3858=ORIENTED_EDGE('',*,*,#2631,.T.);
#3859=ORIENTED_EDGE('',*,*,#2638,.T.);
#3860=ORIENTED_EDGE('',*,*,#2642,.T.);
#3861=ORIENTED_EDGE('',*,*,#2579,.T.);
#3862=ORIENTED_EDGE('',*,*,#2628,.T.);
#3863=ORIENTED_EDGE('',*,*,#2623,.T.);
#3864=ORIENTED_EDGE('',*,*,#2664,.T.);
#3865=ORIENTED_EDGE('',*,*,#2662,.T.);
#3866=PLANE('',#4286);
#3867=PLANE('',#4287);
#3868=PLANE('',#4288);
#3869=PLANE('',#4289);
#3870=PLANE('',#4290);
#3871=PLANE('',#4294);
#3872=PLANE('',#4295);
#3873=PLANE('',#4296);
#3874=PLANE('',#4297);
#3875=PLANE('',#4298);
#3876=PLANE('',#4299);
#3877=PLANE('',#4300);
#3878=PLANE('',#4304);
#3879=PLANE('',#4305);
#3880=PLANE('',#4317);
#3881=PLANE('',#4318);
#3882=PLANE('',#4319);
#3883=PLANE('',#4321);
#3884=PLANE('',#4324);
#3885=PLANE('',#4325);
#3886=PLANE('',#4326);
#3887=PLANE('',#4328);
#3888=PLANE('',#4335);
#3889=PLANE('',#4336);
#3890=PLANE('',#4339);
#3891=PLANE('',#4341);
#3892=PLANE('',#4343);
#3893=PLANE('',#4344);
#3894=PLANE('',#4345);
#3895=PLANE('',#4351);
#3896=PLANE('',#4362);
#3897=PLANE('',#4363);
#3898=PLANE('',#4364);
#3899=PLANE('',#4366);
#3900=PLANE('',#4369);
#3901=PLANE('',#4370);
#3902=PLANE('',#4371);
#3903=PLANE('',#4373);
#3904=PLANE('',#4378);
#3905=PLANE('',#4382);
#3906=PLANE('',#4383);
#3907=PLANE('',#4387);
#3908=PLANE('',#4393);
#3909=PLANE('',#4394);
#3910=PLANE('',#4395);
#3911=PLANE('',#4396);
#3912=PLANE('',#4407);
#3913=PLANE('',#4408);
#3914=PLANE('',#4409);
#3915=PLANE('',#4411);
#3916=PLANE('',#4414);
#3917=PLANE('',#4415);
#3918=PLANE('',#4416);
#3919=PLANE('',#4418);
#3920=PLANE('',#4425);
#3921=PLANE('',#4427);
#3922=PLANE('',#4429);
#3923=PLANE('',#4430);
#3924=PLANE('',#4431);
#3925=PLANE('',#4432);
#3926=PLANE('',#4433);
#3927=PLANE('',#4439);
#3928=PLANE('',#4476);
#3929=PLANE('',#4477);
#3930=PLANE('',#4478);
#3931=PLANE('',#4479);
#3932=PLANE('',#4480);
#3933=PLANE('',#4481);
#3934=PLANE('',#4482);
#3935=PLANE('',#4483);
#3936=PLANE('',#4484);
#3937=PLANE('',#4485);
#3938=PLANE('',#4486);
#3939=PLANE('',#4487);
#3940=PLANE('',#4488);
#3941=PLANE('',#4489);
#3942=PLANE('',#4490);
#3943=PLANE('',#4491);
#3944=PLANE('',#4492);
#3945=PLANE('',#4493);
#3946=PLANE('',#4494);
#3947=PLANE('',#4495);
#3948=PLANE('',#4496);
#3949=PLANE('',#4497);
#3950=PLANE('',#4498);
#3951=PLANE('',#4499);
#3952=PLANE('',#4500);
#3953=PLANE('',#4501);
#3954=PLANE('',#4503);
#3955=PLANE('',#4504);
#3956=PLANE('',#4505);
#3957=PLANE('',#4506);
#3958=PLANE('',#4507);
#3959=PLANE('',#4508);
#3960=PLANE('',#4509);
#3961=PLANE('',#4510);
#3962=PLANE('',#4511);
#3963=PLANE('',#4512);
#3964=PLANE('',#4513);
#3965=PLANE('',#4514);
#3966=PLANE('',#4517);
#3967=PLANE('',#4521);
#3968=PLANE('',#4522);
#3969=PLANE('',#4523);
#3970=PLANE('',#4524);
#3971=PLANE('',#4525);
#3972=PLANE('',#4526);
#3973=PLANE('',#4527);
#3974=PLANE('',#4528);
#3975=PLANE('',#4529);
#3976=PLANE('',#4530);
#3977=PLANE('',#4538);
#3978=PLANE('',#4539);
#3979=PLANE('',#4545);
#3980=PLANE('',#4578);
#3981=PLANE('',#4579);
#3982=PLANE('',#4581);
#3983=PLANE('',#4582);
#3984=PLANE('',#4583);
#3985=PLANE('',#4584);
#3986=PLANE('',#4585);
#3987=PLANE('',#4586);
#3988=PLANE('',#4592);
#3989=PLANE('',#4597);
#3990=PLANE('',#4598);
#3991=PLANE('',#4602);
#3992=PLANE('',#4603);
#3993=PLANE('',#4606);
#3994=PLANE('',#4608);
#3995=PLANE('',#4611);
#3996=PLANE('',#4612);
#3997=ADVANCED_FACE('',(#458,#403),#3866,.F.);
#3998=ADVANCED_FACE('',(#459),#3867,.T.);
#3999=ADVANCED_FACE('',(#460),#3868,.T.);
#4000=ADVANCED_FACE('',(#461),#3869,.T.);
#4001=ADVANCED_FACE('',(#462),#3870,.T.);
#4002=ADVANCED_FACE('',(#463),#351,.T.);
#4003=ADVANCED_FACE('',(#464,#404),#3871,.T.);
#4004=ADVANCED_FACE('',(#465),#3872,.T.);
#4005=ADVANCED_FACE('',(#466),#3873,.T.);
#4006=ADVANCED_FACE('',(#467),#3874,.T.);
#4007=ADVANCED_FACE('',(#468),#3875,.T.);
#4008=ADVANCED_FACE('',(#469),#3876,.T.);
#4009=ADVANCED_FACE('',(#470),#3877,.T.);
#4010=ADVANCED_FACE('',(#471),#352,.T.);
#4011=ADVANCED_FACE('',(#472,#405),#3878,.T.);
#4012=ADVANCED_FACE('',(#473,#406),#3879,.F.);
#4013=ADVANCED_FACE('',(#474),#353,.F.);
#4014=ADVANCED_FACE('',(#475),#354,.F.);
#4015=ADVANCED_FACE('',(#476),#355,.F.);
#4016=ADVANCED_FACE('',(#477),#356,.F.);
#4017=ADVANCED_FACE('',(#478),#3880,.T.);
#4018=ADVANCED_FACE('',(#479),#3881,.T.);
#4019=ADVANCED_FACE('',(#480),#3882,.T.);
#4020=ADVANCED_FACE('',(#481),#3883,.T.);
#4021=ADVANCED_FACE('',(#482),#357,.F.);
#4022=ADVANCED_FACE('',(#483),#3884,.T.);
#4023=ADVANCED_FACE('',(#484),#3885,.T.);
#4024=ADVANCED_FACE('',(#485),#3886,.T.);
#4025=ADVANCED_FACE('',(#486),#3887,.T.);
#4026=ADVANCED_FACE('',(#487),#358,.F.);
#4027=ADVANCED_FACE('',(#488),#55,.F.);
#4028=ADVANCED_FACE('',(#489),#56,.F.);
#4029=ADVANCED_FACE('',(#490),#57,.F.);
#4030=ADVANCED_FACE('',(#491),#3888,.F.);
#4031=ADVANCED_FACE('',(#492),#58,.F.);
#4032=ADVANCED_FACE('',(#493),#59,.F.);
#4033=ADVANCED_FACE('',(#494),#3889,.T.);
#4034=ADVANCED_FACE('',(#495),#359,.T.);
#4035=ADVANCED_FACE('',(#496,#407,#408),#3890,.F.);
#4036=ADVANCED_FACE('',(#497,#409,#410),#3891,.F.);
#4037=ADVANCED_FACE('',(#498),#360,.F.);
#4038=ADVANCED_FACE('',(#499),#3892,.F.);
#4039=ADVANCED_FACE('',(#500,#411,#412),#3893,.T.);
#4040=ADVANCED_FACE('',(#501,#413),#3894,.F.);
#4041=ADVANCED_FACE('',(#502),#60,.F.);
#4042=ADVANCED_FACE('',(#503),#361,.F.);
#4043=ADVANCED_FACE('',(#504),#61,.F.);
#4044=ADVANCED_FACE('',(#505,#414,#415),#62,.F.);
#4045=ADVANCED_FACE('',(#506),#63,.F.);
#4046=ADVANCED_FACE('',(#507),#64,.F.);
#4047=ADVANCED_FACE('',(#508),#65,.F.);
#4048=ADVANCED_FACE('',(#509),#3895,.T.);
#4049=ADVANCED_FACE('',(#510),#362,.F.);
#4050=ADVANCED_FACE('',(#511),#363,.F.);
#4051=ADVANCED_FACE('',(#512),#364,.F.);
#4052=ADVANCED_FACE('',(#513),#365,.F.);
#4053=ADVANCED_FACE('',(#514),#3896,.T.);
#4054=ADVANCED_FACE('',(#515),#3897,.T.);
#4055=ADVANCED_FACE('',(#516),#3898,.T.);
#4056=ADVANCED_FACE('',(#517),#3899,.T.);
#4057=ADVANCED_FACE('',(#518),#366,.F.);
#4058=ADVANCED_FACE('',(#519),#3900,.T.);
#4059=ADVANCED_FACE('',(#520),#3901,.T.);
#4060=ADVANCED_FACE('',(#521),#3902,.T.);
#4061=ADVANCED_FACE('',(#522),#3903,.T.);
#4062=ADVANCED_FACE('',(#523),#367,.F.);
#4063=ADVANCED_FACE('',(#524,#416,#417),#3904,.F.);
#4064=ADVANCED_FACE('',(#525),#368,.T.);
#4065=ADVANCED_FACE('',(#526),#3905,.F.);
#4066=ADVANCED_FACE('',(#527,#418,#419),#3906,.T.);
#4067=ADVANCED_FACE('',(#528),#369,.F.);
#4068=ADVANCED_FACE('',(#529),#66,.F.);
#4069=ADVANCED_FACE('',(#530,#420,#421),#67,.F.);
#4070=ADVANCED_FACE('',(#531),#68,.F.);
#4071=ADVANCED_FACE('',(#532,#422),#3907,.F.);
#4072=ADVANCED_FACE('',(#533),#69,.F.);
#4073=ADVANCED_FACE('',(#534),#70,.F.);
#4074=ADVANCED_FACE('',(#535),#71,.F.);
#4075=ADVANCED_FACE('',(#536),#72,.F.);
#4076=ADVANCED_FACE('',(#537),#73,.F.);
#4077=ADVANCED_FACE('',(#538),#74,.F.);
#4078=ADVANCED_FACE('',(#539),#370,.F.);
#4079=ADVANCED_FACE('',(#540),#3908,.F.);
#4080=ADVANCED_FACE('',(#541,#423,#424),#3909,.F.);
#4081=ADVANCED_FACE('',(#542),#3910,.F.);
#4082=ADVANCED_FACE('',(#543),#75,.F.);
#4083=ADVANCED_FACE('',(#544),#76,.F.);
#4084=ADVANCED_FACE('',(#545),#3911,.T.);
#4085=ADVANCED_FACE('',(#546),#371,.F.);
#4086=ADVANCED_FACE('',(#547),#372,.F.);
#4087=ADVANCED_FACE('',(#548),#373,.F.);
#4088=ADVANCED_FACE('',(#549),#374,.F.);
#4089=ADVANCED_FACE('',(#550),#3912,.T.);
#4090=ADVANCED_FACE('',(#551),#3913,.T.);
#4091=ADVANCED_FACE('',(#552),#3914,.T.);
#4092=ADVANCED_FACE('',(#553),#3915,.T.);
#4093=ADVANCED_FACE('',(#554),#375,.F.);
#4094=ADVANCED_FACE('',(#555),#3916,.T.);
#4095=ADVANCED_FACE('',(#556),#3917,.T.);
#4096=ADVANCED_FACE('',(#557),#3918,.T.);
#4097=ADVANCED_FACE('',(#558),#3919,.T.);
#4098=ADVANCED_FACE('',(#559),#376,.F.);
#4099=ADVANCED_FACE('',(#560),#377,.T.);
#4100=ADVANCED_FACE('',(#561,#425,#426),#3920,.F.);
#4101=ADVANCED_FACE('',(#562),#3921,.F.);
#4102=ADVANCED_FACE('',(#563),#77,.F.);
#4103=ADVANCED_FACE('',(#564),#378,.F.);
#4104=ADVANCED_FACE('',(#565),#3922,.F.);
#4105=ADVANCED_FACE('',(#566),#78,.F.);
#4106=ADVANCED_FACE('',(#567,#427,#428),#3923,.T.);
#4107=ADVANCED_FACE('',(#568),#3924,.F.);
#4108=ADVANCED_FACE('',(#569,#429,#430),#3925,.F.);
#4109=ADVANCED_FACE('',(#570),#3926,.F.);
#4110=ADVANCED_FACE('',(#571),#379,.F.);
#4111=ADVANCED_FACE('',(#572),#79,.F.);
#4112=ADVANCED_FACE('',(#573),#80,.F.);
#4113=ADVANCED_FACE('',(#574),#81,.F.);
#4114=ADVANCED_FACE('',(#575),#82,.F.);
#4115=ADVANCED_FACE('',(#576),#83,.F.);
#4116=ADVANCED_FACE('',(#577),#84,.F.);
#4117=ADVANCED_FACE('',(#578,#431),#3927,.F.);
#4118=ADVANCED_FACE('',(#579),#85,.F.);
#4119=ADVANCED_FACE('',(#580,#432,#433),#86,.F.);
#4120=ADVANCED_FACE('',(#581),#87,.F.);
#4121=ADVANCED_FACE('',(#582),#380,.F.);
#4122=ADVANCED_FACE('',(#583),#381,.F.);
#4123=ADVANCED_FACE('',(#584),#382,.F.);
#4124=ADVANCED_FACE('',(#585),#383,.F.);
#4125=ADVANCED_FACE('',(#586),#384,.F.);
#4126=ADVANCED_FACE('',(#587),#385,.F.);
#4127=ADVANCED_FACE('',(#588),#386,.T.);
#4128=ADVANCED_FACE('',(#589,#434,#435,#436,#437,#438,#439),#3928,.T.);
#4129=ADVANCED_FACE('',(#590),#3929,.F.);
#4130=ADVANCED_FACE('',(#591),#3930,.F.);
#4131=ADVANCED_FACE('',(#592),#3931,.F.);
#4132=ADVANCED_FACE('',(#593),#3932,.F.);
#4133=ADVANCED_FACE('',(#594),#3933,.F.);
#4134=ADVANCED_FACE('',(#595),#3934,.F.);
#4135=ADVANCED_FACE('',(#596),#3935,.F.);
#4136=ADVANCED_FACE('',(#597),#3936,.F.);
#4137=ADVANCED_FACE('',(#598),#3937,.F.);
#4138=ADVANCED_FACE('',(#599),#3938,.F.);
#4139=ADVANCED_FACE('',(#600),#3939,.F.);
#4140=ADVANCED_FACE('',(#601),#3940,.F.);
#4141=ADVANCED_FACE('',(#602),#3941,.F.);
#4142=ADVANCED_FACE('',(#603),#3942,.F.);
#4143=ADVANCED_FACE('',(#604),#3943,.F.);
#4144=ADVANCED_FACE('',(#605),#3944,.F.);
#4145=ADVANCED_FACE('',(#606),#3945,.F.);
#4146=ADVANCED_FACE('',(#607),#3946,.F.);
#4147=ADVANCED_FACE('',(#608),#3947,.F.);
#4148=ADVANCED_FACE('',(#609),#3948,.F.);
#4149=ADVANCED_FACE('',(#610),#3949,.F.);
#4150=ADVANCED_FACE('',(#611),#3950,.F.);
#4151=ADVANCED_FACE('',(#612),#3951,.F.);
#4152=ADVANCED_FACE('',(#613),#3952,.F.);
#4153=ADVANCED_FACE('',(#614,#440),#3953,.F.);
#4154=ADVANCED_FACE('',(#615),#3954,.T.);
#4155=ADVANCED_FACE('',(#616),#3955,.T.);
#4156=ADVANCED_FACE('',(#617),#3956,.T.);
#4157=ADVANCED_FACE('',(#618),#3957,.T.);
#4158=ADVANCED_FACE('',(#619),#3958,.T.);
#4159=ADVANCED_FACE('',(#620),#3959,.T.);
#4160=ADVANCED_FACE('',(#621),#3960,.T.);
#4161=ADVANCED_FACE('',(#622),#3961,.F.);
#4162=ADVANCED_FACE('',(#623),#3962,.F.);
#4163=ADVANCED_FACE('',(#624),#3963,.F.);
#4164=ADVANCED_FACE('',(#625),#3964,.F.);
#4165=ADVANCED_FACE('',(#626),#3965,.F.);
#4166=ADVANCED_FACE('',(#627),#387,.F.);
#4167=ADVANCED_FACE('',(#628,#441,#442,#443,#444,#445,#446,#447,#448,#449,
#450),#3966,.F.);
#4168=ADVANCED_FACE('',(#629),#52,.T.);
#4169=ADVANCED_FACE('',(#630),#3967,.F.);
#4170=ADVANCED_FACE('',(#631),#3968,.F.);
#4171=ADVANCED_FACE('',(#632),#3969,.F.);
#4172=ADVANCED_FACE('',(#633),#3970,.F.);
#4173=ADVANCED_FACE('',(#634),#3971,.F.);
#4174=ADVANCED_FACE('',(#635),#3972,.F.);
#4175=ADVANCED_FACE('',(#636),#3973,.F.);
#4176=ADVANCED_FACE('',(#637),#3974,.F.);
#4177=ADVANCED_FACE('',(#638),#3975,.F.);
#4178=ADVANCED_FACE('',(#639),#3976,.F.);
#4179=ADVANCED_FACE('',(#640),#388,.F.);
#4180=ADVANCED_FACE('',(#641),#389,.T.);
#4181=ADVANCED_FACE('',(#642,#451),#3977,.T.);
#4182=ADVANCED_FACE('',(#643,#452),#3978,.F.);
#4183=ADVANCED_FACE('',(#644),#390,.T.);
#4184=ADVANCED_FACE('',(#645),#3979,.T.);
#4185=ADVANCED_FACE('',(#646),#50,.T.);
#4186=ADVANCED_FACE('',(#647),#391,.T.);
#4187=ADVANCED_FACE('',(#648),#53,.T.);
#4188=ADVANCED_FACE('',(#649),#51,.F.);
#4189=ADVANCED_FACE('',(#650),#54,.F.);
#4190=ADVANCED_FACE('',(#651),#392,.T.);
#4191=ADVANCED_FACE('',(#652),#393,.T.);
#4192=ADVANCED_FACE('',(#653),#394,.T.);
#4193=ADVANCED_FACE('',(#654),#39,.T.);
#4194=ADVANCED_FACE('',(#655,#453),#40,.T.);
#4195=ADVANCED_FACE('',(#656),#395,.F.);
#4196=ADVANCED_FACE('',(#657),#3980,.T.);
#4197=ADVANCED_FACE('',(#658),#3981,.F.);
#4198=ADVANCED_FACE('',(#659),#3982,.F.);
#4199=ADVANCED_FACE('',(#660),#3983,.F.);
#4200=ADVANCED_FACE('',(#661,#454),#3984,.F.);
#4201=ADVANCED_FACE('',(#662,#455),#3985,.T.);
#4202=ADVANCED_FACE('',(#663),#3986,.F.);
#4203=ADVANCED_FACE('',(#664),#3987,.F.);
#4204=ADVANCED_FACE('',(#665),#396,.T.);
#4205=ADVANCED_FACE('',(#666),#397,.T.);
#4206=ADVANCED_FACE('',(#667),#3988,.T.);
#4207=ADVANCED_FACE('',(#668),#398,.F.);
#4208=ADVANCED_FACE('',(#669),#399,.F.);
#4209=ADVANCED_FACE('',(#670),#3989,.T.);
#4210=ADVANCED_FACE('',(#671),#3990,.T.);
#4211=ADVANCED_FACE('',(#672),#400,.F.);
#4212=ADVANCED_FACE('',(#673),#3991,.F.);
#4213=ADVANCED_FACE('',(#674),#3992,.F.);
#4214=ADVANCED_FACE('',(#675),#401,.F.);
#4215=ADVANCED_FACE('',(#676),#3993,.T.);
#4216=ADVANCED_FACE('',(#677),#41,.T.);
#4217=ADVANCED_FACE('',(#678),#3994,.F.);
#4218=ADVANCED_FACE('',(#679),#402,.T.);
#4219=ADVANCED_FACE('',(#680,#456),#3995,.T.);
#4220=ADVANCED_FACE('',(#681,#457),#3996,.T.);
#4221=CLOSED_SHELL('',(#3997,#3998,#3999,#4000,#4001,#4002,#4003,#4004,
#4005,#4006,#4007,#4008,#4009,#4010,#4011,#4012));
#4222=CLOSED_SHELL('',(#4013,#4014,#4015,#4016,#4017,#4018,#4019,#4020,
#4021,#4022,#4023,#4024,#4025,#4026,#4027,#4028,#4029,#4030,#4031,#4032,
#4033,#4034,#4035,#4036,#4037,#4038,#4039,#4040,#4041,#4042,#4043,#4044,
#4045,#4046,#4047,#4048));
#4223=CLOSED_SHELL('',(#4049,#4050,#4051,#4052,#4053,#4054,#4055,#4056,
#4057,#4058,#4059,#4060,#4061,#4062,#4063,#4064,#4065,#4066,#4067,#4068,
#4069,#4070,#4071,#4072,#4073,#4074,#4075,#4076,#4077,#4078,#4079,#4080,
#4081,#4082,#4083,#4084));
#4224=CLOSED_SHELL('',(#4085,#4086,#4087,#4088,#4089,#4090,#4091,#4092,
#4093,#4094,#4095,#4096,#4097,#4098,#4099,#4100,#4101,#4102,#4103,#4104,
#4105,#4106,#4107,#4108,#4109,#4110,#4111,#4112,#4113,#4114,#4115,#4116,
#4117,#4118,#4119,#4120));
#4225=CLOSED_SHELL('',(#4121,#4122,#4123,#4124,#4125,#4126,#4127,#4128,
#4129,#4130,#4131,#4132,#4133,#4134,#4135,#4136,#4137,#4138,#4139,#4140,
#4141,#4142,#4143,#4144,#4145,#4146,#4147,#4148,#4149,#4150,#4151,#4152,
#4153,#4154,#4155,#4156,#4157,#4158,#4159,#4160,#4161,#4162,#4163,#4164,
#4165,#4166,#4167,#4168,#4169,#4170,#4171,#4172,#4173,#4174,#4175,#4176,
#4177,#4178));
#4226=CLOSED_SHELL('',(#4179,#4180,#4181,#4182));
#4227=CLOSED_SHELL('',(#4183,#4184,#4185,#4186,#4187,#4188,#4189,#4190,
#4191,#4192,#4193,#4194,#4195,#4196,#4197,#4198,#4199,#4200,#4201,#4202,
#4203,#4204,#4205,#4206,#4207,#4208,#4209,#4210,#4211,#4212,#4213,#4214,
#4215,#4216,#4217,#4218,#4219,#4220));
#4228=DERIVED_UNIT_ELEMENT(#4238,1.);
#4229=DERIVED_UNIT_ELEMENT(#8917,-3.);
#4230=DERIVED_UNIT_ELEMENT(#4238,1.);
#4231=DERIVED_UNIT_ELEMENT(#8917,-3.);
#4232=DERIVED_UNIT_ELEMENT(#4238,1.);
#4233=DERIVED_UNIT_ELEMENT(#8917,-3.);
#4234=DERIVED_UNIT_ELEMENT(#4238,1.);
#4235=DERIVED_UNIT_ELEMENT(#8917,-3.);
#4236=DERIVED_UNIT_ELEMENT(#4238,1.);
#4237=DERIVED_UNIT_ELEMENT(#8917,-3.);
#4238=(
MASS_UNIT()
NAMED_UNIT(*)
SI_UNIT(.KILO.,.GRAM.)
);
#4239=DERIVED_UNIT((#4228,#4229));
#4240=DERIVED_UNIT((#4230,#4231));
#4241=DERIVED_UNIT((#4232,#4233));
#4242=DERIVED_UNIT((#4234,#4235));
#4243=DERIVED_UNIT((#4236,#4237));
#4244=MEASURE_REPRESENTATION_ITEM('density measure',
POSITIVE_RATIO_MEASURE(7850.),#4239);
#4245=MEASURE_REPRESENTATION_ITEM('density measure',
POSITIVE_RATIO_MEASURE(7850.),#4240);
#4246=MEASURE_REPRESENTATION_ITEM('density measure',
POSITIVE_RATIO_MEASURE(7850.),#4241);
#4247=MEASURE_REPRESENTATION_ITEM('density measure',
POSITIVE_RATIO_MEASURE(7850.),#4242);
#4248=MEASURE_REPRESENTATION_ITEM('density measure',
POSITIVE_RATIO_MEASURE(7850.),#4243);
#4249=PROPERTY_DEFINITION_REPRESENTATION(#4274,#4259);
#4250=PROPERTY_DEFINITION_REPRESENTATION(#4275,#4260);
#4251=PROPERTY_DEFINITION_REPRESENTATION(#4276,#4261);
#4252=PROPERTY_DEFINITION_REPRESENTATION(#4277,#4262);
#4253=PROPERTY_DEFINITION_REPRESENTATION(#4278,#4263);
#4254=PROPERTY_DEFINITION_REPRESENTATION(#4279,#4264);
#4255=PROPERTY_DEFINITION_REPRESENTATION(#4280,#4265);
#4256=PROPERTY_DEFINITION_REPRESENTATION(#4281,#4266);
#4257=PROPERTY_DEFINITION_REPRESENTATION(#4282,#4267);
#4258=PROPERTY_DEFINITION_REPRESENTATION(#4283,#4268);
#4259=REPRESENTATION('material name',(#4269),#8910);
#4260=REPRESENTATION('density',(#4244),#8910);
#4261=REPRESENTATION('material name',(#4270),#8911);
#4262=REPRESENTATION('density',(#4245),#8911);
#4263=REPRESENTATION('material name',(#4271),#8912);
#4264=REPRESENTATION('density',(#4246),#8912);
#4265=REPRESENTATION('material name',(#4272),#8913);
#4266=REPRESENTATION('density',(#4247),#8913);
#4267=REPRESENTATION('material name',(#4273),#8914);
#4268=REPRESENTATION('density',(#4248),#8914);
#4269=DESCRIPTIVE_REPRESENTATION_ITEM('\X2\AC15CCA0\X0\','\X2\AC15CCA0\X0\');
#4270=DESCRIPTIVE_REPRESENTATION_ITEM('\X2\AC15CCA0\X0\','\X2\AC15CCA0\X0\');
#4271=DESCRIPTIVE_REPRESENTATION_ITEM('\X2\AC15CCA0\X0\','\X2\AC15CCA0\X0\');
#4272=DESCRIPTIVE_REPRESENTATION_ITEM('\X2\AC15CCA0\X0\','\X2\AC15CCA0\X0\');
#4273=DESCRIPTIVE_REPRESENTATION_ITEM('\X2\AC15CCA0\X0\','\X2\AC15CCA0\X0\');
#4274=PROPERTY_DEFINITION('material property','material name',#8947);
#4275=PROPERTY_DEFINITION('material property','density of part',#8947);
#4276=PROPERTY_DEFINITION('material property','material name',#8948);
#4277=PROPERTY_DEFINITION('material property','density of part',#8948);
#4278=PROPERTY_DEFINITION('material property','material name',#8949);
#4279=PROPERTY_DEFINITION('material property','density of part',#8949);
#4280=PROPERTY_DEFINITION('material property','material name',#8950);
#4281=PROPERTY_DEFINITION('material property','density of part',#8950);
#4282=PROPERTY_DEFINITION('material property','material name',#8951);
#4283=PROPERTY_DEFINITION('material property','density of part',#8951);
#4284=AXIS2_PLACEMENT_3D('',#5645,#4620,#4621);
#4285=AXIS2_PLACEMENT_3D('',#5646,#4622,#4623);
#4286=AXIS2_PLACEMENT_3D('',#5647,#4624,#4625);
#4287=AXIS2_PLACEMENT_3D('',#5668,#4636,#4637);
#4288=AXIS2_PLACEMENT_3D('',#5674,#4641,#4642);
#4289=AXIS2_PLACEMENT_3D('',#5678,#4645,#4646);
#4290=AXIS2_PLACEMENT_3D('',#5682,#4649,#4650);
#4291=AXIS2_PLACEMENT_3D('',#5684,#4652,#4653);
#4292=AXIS2_PLACEMENT_3D('',#5686,#4654,#4655);
#4293=AXIS2_PLACEMENT_3D('',#5689,#4657,#4658);
#4294=AXIS2_PLACEMENT_3D('',#5690,#4659,#4660);
#4295=AXIS2_PLACEMENT_3D('',#5691,#4661,#4662);
#4296=AXIS2_PLACEMENT_3D('',#5697,#4666,#4667);
#4297=AXIS2_PLACEMENT_3D('',#5701,#4670,#4671);
#4298=AXIS2_PLACEMENT_3D('',#5705,#4674,#4675);
#4299=AXIS2_PLACEMENT_3D('',#5709,#4678,#4679);
#4300=AXIS2_PLACEMENT_3D('',#5713,#4682,#4683);
#4301=AXIS2_PLACEMENT_3D('',#5715,#4685,#4686);
#4302=AXIS2_PLACEMENT_3D('',#5717,#4687,#4688);
#4303=AXIS2_PLACEMENT_3D('',#5720,#4690,#4691);
#4304=AXIS2_PLACEMENT_3D('',#5721,#4692,#4693);
#4305=AXIS2_PLACEMENT_3D('',#5722,#4694,#4695);
#4306=AXIS2_PLACEMENT_3D('',#5723,#4696,#4697);
#4307=AXIS2_PLACEMENT_3D('',#5724,#4698,#4699);
#4308=AXIS2_PLACEMENT_3D('',#5830,#4701,#4702);
#4309=AXIS2_PLACEMENT_3D('',#5831,#4703,#4704);
#4310=AXIS2_PLACEMENT_3D('',#5929,#4706,#4707);
#4311=AXIS2_PLACEMENT_3D('',#5930,#4708,#4709);
#4312=AXIS2_PLACEMENT_3D('',#5932,#4710,#4711);
#4313=AXIS2_PLACEMENT_3D('',#5935,#4713,#4714);
#4314=AXIS2_PLACEMENT_3D('',#5936,#4715,#4716);
#4315=AXIS2_PLACEMENT_3D('',#5938,#4717,#4718);
#4316=AXIS2_PLACEMENT_3D('',#5941,#4720,#4721);
#4317=AXIS2_PLACEMENT_3D('',#5942,#4722,#4723);
#4318=AXIS2_PLACEMENT_3D('',#5951,#4728,#4729);
#4319=AXIS2_PLACEMENT_3D('',#5957,#4733,#4734);
#4320=AXIS2_PLACEMENT_3D('',#5960,#4736,#4737);
#4321=AXIS2_PLACEMENT_3D('',#5961,#4738,#4739);
#4322=AXIS2_PLACEMENT_3D('',#5967,#4743,#4744);
#4323=AXIS2_PLACEMENT_3D('',#5969,#4745,#4746);
#4324=AXIS2_PLACEMENT_3D('',#5974,#4747,#4748);
#4325=AXIS2_PLACEMENT_3D('',#5985,#4754,#4755);
#4326=AXIS2_PLACEMENT_3D('',#5991,#4759,#4760);
#4327=AXIS2_PLACEMENT_3D('',#5994,#4762,#4763);
#4328=AXIS2_PLACEMENT_3D('',#5995,#4764,#4765);
#4329=AXIS2_PLACEMENT_3D('',#5999,#4768,#4769);
#4330=AXIS2_PLACEMENT_3D('',#6012,#4771,#4772);
#4331=AXIS2_PLACEMENT_3D('',#6024,#4774,#4775);
#4332=AXIS2_PLACEMENT_3D('',#6065,#4778,#4779);
#4333=AXIS2_PLACEMENT_3D('',#6166,#4782,#4783);
#4334=AXIS2_PLACEMENT_3D('',#6196,#4785,#4786);
#4335=AXIS2_PLACEMENT_3D('',#6209,#4787,#4788);
#4336=AXIS2_PLACEMENT_3D('',#6268,#4793,#4794);
#4337=AXIS2_PLACEMENT_3D('',#6274,#4798,#4799);
#4338=AXIS2_PLACEMENT_3D('',#6287,#4800,#4801);
#4339=AXIS2_PLACEMENT_3D('',#6298,#4802,#4803);
#4340=AXIS2_PLACEMENT_3D('',#6300,#4805,#4806);
#4341=AXIS2_PLACEMENT_3D('',#6301,#4807,#4808);
#4342=AXIS2_PLACEMENT_3D('',#6305,#4811,#4812);
#4343=AXIS2_PLACEMENT_3D('',#6310,#4813,#4814);
#4344=AXIS2_PLACEMENT_3D('',#6314,#4817,#4818);
#4345=AXIS2_PLACEMENT_3D('',#6332,#4821,#4822);
#4346=AXIS2_PLACEMENT_3D('',#6334,#4823,#4824);
#4347=AXIS2_PLACEMENT_3D('',#6336,#4825,#4826);
#4348=AXIS2_PLACEMENT_3D('',#6337,#4827,#4828);
#4349=AXIS2_PLACEMENT_3D('',#6338,#4829,#4830);
#4350=AXIS2_PLACEMENT_3D('',#6370,#4832,#4833);
#4351=AXIS2_PLACEMENT_3D('',#6550,#4837,#4838);
#4352=AXIS2_PLACEMENT_3D('',#6551,#4839,#4840);
#4353=AXIS2_PLACEMENT_3D('',#6594,#4842,#4843);
#4354=AXIS2_PLACEMENT_3D('',#6595,#4844,#4845);
#4355=AXIS2_PLACEMENT_3D('',#6728,#4847,#4848);
#4356=AXIS2_PLACEMENT_3D('',#6729,#4849,#4850);
#4357=AXIS2_PLACEMENT_3D('',#6731,#4851,#4852);
#4358=AXIS2_PLACEMENT_3D('',#6734,#4854,#4855);
#4359=AXIS2_PLACEMENT_3D('',#6735,#4856,#4857);
#4360=AXIS2_PLACEMENT_3D('',#6737,#4858,#4859);
#4361=AXIS2_PLACEMENT_3D('',#6740,#4861,#4862);
#4362=AXIS2_PLACEMENT_3D('',#6741,#4863,#4864);
#4363=AXIS2_PLACEMENT_3D('',#6750,#4869,#4870);
#4364=AXIS2_PLACEMENT_3D('',#6756,#4874,#4875);
#4365=AXIS2_PLACEMENT_3D('',#6759,#4877,#4878);
#4366=AXIS2_PLACEMENT_3D('',#6760,#4879,#4880);
#4367=AXIS2_PLACEMENT_3D('',#6766,#4884,#4885);
#4368=AXIS2_PLACEMENT_3D('',#6768,#4886,#4887);
#4369=AXIS2_PLACEMENT_3D('',#6773,#4888,#4889);
#4370=AXIS2_PLACEMENT_3D('',#6784,#4895,#4896);
#4371=AXIS2_PLACEMENT_3D('',#6790,#4900,#4901);
#4372=AXIS2_PLACEMENT_3D('',#6793,#4903,#4904);
#4373=AXIS2_PLACEMENT_3D('',#6794,#4905,#4906);
#4374=AXIS2_PLACEMENT_3D('',#6798,#4909,#4910);
#4375=AXIS2_PLACEMENT_3D('',#6811,#4912,#4913);
#4376=AXIS2_PLACEMENT_3D('',#6823,#4915,#4916);
#4377=AXIS2_PLACEMENT_3D('',#6859,#4919,#4920);
#4378=AXIS2_PLACEMENT_3D('',#6860,#4921,#4922);
#4379=AXIS2_PLACEMENT_3D('',#6865,#4925,#4926);
#4380=AXIS2_PLACEMENT_3D('',#6866,#4927,#4928);
#4381=AXIS2_PLACEMENT_3D('',#6867,#4929,#4930);
#4382=AXIS2_PLACEMENT_3D('',#6886,#4931,#4932);
#4383=AXIS2_PLACEMENT_3D('',#6909,#4935,#4936);
#4384=AXIS2_PLACEMENT_3D('',#6939,#4939,#4940);
#4385=AXIS2_PLACEMENT_3D('',#7068,#4943,#4944);
#4386=AXIS2_PLACEMENT_3D('',#7099,#4946,#4947);
#4387=AXIS2_PLACEMENT_3D('',#7101,#4949,#4950);
#4388=AXIS2_PLACEMENT_3D('',#7102,#4951,#4952);
#4389=AXIS2_PLACEMENT_3D('',#7104,#4953,#4954);
#4390=AXIS2_PLACEMENT_3D('',#7105,#4955,#4956);
#4391=AXIS2_PLACEMENT_3D('',#7110,#4958,#4959);
#4392=AXIS2_PLACEMENT_3D('',#7276,#4965,#4966);
#4393=AXIS2_PLACEMENT_3D('',#7279,#4969,#4970);
#4394=AXIS2_PLACEMENT_3D('',#7281,#4972,#4973);
#4395=AXIS2_PLACEMENT_3D('',#7283,#4975,#4976);
#4396=AXIS2_PLACEMENT_3D('',#7344,#4978,#4979);
#4397=AXIS2_PLACEMENT_3D('',#7345,#4980,#4981);
#4398=AXIS2_PLACEMENT_3D('',#7451,#4983,#4984);
#4399=AXIS2_PLACEMENT_3D('',#7452,#4985,#4986);
#4400=AXIS2_PLACEMENT_3D('',#7594,#4988,#4989);
#4401=AXIS2_PLACEMENT_3D('',#7595,#4990,#4991);
#4402=AXIS2_PLACEMENT_3D('',#7597,#4992,#4993);
#4403=AXIS2_PLACEMENT_3D('',#7600,#4995,#4996);
#4404=AXIS2_PLACEMENT_3D('',#7601,#4997,#4998);
#4405=AXIS2_PLACEMENT_3D('',#7603,#4999,#5000);
#4406=AXIS2_PLACEMENT_3D('',#7606,#5002,#5003);
#4407=AXIS2_PLACEMENT_3D('',#7607,#5004,#5005);
#4408=AXIS2_PLACEMENT_3D('',#7616,#5010,#5011);
#4409=AXIS2_PLACEMENT_3D('',#7622,#5015,#5016);
#4410=AXIS2_PLACEMENT_3D('',#7625,#5018,#5019);
#4411=AXIS2_PLACEMENT_3D('',#7626,#5020,#5021);
#4412=AXIS2_PLACEMENT_3D('',#7632,#5025,#5026);
#4413=AXIS2_PLACEMENT_3D('',#7634,#5027,#5028);
#4414=AXIS2_PLACEMENT_3D('',#7639,#5029,#5030);
#4415=AXIS2_PLACEMENT_3D('',#7650,#5036,#5037);
#4416=AXIS2_PLACEMENT_3D('',#7656,#5041,#5042);
#4417=AXIS2_PLACEMENT_3D('',#7659,#5044,#5045);
#4418=AXIS2_PLACEMENT_3D('',#7660,#5046,#5047);
#4419=AXIS2_PLACEMENT_3D('',#7664,#5050,#5051);
#4420=AXIS2_PLACEMENT_3D('',#7677,#5053,#5054);
#4421=AXIS2_PLACEMENT_3D('',#7689,#5056,#5057);
#4422=AXIS2_PLACEMENT_3D('',#7725,#5060,#5061);
#4423=AXIS2_PLACEMENT_3D('',#7726,#5062,#5063);
#4424=AXIS2_PLACEMENT_3D('',#7746,#5064,#5065);
#4425=AXIS2_PLACEMENT_3D('',#7747,#5066,#5067);
#4426=AXIS2_PLACEMENT_3D('',#7751,#5070,#5071);
#4427=AXIS2_PLACEMENT_3D('',#7752,#5072,#5073);
#4428=AXIS2_PLACEMENT_3D('',#7823,#5077,#5078);
#4429=AXIS2_PLACEMENT_3D('',#7828,#5079,#5080);
#4430=AXIS2_PLACEMENT_3D('',#7888,#5083,#5084);
#4431=AXIS2_PLACEMENT_3D('',#7911,#5086,#5087);
#4432=AXIS2_PLACEMENT_3D('',#7917,#5091,#5092);
#4433=AXIS2_PLACEMENT_3D('',#7921,#5095,#5096);
#4434=AXIS2_PLACEMENT_3D('',#7925,#5099,#5100);
#4435=AXIS2_PLACEMENT_3D('',#7926,#5101,#5102);
#4436=AXIS2_PLACEMENT_3D('',#7948,#5103,#5104);
#4437=AXIS2_PLACEMENT_3D('',#7982,#5107,#5108);
#4438=AXIS2_PLACEMENT_3D('',#8067,#5111,#5112);
#4439=AXIS2_PLACEMENT_3D('',#8069,#5114,#5115);
#4440=AXIS2_PLACEMENT_3D('',#8071,#5116,#5117);
#4441=AXIS2_PLACEMENT_3D('',#8072,#5118,#5119);
#4442=AXIS2_PLACEMENT_3D('',#8188,#5121,#5122);
#4443=AXIS2_PLACEMENT_3D('',#8189,#5123,#5124);
#4444=AXIS2_PLACEMENT_3D('',#8191,#5125,#5126);
#4445=AXIS2_PLACEMENT_3D('',#8194,#5128,#5129);
#4446=AXIS2_PLACEMENT_3D('',#8195,#5130,#5131);
#4447=AXIS2_PLACEMENT_3D('',#8197,#5132,#5133);
#4448=AXIS2_PLACEMENT_3D('',#8200,#5135,#5136);
#4449=AXIS2_PLACEMENT_3D('',#8201,#5137,#5138);
#4450=AXIS2_PLACEMENT_3D('',#8203,#5139,#5140);
#4451=AXIS2_PLACEMENT_3D('',#8206,#5142,#5143);
#4452=AXIS2_PLACEMENT_3D('',#8207,#5144,#5145);
#4453=AXIS2_PLACEMENT_3D('',#8209,#5146,#5147);
#4454=AXIS2_PLACEMENT_3D('',#8212,#5149,#5150);
#4455=AXIS2_PLACEMENT_3D('',#8213,#5151,#5152);
#4456=AXIS2_PLACEMENT_3D('',#8215,#5153,#5154);
#4457=AXIS2_PLACEMENT_3D('',#8218,#5156,#5157);
#4458=AXIS2_PLACEMENT_3D('',#8219,#5158,#5159);
#4459=AXIS2_PLACEMENT_3D('',#8221,#5160,#5161);
#4460=AXIS2_PLACEMENT_3D('',#8224,#5163,#5164);
#4461=AXIS2_PLACEMENT_3D('',#8225,#5165,#5166);
#4462=AXIS2_PLACEMENT_3D('',#8227,#5167,#5168);
#4463=AXIS2_PLACEMENT_3D('',#8231,#5170,#5171);
#4464=AXIS2_PLACEMENT_3D('',#8235,#5173,#5174);
#4465=AXIS2_PLACEMENT_3D('',#8239,#5176,#5177);
#4466=AXIS2_PLACEMENT_3D('',#8243,#5179,#5180);
#4467=AXIS2_PLACEMENT_3D('',#8247,#5182,#5183);
#4468=AXIS2_PLACEMENT_3D('',#8251,#5185,#5186);
#4469=AXIS2_PLACEMENT_3D('',#8255,#5188,#5189);
#4470=AXIS2_PLACEMENT_3D('',#8259,#5191,#5192);
#4471=AXIS2_PLACEMENT_3D('',#8263,#5194,#5195);
#4472=AXIS2_PLACEMENT_3D('',#8267,#5197,#5198);
#4473=AXIS2_PLACEMENT_3D('',#8271,#5200,#5201);
#4474=AXIS2_PLACEMENT_3D('',#8275,#5203,#5204);
#4475=AXIS2_PLACEMENT_3D('',#8278,#5206,#5207);
#4476=AXIS2_PLACEMENT_3D('',#8279,#5208,#5209);
#4477=AXIS2_PLACEMENT_3D('',#8310,#5228,#5229);
#4478=AXIS2_PLACEMENT_3D('',#8314,#5232,#5233);
#4479=AXIS2_PLACEMENT_3D('',#8318,#5236,#5237);
#4480=AXIS2_PLACEMENT_3D('',#8320,#5239,#5240);
#4481=AXIS2_PLACEMENT_3D('',#8321,#5241,#5242);
#4482=AXIS2_PLACEMENT_3D('',#8325,#5245,#5246);
#4483=AXIS2_PLACEMENT_3D('',#8329,#5249,#5250);
#4484=AXIS2_PLACEMENT_3D('',#8331,#5252,#5253);
#4485=AXIS2_PLACEMENT_3D('',#8332,#5254,#5255);
#4486=AXIS2_PLACEMENT_3D('',#8336,#5258,#5259);
#4487=AXIS2_PLACEMENT_3D('',#8340,#5262,#5263);
#4488=AXIS2_PLACEMENT_3D('',#8342,#5265,#5266);
#4489=AXIS2_PLACEMENT_3D('',#8343,#5267,#5268);
#4490=AXIS2_PLACEMENT_3D('',#8347,#5271,#5272);
#4491=AXIS2_PLACEMENT_3D('',#8351,#5275,#5276);
#4492=AXIS2_PLACEMENT_3D('',#8353,#5278,#5279);
#4493=AXIS2_PLACEMENT_3D('',#8354,#5280,#5281);
#4494=AXIS2_PLACEMENT_3D('',#8358,#5284,#5285);
#4495=AXIS2_PLACEMENT_3D('',#8362,#5288,#5289);
#4496=AXIS2_PLACEMENT_3D('',#8364,#5291,#5292);
#4497=AXIS2_PLACEMENT_3D('',#8365,#5293,#5294);
#4498=AXIS2_PLACEMENT_3D('',#8369,#5297,#5298);
#4499=AXIS2_PLACEMENT_3D('',#8373,#5301,#5302);
#4500=AXIS2_PLACEMENT_3D('',#8375,#5304,#5305);
#4501=AXIS2_PLACEMENT_3D('',#8376,#5306,#5307);
#4502=AXIS2_PLACEMENT_3D('',#8378,#5308,#5309);
#4503=AXIS2_PLACEMENT_3D('',#8391,#5316,#5317);
#4504=AXIS2_PLACEMENT_3D('',#8397,#5321,#5322);
#4505=AXIS2_PLACEMENT_3D('',#8401,#5325,#5326);
#4506=AXIS2_PLACEMENT_3D('',#8405,#5329,#5330);
#4507=AXIS2_PLACEMENT_3D('',#8409,#5333,#5334);
#4508=AXIS2_PLACEMENT_3D('',#8413,#5337,#5338);
#4509=AXIS2_PLACEMENT_3D('',#8415,#5340,#5341);
#4510=AXIS2_PLACEMENT_3D('',#8416,#5342,#5343);
#4511=AXIS2_PLACEMENT_3D('',#8425,#5348,#5349);
#4512=AXIS2_PLACEMENT_3D('',#8431,#5353,#5354);
#4513=AXIS2_PLACEMENT_3D('',#8437,#5358,#5359);
#4514=AXIS2_PLACEMENT_3D('',#8440,#5362,#5363);
#4515=AXIS2_PLACEMENT_3D('',#8441,#5364,#5365);
#4516=AXIS2_PLACEMENT_3D('',#8443,#5366,#5367);
#4517=AXIS2_PLACEMENT_3D('',#8445,#5369,#5370);
#4518=AXIS2_PLACEMENT_3D('',#8447,#5371,#5372);
#4519=AXIS2_PLACEMENT_3D('',#8464,#5381,#5382);
#4520=AXIS2_PLACEMENT_3D('',#8465,#5383,#5384);
#4521=AXIS2_PLACEMENT_3D('',#8466,#5385,#5386);
#4522=AXIS2_PLACEMENT_3D('',#8472,#5390,#5391);
#4523=AXIS2_PLACEMENT_3D('',#8476,#5394,#5395);
#4524=AXIS2_PLACEMENT_3D('',#8480,#5398,#5399);
#4525=AXIS2_PLACEMENT_3D('',#8482,#5401,#5402);
#4526=AXIS2_PLACEMENT_3D('',#8483,#5403,#5404);
#4527=AXIS2_PLACEMENT_3D('',#8489,#5408,#5409);
#4528=AXIS2_PLACEMENT_3D('',#8493,#5412,#5413);
#4529=AXIS2_PLACEMENT_3D('',#8497,#5416,#5417);
#4530=AXIS2_PLACEMENT_3D('',#8499,#5419,#5420);
#4531=AXIS2_PLACEMENT_3D('',#8500,#5421,#5422);
#4532=AXIS2_PLACEMENT_3D('',#8501,#5423,#5424);
#4533=AXIS2_PLACEMENT_3D('',#8503,#5425,#5426);
#4534=AXIS2_PLACEMENT_3D('',#8506,#5428,#5429);
#4535=AXIS2_PLACEMENT_3D('',#8507,#5430,#5431);
#4536=AXIS2_PLACEMENT_3D('',#8509,#5432,#5433);
#4537=AXIS2_PLACEMENT_3D('',#8512,#5435,#5436);
#4538=AXIS2_PLACEMENT_3D('',#8513,#5437,#5438);
#4539=AXIS2_PLACEMENT_3D('',#8514,#5439,#5440);
#4540=AXIS2_PLACEMENT_3D('',#8515,#5441,#5442);
#4541=AXIS2_PLACEMENT_3D('',#8516,#5443,#5444);
#4542=AXIS2_PLACEMENT_3D('',#8518,#5445,#5446);
#4543=AXIS2_PLACEMENT_3D('',#8522,#5448,#5449);
#4544=AXIS2_PLACEMENT_3D('',#8523,#5450,#5451);
#4545=AXIS2_PLACEMENT_3D('',#8524,#5452,#5453);
#4546=AXIS2_PLACEMENT_3D('',#8554,#5454,#5455);
#4547=AXIS2_PLACEMENT_3D('',#8555,#5456,#5457);
#4548=AXIS2_PLACEMENT_3D('',#8556,#5458,#5459);
#4549=AXIS2_PLACEMENT_3D('',#8558,#5460,#5461);
#4550=AXIS2_PLACEMENT_3D('',#8561,#5463,#5464);
#4551=AXIS2_PLACEMENT_3D('',#8562,#5465,#5466);
#4552=AXIS2_PLACEMENT_3D('',#8563,#5467,#5468);
#4553=AXIS2_PLACEMENT_3D('',#8587,#5469,#5470);
#4554=AXIS2_PLACEMENT_3D('',#8589,#5471,#5472);
#4555=AXIS2_PLACEMENT_3D('',#8591,#5473,#5474);
#4556=AXIS2_PLACEMENT_3D('',#8592,#5475,#5476);
#4557=AXIS2_PLACEMENT_3D('',#8593,#5477,#5478);
#4558=AXIS2_PLACEMENT_3D('',#8596,#5479,#5480);
#4559=AXIS2_PLACEMENT_3D('',#8617,#5481,#5482);
#4560=AXIS2_PLACEMENT_3D('',#8636,#5483,#5484);
#4561=AXIS2_PLACEMENT_3D('',#8656,#5488,#5489);
#4562=AXIS2_PLACEMENT_3D('',#8664,#5492,#5493);
#4563=AXIS2_PLACEMENT_3D('',#8674,#5496,#5497);
#4564=AXIS2_PLACEMENT_3D('',#8688,#5499,#5500);
#4565=AXIS2_PLACEMENT_3D('',#8690,#5501,#5502);
#4566=AXIS2_PLACEMENT_3D('',#8715,#5505,#5506);
#4567=AXIS2_PLACEMENT_3D('',#8716,#5507,#5508);
#4568=AXIS2_PLACEMENT_3D('',#8718,#5509,#5510);
#4569=AXIS2_PLACEMENT_3D('',#8729,#5511,#5512);
#4570=AXIS2_PLACEMENT_3D('',#8742,#5513,#5514);
#4571=AXIS2_PLACEMENT_3D('',#8753,#5515,#5516);
#4572=AXIS2_PLACEMENT_3D('',#8763,#5517,#5518);
#4573=AXIS2_PLACEMENT_3D('',#8764,#5519,#5520);
#4574=AXIS2_PLACEMENT_3D('',#8766,#5521,#5522);
#4575=AXIS2_PLACEMENT_3D('',#8767,#5523,#5524);
#4576=AXIS2_PLACEMENT_3D('',#8769,#5525,#5526);
#4577=AXIS2_PLACEMENT_3D('',#8772,#5528,#5529);
#4578=AXIS2_PLACEMENT_3D('',#8773,#5530,#5531);
#4579=AXIS2_PLACEMENT_3D('',#8783,#5537,#5538);
#4580=AXIS2_PLACEMENT_3D('',#8788,#5541,#5542);
#4581=AXIS2_PLACEMENT_3D('',#8789,#5543,#5544);
#4582=AXIS2_PLACEMENT_3D('',#8798,#5549,#5550);
#4583=AXIS2_PLACEMENT_3D('',#8804,#5554,#5555);
#4584=AXIS2_PLACEMENT_3D('',#8805,#5556,#5557);
#4585=AXIS2_PLACEMENT_3D('',#8811,#5561,#5562);
#4586=AXIS2_PLACEMENT_3D('',#8813,#5564,#5565);
#4587=AXIS2_PLACEMENT_3D('',#8815,#5567,#5568);
#4588=AXIS2_PLACEMENT_3D('',#8817,#5569,#5570);
#4589=AXIS2_PLACEMENT_3D('',#8820,#5572,#5573);
#4590=AXIS2_PLACEMENT_3D('',#8821,#5574,#5575);
#4591=AXIS2_PLACEMENT_3D('',#8828,#5576,#5577);
#4592=AXIS2_PLACEMENT_3D('',#8830,#5579,#5580);
#4593=AXIS2_PLACEMENT_3D('',#8832,#5582,#5583);
#4594=AXIS2_PLACEMENT_3D('',#8834,#5584,#5585);
#4595=AXIS2_PLACEMENT_3D('',#8836,#5587,#5588);
#4596=AXIS2_PLACEMENT_3D('',#8838,#5589,#5590);
#4597=AXIS2_PLACEMENT_3D('',#8840,#5592,#5593);
#4598=AXIS2_PLACEMENT_3D('',#8842,#5595,#5596);
#4599=AXIS2_PLACEMENT_3D('',#8844,#5598,#5599);
#4600=AXIS2_PLACEMENT_3D('',#8845,#5600,#5601);
#4601=AXIS2_PLACEMENT_3D('',#8876,#5602,#5603);
#4602=AXIS2_PLACEMENT_3D('',#8877,#5604,#5605);
#4603=AXIS2_PLACEMENT_3D('',#8878,#5606,#5607);
#4604=AXIS2_PLACEMENT_3D('',#8880,#5608,#5609);
#4605=AXIS2_PLACEMENT_3D('',#8882,#5611,#5612);
#4606=AXIS2_PLACEMENT_3D('',#8884,#5614,#5615);
#4607=AXIS2_PLACEMENT_3D('',#8888,#5618,#5619);
#4608=AXIS2_PLACEMENT_3D('',#8889,#5620,#5621);
#4609=AXIS2_PLACEMENT_3D('',#8891,#5623,#5624);
#4610=AXIS2_PLACEMENT_3D('',#8892,#5625,#5626);
#4611=AXIS2_PLACEMENT_3D('',#8893,#5627,#5628);
#4612=AXIS2_PLACEMENT_3D('',#8894,#5629,#5630);
#4613=AXIS2_PLACEMENT_3D('',#8895,#5631,#5632);
#4614=AXIS2_PLACEMENT_3D('',#8896,#5633,#5634);
#4615=AXIS2_PLACEMENT_3D('',#8897,#5635,#5636);
#4616=AXIS2_PLACEMENT_3D('',#8898,#5637,#5638);
#4617=AXIS2_PLACEMENT_3D('',#8899,#5639,#5640);
#4618=AXIS2_PLACEMENT_3D('',#8900,#5641,#5642);
#4619=AXIS2_PLACEMENT_3D('',#8901,#5643,#5644);
#4620=DIRECTION('axis',(0.,0.,1.));
#4621=DIRECTION('refdir',(1.,0.,0.));
#4622=DIRECTION('axis',(0.,0.,1.));
#4623=DIRECTION('refdir',(1.,0.,0.));
#4624=DIRECTION('center_axis',(0.,0.,1.));
#4625=DIRECTION('ref_axis',(-1.,0.,0.));
#4626=DIRECTION('',(0.5,0.866025403784439,0.));
#4627=DIRECTION('',(1.,-1.2819751242557E-15,0.));
#4628=DIRECTION('',(0.499999999999999,-0.866025403784439,0.));
#4629=DIRECTION('',(-0.500000000000001,-0.866025403784438,0.));
#4630=DIRECTION('',(-1.,6.40987562127854E-16,0.));
#4631=DIRECTION('',(-0.5,0.866025403784439,0.));
#4632=DIRECTION('',(-1.,0.,0.));
#4633=DIRECTION('',(0.,-1.,0.));
#4634=DIRECTION('',(1.,0.,0.));
#4635=DIRECTION('',(0.,1.,0.));
#4636=DIRECTION('center_axis',(-1.,0.,0.));
#4637=DIRECTION('ref_axis',(0.,-1.,0.));
#4638=DIRECTION('',(0.,0.,1.));
#4639=DIRECTION('',(0.,-1.,0.));
#4640=DIRECTION('',(0.,0.,1.));
#4641=DIRECTION('center_axis',(0.,-1.,0.));
#4642=DIRECTION('ref_axis',(1.,0.,0.));
#4643=DIRECTION('',(1.,0.,0.));
#4644=DIRECTION('',(0.,0.,1.));
#4645=DIRECTION('center_axis',(1.,0.,0.));
#4646=DIRECTION('ref_axis',(0.,1.,0.));
#4647=DIRECTION('',(0.,1.,0.));
#4648=DIRECTION('',(0.,0.,1.));
#4649=DIRECTION('center_axis',(0.,1.,0.));
#4650=DIRECTION('ref_axis',(-1.,0.,0.));
#4651=DIRECTION('',(-1.,0.,0.));
#4652=DIRECTION('center_axis',(0.,0.,1.));
#4653=DIRECTION('ref_axis',(-1.,0.,0.));
#4654=DIRECTION('center_axis',(0.,0.,1.));
#4655=DIRECTION('ref_axis',(-1.,0.,0.));
#4656=DIRECTION('',(0.,0.,-1.));
#4657=DIRECTION('center_axis',(0.,0.,-1.));
#4658=DIRECTION('ref_axis',(-1.,0.,0.));
#4659=DIRECTION('center_axis',(0.,0.,1.));
#4660=DIRECTION('ref_axis',(-1.,0.,0.));
#4661=DIRECTION('center_axis',(0.866025403784439,-0.5,0.));
#4662=DIRECTION('ref_axis',(0.5,0.866025403784439,0.));
#4663=DIRECTION('',(0.5,0.866025403784439,0.));
#4664=DIRECTION('',(0.,0.,1.));
#4665=DIRECTION('',(0.,0.,1.));
#4666=DIRECTION('center_axis',(0.866025403784439,0.5,0.));
#4667=DIRECTION('ref_axis',(-0.5,0.866025403784439,0.));
#4668=DIRECTION('',(-0.5,0.866025403784439,0.));
#4669=DIRECTION('',(0.,0.,1.));
#4670=DIRECTION('center_axis',(6.40987562127854E-16,1.,0.));
#4671=DIRECTION('ref_axis',(-1.,6.40987562127854E-16,0.));
#4672=DIRECTION('',(-1.,6.40987562127854E-16,0.));
#4673=DIRECTION('',(0.,0.,1.));
#4674=DIRECTION('center_axis',(-0.866025403784438,0.500000000000001,0.));
#4675=DIRECTION('ref_axis',(-0.500000000000001,-0.866025403784438,0.));
#4676=DIRECTION('',(-0.500000000000001,-0.866025403784438,0.));
#4677=DIRECTION('',(0.,0.,1.));
#4678=DIRECTION('center_axis',(-0.866025403784439,-0.5,0.));
#4679=DIRECTION('ref_axis',(0.499999999999999,-0.866025403784439,0.));
#4680=DIRECTION('',(0.499999999999999,-0.866025403784439,0.));
#4681=DIRECTION('',(0.,0.,1.));
#4682=DIRECTION('center_axis',(-1.2819751242557E-15,-1.,0.));
#4683=DIRECTION('ref_axis',(1.,-1.2819751242557E-15,0.));
#4684=DIRECTION('',(1.,-1.2819751242557E-15,0.));
#4685=DIRECTION('center_axis',(0.,0.,1.));
#4686=DIRECTION('ref_axis',(1.,0.,0.));
#4687=DIRECTION('center_axis',(0.,0.,1.));
#4688=DIRECTION('ref_axis',(1.,0.,0.));
#4689=DIRECTION('',(0.,0.,-1.));
#4690=DIRECTION('center_axis',(0.,0.,1.));
#4691=DIRECTION('ref_axis',(1.,0.,0.));
#4692=DIRECTION('center_axis',(0.,0.,1.));
#4693=DIRECTION('ref_axis',(1.,0.,0.));
#4694=DIRECTION('center_axis',(0.,0.,1.));
#4695=DIRECTION('ref_axis',(1.,0.,0.));
#4696=DIRECTION('axis',(0.,0.,1.));
#4697=DIRECTION('refdir',(1.,0.,0.));
#4698=DIRECTION('center_axis',(0.,0.,-1.));
#4699=DIRECTION('ref_axis',(-1.,0.,0.));
#4700=DIRECTION('',(0.,0.,-1.));
#4701=DIRECTION('center_axis',(0.,0.,1.));
#4702=DIRECTION('ref_axis',(-1.,0.,0.));
#4703=DIRECTION('center_axis',(0.,0.,-1.));
#4704=DIRECTION('ref_axis',(-1.,0.,0.));
#4705=DIRECTION('',(0.,0.,-1.));
#4706=DIRECTION('center_axis',(0.,0.,1.));
#4707=DIRECTION('ref_axis',(-1.,0.,0.));
#4708=DIRECTION('center_axis',(0.,0.,1.));
#4709=DIRECTION('ref_axis',(1.,0.,0.));
#4710=DIRECTION('center_axis',(0.,0.,1.));
#4711=DIRECTION('ref_axis',(1.,0.,0.));
#4712=DIRECTION('',(0.,0.,1.));
#4713=DIRECTION('center_axis',(0.,0.,-1.));
#4714=DIRECTION('ref_axis',(1.,0.,0.));
#4715=DIRECTION('center_axis',(0.,0.,1.));
#4716=DIRECTION('ref_axis',(1.,0.,0.));
#4717=DIRECTION('center_axis',(0.,0.,1.));
#4718=DIRECTION('ref_axis',(1.,0.,0.));
#4719=DIRECTION('',(0.,0.,1.));
#4720=DIRECTION('center_axis',(0.,0.,-1.));
#4721=DIRECTION('ref_axis',(1.,0.,0.));
#4722=DIRECTION('center_axis',(1.,0.,0.));
#4723=DIRECTION('ref_axis',(0.,-1.,-2.06403939222857E-32));
#4724=DIRECTION('',(0.,-1.,0.));
#4725=DIRECTION('',(0.,0.,-1.));
#4726=DIRECTION('',(0.,-1.,-2.06403939222857E-32));
#4727=DIRECTION('',(0.,0.,1.));
#4728=DIRECTION('center_axis',(0.,1.,0.));
#4729=DIRECTION('ref_axis',(1.,0.,7.77067130295908E-32));
#4730=DIRECTION('',(1.,0.,0.));
#4731=DIRECTION('',(0.,0.,-1.));
#4732=DIRECTION('',(1.,0.,7.77067130295908E-32));
#4733=DIRECTION('center_axis',(-7.77067130295908E-32,-2.06403939222857E-32,
1.));
#4734=DIRECTION('ref_axis',(1.,0.,7.77067130295908E-32));
#4735=DIRECTION('',(1.0140533676608E-16,1.,2.06403939222857E-32));
#4736=DIRECTION('center_axis',(7.77067130295908E-32,2.06403939222857E-32,
-1.));
#4737=DIRECTION('ref_axis',(1.,0.,0.));
#4738=DIRECTION('center_axis',(-1.,1.0140533676608E-16,0.));
#4739=DIRECTION('ref_axis',(1.0140533676608E-16,1.,0.));
#4740=DIRECTION('',(1.0140533676608E-16,1.,0.));
#4741=DIRECTION('',(0.,0.,-1.));
#4742=DIRECTION('',(0.,0.,-1.));
#4743=DIRECTION('center_axis',(0.,0.,1.));
#4744=DIRECTION('ref_axis',(1.,0.,0.));
#4745=DIRECTION('center_axis',(0.,0.,-1.));
#4746=DIRECTION('ref_axis',(1.,0.,0.));
#4747=DIRECTION('center_axis',(1.,0.,0.));
#4748=DIRECTION('ref_axis',(0.,-1.,0.));
#4749=DIRECTION('',(0.,-1.,0.));
#4750=DIRECTION('',(0.,0.,-1.));
#4751=DIRECTION('',(0.,-1.,0.));
#4752=DIRECTION('',(0.,0.,1.));
#4753=DIRECTION('',(0.,0.,1.));
#4754=DIRECTION('center_axis',(0.,1.,0.));
#4755=DIRECTION('ref_axis',(1.,0.,0.));
#4756=DIRECTION('',(1.,0.,0.));
#4757=DIRECTION('',(0.,0.,-1.));
#4758=DIRECTION('',(1.,0.,0.));
#4759=DIRECTION('center_axis',(0.,0.,1.));
#4760=DIRECTION('ref_axis',(1.,0.,0.));
#4761=DIRECTION('',(-1.09655644879245E-16,1.,0.));
#4762=DIRECTION('center_axis',(0.,0.,-1.));
#4763=DIRECTION('ref_axis',(1.,0.,0.));
#4764=DIRECTION('center_axis',(-1.,-1.09655644879245E-16,0.));
#4765=DIRECTION('ref_axis',(-1.09655644879245E-16,1.,0.));
#4766=DIRECTION('',(-1.09655644879245E-16,1.,0.));
#4767=DIRECTION('',(0.,0.,-1.));
#4768=DIRECTION('center_axis',(0.,0.,1.));
#4769=DIRECTION('ref_axis',(1.,0.,0.));
#4770=DIRECTION('',(0.,0.,1.));
#4771=DIRECTION('center_axis',(0.,0.,-1.));
#4772=DIRECTION('ref_axis',(1.,0.,0.));
#4773=DIRECTION('',(0.,0.,-1.));
#4774=DIRECTION('center_axis',(0.,0.,-1.));
#4775=DIRECTION('ref_axis',(1.,0.,0.));
#4776=DIRECTION('',(0.,0.,-1.));
#4777=DIRECTION('',(0.,0.,1.));
#4778=DIRECTION('center_axis',(0.,0.,-1.));
#4779=DIRECTION('ref_axis',(1.,0.,0.));
#4780=DIRECTION('',(-0.5,0.866025403784439,-3.75805372546363E-16));
#4781=DIRECTION('',(-0.32384042534519,0.940154551405269,-0.106003765896326));
#4782=DIRECTION('center_axis',(-1.22464679914735E-16,-1.,0.));
#4783=DIRECTION('ref_axis',(-1.,1.22464679914735E-16,0.));
#4784=DIRECTION('',(-0.32384042534519,0.940154551405269,0.106003765896326));
#4785=DIRECTION('center_axis',(-1.22464679914735E-16,-1.,0.));
#4786=DIRECTION('ref_axis',(-1.,1.22464679914735E-16,0.));
#4787=DIRECTION('center_axis',(-1.,0.,0.));
#4788=DIRECTION('ref_axis',(0.,0.,1.));
#4789=DIRECTION('',(0.,1.,0.));
#4790=DIRECTION('',(0.,0.,1.));
#4791=DIRECTION('',(-1.17427435296892E-16,-1.,0.));
#4792=DIRECTION('',(-0.5,0.866025403784439,7.51610745092725E-16));
#4793=DIRECTION('center_axis',(-0.5,0.866025403784439,0.));
#4794=DIRECTION('ref_axis',(0.,0.,1.));
#4795=DIRECTION('',(-0.866025403784439,-0.5,0.));
#4796=DIRECTION('',(0.866025403784439,0.5,0.));
#4797=DIRECTION('',(0.,0.,1.));
#4798=DIRECTION('center_axis',(0.,0.,1.));
#4799=DIRECTION('ref_axis',(1.,0.,0.));
#4800=DIRECTION('center_axis',(0.,0.,-1.));
#4801=DIRECTION('ref_axis',(1.,0.,0.));
#4802=DIRECTION('center_axis',(0.,0.,-1.));
#4803=DIRECTION('ref_axis',(-1.,0.,0.));
#4804=DIRECTION('',(0.866025403784439,-0.5,0.));
#4805=DIRECTION('center_axis',(0.,0.,-1.));
#4806=DIRECTION('ref_axis',(1.,0.,0.));
#4807=DIRECTION('center_axis',(0.,0.,1.));
#4808=DIRECTION('ref_axis',(1.,0.,0.));
#4809=DIRECTION('',(0.,1.,0.));
#4810=DIRECTION('',(1.,0.,0.));
#4811=DIRECTION('center_axis',(0.,0.,1.));
#4812=DIRECTION('ref_axis',(1.,0.,0.));
#4813=DIRECTION('center_axis',(1.,0.,0.));
#4814=DIRECTION('ref_axis',(0.,0.,-1.));
#4815=DIRECTION('',(1.17427435296892E-16,1.,0.));
#4816=DIRECTION('',(0.,0.,-1.));
#4817=DIRECTION('center_axis',(0.,0.,-1.));
#4818=DIRECTION('ref_axis',(-1.,0.,0.));
#4819=DIRECTION('',(-0.866025403784439,0.5,0.));
#4820=DIRECTION('',(-1.,0.,0.));
#4821=DIRECTION('center_axis',(0.,1.,0.));
#4822=DIRECTION('ref_axis',(0.,0.,1.));
#4823=DIRECTION('center_axis',(-1.22464679914735E-16,-1.,0.));
#4824=DIRECTION('ref_axis',(-1.,1.22464679914735E-16,0.));
#4825=DIRECTION('center_axis',(-1.22464679914735E-16,-1.,0.));
#4826=DIRECTION('ref_axis',(-1.,1.22464679914735E-16,0.));
#4827=DIRECTION('center_axis',(-1.22464679914735E-16,-1.,0.));
#4828=DIRECTION('ref_axis',(-1.,1.22464679914735E-16,0.));
#4829=DIRECTION('center_axis',(0.,1.,0.));
#4830=DIRECTION('ref_axis',(-1.,1.17427435296892E-16,0.));
#4831=DIRECTION('',(0.32384042534519,0.940154551405269,-0.106003765896326));
#4832=DIRECTION('center_axis',(1.17427435296892E-16,1.,0.));
#4833=DIRECTION('ref_axis',(-1.35112969095234E-9,1.58659701189599E-25,-1.));
#4834=DIRECTION('',(0.32384042534519,0.940154551405269,0.106003765896326));
#4835=DIRECTION('',(0.5,0.866025403784439,3.75805372546364E-16));
#4836=DIRECTION('',(0.5,0.866025403784439,-3.75805372546364E-16));
#4837=DIRECTION('center_axis',(0.5,0.866025403784439,0.));
#4838=DIRECTION('ref_axis',(0.,0.,1.));
#4839=DIRECTION('center_axis',(0.,0.,-1.));
#4840=DIRECTION('ref_axis',(-1.,0.,0.));
#4841=DIRECTION('',(0.,0.,-1.));
#4842=DIRECTION('center_axis',(0.,0.,1.));
#4843=DIRECTION('ref_axis',(-1.,0.,0.));
#4844=DIRECTION('center_axis',(0.,0.,-1.));
#4845=DIRECTION('ref_axis',(-1.,0.,0.));
#4846=DIRECTION('',(0.,0.,-1.));
#4847=DIRECTION('center_axis',(0.,0.,1.));
#4848=DIRECTION('ref_axis',(-1.,0.,0.));
#4849=DIRECTION('center_axis',(0.,0.,1.));
#4850=DIRECTION('ref_axis',(1.,0.,0.));
#4851=DIRECTION('center_axis',(0.,0.,1.));
#4852=DIRECTION('ref_axis',(1.,0.,0.));
#4853=DIRECTION('',(0.,0.,1.));
#4854=DIRECTION('center_axis',(0.,0.,-1.));
#4855=DIRECTION('ref_axis',(1.,0.,0.));
#4856=DIRECTION('center_axis',(0.,0.,1.));
#4857=DIRECTION('ref_axis',(1.,0.,0.));
#4858=DIRECTION('center_axis',(0.,0.,1.));
#4859=DIRECTION('ref_axis',(1.,0.,0.));
#4860=DIRECTION('',(0.,0.,1.));
#4861=DIRECTION('center_axis',(0.,0.,-1.));
#4862=DIRECTION('ref_axis',(1.,0.,0.));
#4863=DIRECTION('center_axis',(-0.5,0.866025403784439,0.));
#4864=DIRECTION('ref_axis',(0.866025403784439,0.5,-2.06403939222857E-32));
#4865=DIRECTION('',(0.866025403784439,0.5,0.));
#4866=DIRECTION('',(0.,0.,-1.));
#4867=DIRECTION('',(0.866025403784439,0.5,-2.06403939222857E-32));
#4868=DIRECTION('',(0.,0.,1.));
#4869=DIRECTION('center_axis',(-0.866025403784439,-0.5,0.));
#4870=DIRECTION('ref_axis',(-0.5,0.866025403784439,7.77067130295907E-32));
#4871=DIRECTION('',(-0.5,0.866025403784439,0.));
#4872=DIRECTION('',(0.,0.,-1.));
#4873=DIRECTION('',(-0.5,0.866025403784439,7.77067130295907E-32));
#4874=DIRECTION('center_axis',(5.67284619956127E-32,-5.697579056707E-32,
1.));
#4875=DIRECTION('ref_axis',(-0.5,0.866025403784439,7.77067130295907E-32));
#4876=DIRECTION('',(-0.866025403784439,-0.5,2.06403939222857E-32));
#4877=DIRECTION('center_axis',(-5.67284619956127E-32,5.697579056707E-32,
-1.));
#4878=DIRECTION('ref_axis',(1.,0.,0.));
#4879=DIRECTION('center_axis',(0.5,-0.866025403784439,0.));
#4880=DIRECTION('ref_axis',(-0.866025403784439,-0.5,0.));
#4881=DIRECTION('',(-0.866025403784439,-0.5,0.));
#4882=DIRECTION('',(0.,0.,-1.));
#4883=DIRECTION('',(0.,0.,-1.));
#4884=DIRECTION('center_axis',(0.,0.,1.));
#4885=DIRECTION('ref_axis',(1.,0.,0.));
#4886=DIRECTION('center_axis',(0.,0.,-1.));
#4887=DIRECTION('ref_axis',(1.,0.,0.));
#4888=DIRECTION('center_axis',(-0.5,0.866025403784439,0.));
#4889=DIRECTION('ref_axis',(0.866025403784439,0.5,0.));
#4890=DIRECTION('',(0.866025403784439,0.5,0.));
#4891=DIRECTION('',(0.,0.,-1.));
#4892=DIRECTION('',(0.866025403784439,0.5,0.));
#4893=DIRECTION('',(0.,0.,1.));
#4894=DIRECTION('',(0.,0.,1.));
#4895=DIRECTION('center_axis',(-0.866025403784439,-0.5,0.));
#4896=DIRECTION('ref_axis',(-0.5,0.866025403784439,0.));
#4897=DIRECTION('',(-0.5,0.866025403784439,0.));
#4898=DIRECTION('',(0.,0.,-1.));
#4899=DIRECTION('',(-0.5,0.866025403784439,0.));
#4900=DIRECTION('center_axis',(0.,0.,1.));
#4901=DIRECTION('ref_axis',(-0.5,0.866025403784439,0.));
#4902=DIRECTION('',(-0.866025403784439,-0.5,0.));
#4903=DIRECTION('center_axis',(0.,0.,-1.));
#4904=DIRECTION('ref_axis',(1.,0.,0.));
#4905=DIRECTION('center_axis',(0.5,-0.866025403784439,0.));
#4906=DIRECTION('ref_axis',(-0.866025403784439,-0.5,0.));
#4907=DIRECTION('',(-0.866025403784439,-0.5,0.));
#4908=DIRECTION('',(0.,0.,-1.));
#4909=DIRECTION('center_axis',(0.,0.,1.));
#4910=DIRECTION('ref_axis',(1.,0.,0.));
#4911=DIRECTION('',(0.,0.,1.));
#4912=DIRECTION('center_axis',(0.,0.,-1.));
#4913=DIRECTION('ref_axis',(1.,0.,0.));
#4914=DIRECTION('',(0.,0.,-1.));
#4915=DIRECTION('center_axis',(0.,0.,-1.));
#4916=DIRECTION('ref_axis',(1.,0.,0.));
#4917=DIRECTION('',(0.,0.,1.));
#4918=DIRECTION('',(0.,0.,1.));
#4919=DIRECTION('center_axis',(0.,0.,-1.));
#4920=DIRECTION('ref_axis',(1.,0.,0.));
#4921=DIRECTION('center_axis',(0.,0.,-1.));
#4922=DIRECTION('ref_axis',(-1.,0.,0.));
#4923=DIRECTION('',(6.12323399573677E-17,1.,0.));
#4924=DIRECTION('',(0.866025403784439,-0.5,0.));
#4925=DIRECTION('center_axis',(0.,0.,-1.));
#4926=DIRECTION('ref_axis',(1.,0.,0.));
#4927=DIRECTION('center_axis',(0.,0.,-1.));
#4928=DIRECTION('ref_axis',(1.,0.,0.));
#4929=DIRECTION('center_axis',(0.,0.,1.));
#4930=DIRECTION('ref_axis',(1.,0.,0.));
#4931=DIRECTION('center_axis',(0.5,0.866025403784439,0.));
#4932=DIRECTION('ref_axis',(0.,0.,1.));
#4933=DIRECTION('',(0.,0.,1.));
#4934=DIRECTION('',(-0.866025403784439,0.5,0.));
#4935=DIRECTION('center_axis',(0.,0.,-1.));
#4936=DIRECTION('ref_axis',(-1.,0.,0.));
#4937=DIRECTION('',(-6.12323399573677E-17,-1.,0.));
#4938=DIRECTION('',(0.5,-0.866025403784439,0.));
#4939=DIRECTION('center_axis',(0.,0.,1.));
#4940=DIRECTION('ref_axis',(1.,0.,0.));
#4941=DIRECTION('',(0.5,0.866025403784439,3.75805372546364E-16));
#4942=DIRECTION('',(-0.652277512327931,-0.750531310823927,0.106003765896326));
#4943=DIRECTION('center_axis',(0.866025403784439,0.5,0.));
#4944=DIRECTION('ref_axis',(0.5,-0.866025403784439,0.));
#4945=DIRECTION('',(-0.976117937673121,-0.189623240581342,0.106003765896326));
#4946=DIRECTION('center_axis',(0.866025403784439,0.5,0.));
#4947=DIRECTION('ref_axis',(0.5,-0.866025403784439,0.));
#4948=DIRECTION('',(-0.976117937673121,-0.189623240581341,-0.106003765896326));
#4949=DIRECTION('center_axis',(-0.866025403784439,-0.5,0.));
#4950=DIRECTION('ref_axis',(0.,0.,1.));
#4951=DIRECTION('center_axis',(0.866025403784439,0.5,0.));
#4952=DIRECTION('ref_axis',(0.5,-0.866025403784439,0.));
#4953=DIRECTION('center_axis',(0.866025403784439,0.5,0.));
#4954=DIRECTION('ref_axis',(0.5,-0.866025403784439,0.));
#4955=DIRECTION('center_axis',(0.866025403784439,0.5,0.));
#4956=DIRECTION('ref_axis',(0.5,-0.866025403784439,0.));
#4957=DIRECTION('',(0.,0.,-1.));
#4958=DIRECTION('center_axis',(-0.866025403784439,-0.5,0.));
#4959=DIRECTION('ref_axis',(0.5,-0.866025403784439,0.));
#4960=DIRECTION('',(0.,0.,1.));
#4961=DIRECTION('',(-0.5,0.866025403784439,0.));
#4962=DIRECTION('',(-0.652277512327931,-0.750531310823927,-0.106003765896326));
#4963=DIRECTION('',(0.5,0.866025403784439,-3.75805372546364E-16));
#4964=DIRECTION('',(-1.,1.12741611763909E-15,-1.87902686273182E-16));
#4965=DIRECTION('center_axis',(-0.866025403784439,-0.5,0.));
#4966=DIRECTION('ref_axis',(3.48761159568112E-16,-6.10332029244196E-16,
-1.));
#4967=DIRECTION('',(-0.866025403784439,-0.5,0.));
#4968=DIRECTION('',(0.866025403784439,0.5,0.));
#4969=DIRECTION('center_axis',(0.5,-0.866025403784439,0.));
#4970=DIRECTION('ref_axis',(0.,0.,1.));
#4971=DIRECTION('',(-0.866025403784439,-0.5,0.));
#4972=DIRECTION('center_axis',(0.,0.,1.));
#4973=DIRECTION('ref_axis',(-0.5,0.866025403784439,0.));
#4974=DIRECTION('',(-0.866025403784439,-0.5,0.));
#4975=DIRECTION('center_axis',(-0.5,0.866025403784439,0.));
#4976=DIRECTION('ref_axis',(0.,0.,-1.));
#4977=DIRECTION('',(-1.,7.51610745092728E-16,3.28829700978068E-16));
#4978=DIRECTION('center_axis',(-1.,6.12323399573677E-17,0.));
#4979=DIRECTION('ref_axis',(0.,0.,1.));
#4980=DIRECTION('center_axis',(0.,0.,-1.));
#4981=DIRECTION('ref_axis',(-1.,0.,0.));
#4982=DIRECTION('',(0.,0.,-1.));
#4983=DIRECTION('center_axis',(0.,0.,1.));
#4984=DIRECTION('ref_axis',(-1.,0.,0.));
#4985=DIRECTION('center_axis',(0.,0.,-1.));
#4986=DIRECTION('ref_axis',(-1.,0.,0.));
#4987=DIRECTION('',(0.,0.,-1.));
#4988=DIRECTION('center_axis',(0.,0.,1.));
#4989=DIRECTION('ref_axis',(-1.,0.,0.));
#4990=DIRECTION('center_axis',(0.,0.,1.));
#4991=DIRECTION('ref_axis',(1.,0.,0.));
#4992=DIRECTION('center_axis',(0.,0.,1.));
#4993=DIRECTION('ref_axis',(1.,0.,0.));
#4994=DIRECTION('',(0.,0.,1.));
#4995=DIRECTION('center_axis',(0.,0.,-1.));
#4996=DIRECTION('ref_axis',(1.,0.,0.));
#4997=DIRECTION('center_axis',(0.,0.,1.));
#4998=DIRECTION('ref_axis',(1.,0.,0.));
#4999=DIRECTION('center_axis',(0.,0.,1.));
#5000=DIRECTION('ref_axis',(1.,0.,0.));
#5001=DIRECTION('',(0.,0.,1.));
#5002=DIRECTION('center_axis',(0.,0.,-1.));
#5003=DIRECTION('ref_axis',(1.,0.,0.));
#5004=DIRECTION('center_axis',(-0.500000000000001,-0.866025403784438,0.));
#5005=DIRECTION('ref_axis',(-0.866025403784438,0.5,-2.06403939222857E-32));
#5006=DIRECTION('',(-0.866025403784438,0.5,0.));
#5007=DIRECTION('',(0.,0.,-1.));
#5008=DIRECTION('',(-0.866025403784438,0.5,-2.06403939222857E-32));
#5009=DIRECTION('',(0.,0.,1.));
#5010=DIRECTION('center_axis',(0.866025403784438,-0.500000000000001,0.));
#5011=DIRECTION('ref_axis',(-0.5,-0.866025403784438,7.77067130295907E-32));
#5012=DIRECTION('',(-0.5,-0.866025403784438,0.));
#5013=DIRECTION('',(0.,0.,-1.));
#5014=DIRECTION('',(-0.5,-0.866025403784438,7.77067130295907E-32));
#5015=DIRECTION('center_axis',(2.09782510339781E-32,7.76161844893557E-32,
1.));
#5016=DIRECTION('ref_axis',(-0.5,-0.866025403784438,7.77067130295907E-32));
#5017=DIRECTION('',(0.866025403784438,-0.500000000000001,2.06403939222857E-32));
#5018=DIRECTION('center_axis',(-2.09782510339781E-32,-7.76161844893557E-32,
-1.));
#5019=DIRECTION('ref_axis',(1.,0.,0.));
#5020=DIRECTION('center_axis',(0.500000000000001,0.866025403784438,0.));
#5021=DIRECTION('ref_axis',(0.866025403784438,-0.500000000000001,0.));
#5022=DIRECTION('',(0.866025403784438,-0.500000000000001,0.));
#5023=DIRECTION('',(0.,0.,-1.));
#5024=DIRECTION('',(0.,0.,-1.));
#5025=DIRECTION('center_axis',(0.,0.,1.));
#5026=DIRECTION('ref_axis',(1.,0.,0.));
#5027=DIRECTION('center_axis',(0.,0.,-1.));
#5028=DIRECTION('ref_axis',(1.,0.,0.));
#5029=DIRECTION('center_axis',(-0.500000000000001,-0.866025403784438,0.));
#5030=DIRECTION('ref_axis',(-0.866025403784438,0.5,0.));
#5031=DIRECTION('',(-0.866025403784438,0.5,0.));
#5032=DIRECTION('',(0.,0.,-1.));
#5033=DIRECTION('',(-0.866025403784438,0.5,0.));
#5034=DIRECTION('',(0.,0.,1.));
#5035=DIRECTION('',(0.,0.,1.));
#5036=DIRECTION('center_axis',(0.866025403784438,-0.500000000000001,0.));
#5037=DIRECTION('ref_axis',(-0.5,-0.866025403784438,0.));
#5038=DIRECTION('',(-0.5,-0.866025403784438,0.));
#5039=DIRECTION('',(0.,0.,-1.));
#5040=DIRECTION('',(-0.5,-0.866025403784438,0.));
#5041=DIRECTION('center_axis',(0.,0.,1.));
#5042=DIRECTION('ref_axis',(-0.5,-0.866025403784438,0.));
#5043=DIRECTION('',(0.866025403784438,-0.5,0.));
#5044=DIRECTION('center_axis',(0.,0.,-1.));
#5045=DIRECTION('ref_axis',(1.,0.,0.));
#5046=DIRECTION('center_axis',(0.5,0.866025403784438,0.));
#5047=DIRECTION('ref_axis',(0.866025403784438,-0.5,0.));
#5048=DIRECTION('',(0.866025403784438,-0.5,0.));
#5049=DIRECTION('',(0.,0.,-1.));
#5050=DIRECTION('center_axis',(0.,0.,1.));
#5051=DIRECTION('ref_axis',(-0.866025403783896,0.50000000000094,0.));
#5052=DIRECTION('',(0.,0.,1.));
#5053=DIRECTION('center_axis',(0.,0.,-1.));
#5054=DIRECTION('ref_axis',(1.,0.,0.));
#5055=DIRECTION('',(0.,0.,-1.));
#5056=DIRECTION('center_axis',(0.,0.,-1.));
#5057=DIRECTION('ref_axis',(1.,0.,0.));
#5058=DIRECTION('',(0.,0.,1.));
#5059=DIRECTION('',(0.,0.,-1.));
#5060=DIRECTION('center_axis',(0.,0.,-1.));
#5061=DIRECTION('ref_axis',(1.,0.,0.));
#5062=DIRECTION('center_axis',(0.,0.,1.));
#5063=DIRECTION('ref_axis',(1.,0.,0.));
#5064=DIRECTION('center_axis',(0.,0.,-1.));
#5065=DIRECTION('ref_axis',(1.,0.,0.));
#5066=DIRECTION('center_axis',(0.,0.,-1.));
#5067=DIRECTION('ref_axis',(-1.,0.,0.));
#5068=DIRECTION('',(0.866025403784439,0.5,0.));
#5069=DIRECTION('',(6.12323399573677E-17,1.,0.));
#5070=DIRECTION('center_axis',(0.,0.,-1.));
#5071=DIRECTION('ref_axis',(1.,0.,0.));
#5072=DIRECTION('center_axis',(-0.5,0.866025403784439,0.));
#5073=DIRECTION('ref_axis',(0.,0.,1.));
#5074=DIRECTION('',(-0.866025403784439,-0.5,0.));
#5075=DIRECTION('',(0.,0.,-1.));
#5076=DIRECTION('',(-0.5,0.866025403784439,-3.75805372546363E-16));
#5077=DIRECTION('center_axis',(0.,0.,1.));
#5078=DIRECTION('ref_axis',(1.,0.,0.));
#5079=DIRECTION('center_axis',(-1.,6.12323399573677E-17,0.));
#5080=DIRECTION('ref_axis',(0.,0.,1.));
#5081=DIRECTION('',(-6.12323399573677E-17,-1.,0.));
#5082=DIRECTION('',(-1.,1.12741611763909E-15,-1.87902686273182E-16));
#5083=DIRECTION('center_axis',(0.,0.,-1.));
#5084=DIRECTION('ref_axis',(-1.,0.,0.));
#5085=DIRECTION('',(0.5,0.866025403784438,0.));
#5086=DIRECTION('center_axis',(-0.500000000000001,-0.866025403784438,0.));
#5087=DIRECTION('ref_axis',(0.,0.,-1.));
#5088=DIRECTION('',(0.866025403784438,-0.500000000000001,0.));
#5089=DIRECTION('',(0.,0.,-1.));
#5090=DIRECTION('',(0.866025403784438,-0.5,0.));
#5091=DIRECTION('center_axis',(0.,0.,1.));
#5092=DIRECTION('ref_axis',(-0.5,-0.866025403784438,0.));
#5093=DIRECTION('',(-0.5,-0.866025403784438,0.));
#5094=DIRECTION('',(0.866025403784438,-0.5,0.));
#5095=DIRECTION('center_axis',(0.500000000000001,0.866025403784438,0.));
#5096=DIRECTION('ref_axis',(0.,0.,1.));
#5097=DIRECTION('',(0.,0.,1.));
#5098=DIRECTION('',(-0.866025403784438,0.500000000000001,0.));
#5099=DIRECTION('center_axis',(0.866025403784438,-0.500000000000001,0.));
#5100=DIRECTION('ref_axis',(-1.16253719856037E-16,-1.16253719856037E-16,
-1.));
#5101=DIRECTION('center_axis',(0.866025403784438,-0.5,0.));
#5102=DIRECTION('ref_axis',(0.500000000000001,0.866025403784438,0.));
#5103=DIRECTION('center_axis',(-0.866025403784438,0.500000000000001,0.));
#5104=DIRECTION('ref_axis',(0.500000000000001,0.866025403784438,0.));
#5105=DIRECTION('',(0.976117937673121,-0.189623240581342,-0.106003765896326));
#5106=DIRECTION('',(0.652277512327931,-0.750531310823928,-0.106003765896326));
#5107=DIRECTION('center_axis',(-0.866025403784438,0.500000000000001,0.));
#5108=DIRECTION('ref_axis',(0.500000000000001,0.866025403784438,0.));
#5109=DIRECTION('',(-0.5,0.866025403784439,7.51610745092725E-16));
#5110=DIRECTION('',(-1.,7.51610745092728E-16,3.28829700978068E-16));
#5111=DIRECTION('center_axis',(-0.866025403784438,0.500000000000001,0.));
#5112=DIRECTION('ref_axis',(0.500000000000001,0.866025403784438,0.));
#5113=DIRECTION('',(0.976117937673121,-0.189623240581342,0.106003765896326));
#5114=DIRECTION('center_axis',(0.866025403784438,-0.5,0.));
#5115=DIRECTION('ref_axis',(0.,0.,1.));
#5116=DIRECTION('center_axis',(-0.866025403784438,0.500000000000001,0.));
#5117=DIRECTION('ref_axis',(0.500000000000001,0.866025403784438,0.));
#5118=DIRECTION('center_axis',(-0.866025403784438,0.500000000000001,0.));
#5119=DIRECTION('ref_axis',(0.500000000000001,0.866025403784438,0.));
#5120=DIRECTION('',(0.652277512327931,-0.750531310823928,0.106003765896326));
#5121=DIRECTION('axis',(0.,0.,1.));
#5122=DIRECTION('refdir',(1.,0.,0.));
#5123=DIRECTION('center_axis',(0.,0.,1.));
#5124=DIRECTION('ref_axis',(1.,0.,0.));
#5125=DIRECTION('center_axis',(0.,0.,1.));
#5126=DIRECTION('ref_axis',(1.,0.,0.));
#5127=DIRECTION('',(0.,0.,1.));
#5128=DIRECTION('center_axis',(0.,0.,-1.));
#5129=DIRECTION('ref_axis',(1.,0.,0.));
#5130=DIRECTION('center_axis',(0.,0.,1.));
#5131=DIRECTION('ref_axis',(1.,0.,0.));
#5132=DIRECTION('center_axis',(0.,0.,1.));
#5133=DIRECTION('ref_axis',(1.,0.,0.));
#5134=DIRECTION('',(0.,0.,1.));
#5135=DIRECTION('center_axis',(0.,0.,-1.));
#5136=DIRECTION('ref_axis',(1.,0.,0.));
#5137=DIRECTION('center_axis',(0.,0.,1.));
#5138=DIRECTION('ref_axis',(1.,0.,0.));
#5139=DIRECTION('center_axis',(0.,0.,1.));
#5140=DIRECTION('ref_axis',(1.,0.,0.));
#5141=DIRECTION('',(0.,0.,1.));
#5142=DIRECTION('center_axis',(0.,0.,-1.));
#5143=DIRECTION('ref_axis',(1.,0.,0.));
#5144=DIRECTION('center_axis',(0.,0.,1.));
#5145=DIRECTION('ref_axis',(1.,0.,0.));
#5146=DIRECTION('center_axis',(0.,0.,1.));
#5147=DIRECTION('ref_axis',(1.,0.,0.));
#5148=DIRECTION('',(0.,0.,1.));
#5149=DIRECTION('center_axis',(0.,0.,-1.));
#5150=DIRECTION('ref_axis',(1.,0.,0.));
#5151=DIRECTION('center_axis',(0.,0.,1.));
#5152=DIRECTION('ref_axis',(1.,0.,0.));
#5153=DIRECTION('center_axis',(0.,0.,1.));
#5154=DIRECTION('ref_axis',(1.,0.,0.));
#5155=DIRECTION('',(0.,0.,1.));
#5156=DIRECTION('center_axis',(0.,0.,-1.));
#5157=DIRECTION('ref_axis',(1.,0.,0.));
#5158=DIRECTION('center_axis',(0.,0.,1.));
#5159=DIRECTION('ref_axis',(1.,0.,0.));
#5160=DIRECTION('center_axis',(0.,0.,1.));
#5161=DIRECTION('ref_axis',(1.,0.,0.));
#5162=DIRECTION('',(0.,0.,1.));
#5163=DIRECTION('center_axis',(0.,0.,-1.));
#5164=DIRECTION('ref_axis',(1.,0.,0.));
#5165=DIRECTION('center_axis',(0.,0.,1.));
#5166=DIRECTION('ref_axis',(1.,0.,0.));
#5167=DIRECTION('center_axis',(0.,0.,1.));
#5168=DIRECTION('ref_axis',(1.,0.,0.));
#5169=DIRECTION('',(0.,0.,-1.));
#5170=DIRECTION('center_axis',(0.,0.,-1.));
#5171=DIRECTION('ref_axis',(1.,0.,0.));
#5172=DIRECTION('',(0.,0.,1.));
#5173=DIRECTION('center_axis',(0.,0.,1.));
#5174=DIRECTION('ref_axis',(1.,0.,0.));
#5175=DIRECTION('',(0.,0.,-1.));
#5176=DIRECTION('center_axis',(0.,0.,-1.));
#5177=DIRECTION('ref_axis',(1.,0.,0.));
#5178=DIRECTION('',(0.,0.,1.));
#5179=DIRECTION('center_axis',(-7.77067130295908E-32,-2.06403939222857E-32,
1.));
#5180=DIRECTION('ref_axis',(1.,0.,0.));
#5181=DIRECTION('',(0.,0.,-1.));
#5182=DIRECTION('center_axis',(0.,0.,-1.));
#5183=DIRECTION('ref_axis',(1.,0.,0.));
#5184=DIRECTION('',(0.,0.,1.));
#5185=DIRECTION('center_axis',(0.,0.,1.));
#5186=DIRECTION('ref_axis',(1.,0.,0.));
#5187=DIRECTION('',(0.,0.,-1.));
#5188=DIRECTION('center_axis',(0.,0.,-1.));
#5189=DIRECTION('ref_axis',(1.,0.,0.));
#5190=DIRECTION('',(0.,0.,1.));
#5191=DIRECTION('center_axis',(5.67284619956127E-32,-5.697579056707E-32,
1.));
#5192=DIRECTION('ref_axis',(1.,0.,0.));
#5193=DIRECTION('',(0.,0.,-1.));
#5194=DIRECTION('center_axis',(0.,0.,-1.));
#5195=DIRECTION('ref_axis',(1.,0.,0.));
#5196=DIRECTION('',(0.,0.,1.));
#5197=DIRECTION('center_axis',(0.,0.,1.));
#5198=DIRECTION('ref_axis',(1.,0.,0.));
#5199=DIRECTION('',(0.,0.,-1.));
#5200=DIRECTION('center_axis',(0.,0.,-1.));
#5201=DIRECTION('ref_axis',(1.,0.,0.));
#5202=DIRECTION('',(0.,0.,1.));
#5203=DIRECTION('center_axis',(2.09782510339781E-32,7.76161844893557E-32,
1.));
#5204=DIRECTION('ref_axis',(1.,0.,0.));
#5205=DIRECTION('',(0.,0.,-1.));
#5206=DIRECTION('center_axis',(0.,0.,-1.));
#5207=DIRECTION('ref_axis',(1.,0.,0.));
#5208=DIRECTION('center_axis',(0.,0.,-1.));
#5209=DIRECTION('ref_axis',(-1.,0.,0.));
#5210=DIRECTION('',(-0.866025403784439,-0.5,0.));
#5211=DIRECTION('',(0.5,-0.866025403784439,0.));
#5212=DIRECTION('',(0.866025403784439,0.5,0.));
#5213=DIRECTION('',(-0.866025403784439,-0.5,0.));
#5214=DIRECTION('',(0.5,-0.866025403784439,0.));
#5215=DIRECTION('',(0.866025403784439,0.5,0.));
#5216=DIRECTION('',(0.,1.,0.));
#5217=DIRECTION('',(-1.,0.,0.));
#5218=DIRECTION('',(-1.0140533676608E-16,-1.,0.));
#5219=DIRECTION('',(0.,1.,0.));
#5220=DIRECTION('',(-1.,0.,0.));
#5221=DIRECTION('',(1.09655644879245E-16,-1.,0.));
#5222=DIRECTION('',(0.866025403784438,-0.5,0.));
#5223=DIRECTION('',(0.5,0.866025403784438,0.));
#5224=DIRECTION('',(-0.866025403784438,0.500000000000001,0.));
#5225=DIRECTION('',(0.866025403784438,-0.5,0.));
#5226=DIRECTION('',(0.5,0.866025403784438,0.));
#5227=DIRECTION('',(-0.866025403784438,0.5,0.));
#5228=DIRECTION('center_axis',(-0.5,0.866025403784439,0.));
#5229=DIRECTION('ref_axis',(0.866025403784439,0.5,-2.06403939222857E-32));
#5230=DIRECTION('',(0.866025403784439,0.5,-2.06403939222857E-32));
#5231=DIRECTION('',(0.,0.,-1.));
#5232=DIRECTION('center_axis',(-0.866025403784439,-0.5,0.));
#5233=DIRECTION('ref_axis',(-0.5,0.866025403784439,7.77067130295907E-32));
#5234=DIRECTION('',(-0.5,0.866025403784439,7.77067130295907E-32));
#5235=DIRECTION('',(0.,0.,-1.));
#5236=DIRECTION('center_axis',(5.67284619956127E-32,-5.697579056707E-32,
1.));
#5237=DIRECTION('ref_axis',(-0.5,0.866025403784439,7.77067130295907E-32));
#5238=DIRECTION('',(-0.866025403784439,-0.5,2.06403939222857E-32));
#5239=DIRECTION('center_axis',(0.5,-0.866025403784439,0.));
#5240=DIRECTION('ref_axis',(-0.866025403784439,-0.5,0.));
#5241=DIRECTION('center_axis',(-0.5,0.866025403784439,0.));
#5242=DIRECTION('ref_axis',(0.866025403784439,0.5,0.));
#5243=DIRECTION('',(0.866025403784439,0.5,0.));
#5244=DIRECTION('',(0.,0.,-1.));
#5245=DIRECTION('center_axis',(-0.866025403784439,-0.5,0.));
#5246=DIRECTION('ref_axis',(-0.5,0.866025403784439,0.));
#5247=DIRECTION('',(-0.5,0.866025403784439,0.));
#5248=DIRECTION('',(0.,0.,-1.));
#5249=DIRECTION('center_axis',(0.,0.,1.));
#5250=DIRECTION('ref_axis',(-0.5,0.866025403784439,0.));
#5251=DIRECTION('',(-0.866025403784439,-0.5,0.));
#5252=DIRECTION('center_axis',(0.5,-0.866025403784439,0.));
#5253=DIRECTION('ref_axis',(-0.866025403784439,-0.5,0.));
#5254=DIRECTION('center_axis',(-0.500000000000001,-0.866025403784438,0.));
#5255=DIRECTION('ref_axis',(-0.866025403784438,0.5,-2.06403939222857E-32));
#5256=DIRECTION('',(-0.866025403784438,0.5,-2.06403939222857E-32));
#5257=DIRECTION('',(0.,0.,-1.));
#5258=DIRECTION('center_axis',(0.866025403784438,-0.500000000000001,0.));
#5259=DIRECTION('ref_axis',(-0.5,-0.866025403784438,7.77067130295907E-32));
#5260=DIRECTION('',(-0.5,-0.866025403784438,7.77067130295907E-32));
#5261=DIRECTION('',(0.,0.,-1.));
#5262=DIRECTION('center_axis',(2.09782510339781E-32,7.76161844893557E-32,
1.));
#5263=DIRECTION('ref_axis',(-0.5,-0.866025403784438,7.77067130295907E-32));
#5264=DIRECTION('',(0.866025403784438,-0.500000000000001,2.06403939222857E-32));
#5265=DIRECTION('center_axis',(0.500000000000001,0.866025403784438,0.));
#5266=DIRECTION('ref_axis',(0.866025403784438,-0.500000000000001,0.));
#5267=DIRECTION('center_axis',(-0.500000000000001,-0.866025403784438,0.));
#5268=DIRECTION('ref_axis',(-0.866025403784438,0.5,0.));
#5269=DIRECTION('',(-0.866025403784438,0.5,0.));
#5270=DIRECTION('',(0.,0.,-1.));
#5271=DIRECTION('center_axis',(0.866025403784438,-0.500000000000001,0.));
#5272=DIRECTION('ref_axis',(-0.5,-0.866025403784438,0.));
#5273=DIRECTION('',(-0.5,-0.866025403784438,0.));
#5274=DIRECTION('',(0.,0.,-1.));
#5275=DIRECTION('center_axis',(0.,0.,1.));
#5276=DIRECTION('ref_axis',(-0.5,-0.866025403784438,0.));
#5277=DIRECTION('',(0.866025403784438,-0.5,0.));
#5278=DIRECTION('center_axis',(0.5,0.866025403784438,0.));
#5279=DIRECTION('ref_axis',(0.866025403784438,-0.5,0.));
#5280=DIRECTION('center_axis',(1.,0.,0.));
#5281=DIRECTION('ref_axis',(0.,-1.,-2.06403939222857E-32));
#5282=DIRECTION('',(0.,-1.,-2.06403939222857E-32));
#5283=DIRECTION('',(0.,0.,-1.));
#5284=DIRECTION('center_axis',(0.,1.,0.));
#5285=DIRECTION('ref_axis',(1.,0.,7.77067130295908E-32));
#5286=DIRECTION('',(1.,0.,7.77067130295908E-32));
#5287=DIRECTION('',(0.,0.,-1.));
#5288=DIRECTION('center_axis',(-7.77067130295908E-32,-2.06403939222857E-32,
1.));
#5289=DIRECTION('ref_axis',(1.,0.,7.77067130295908E-32));
#5290=DIRECTION('',(1.0140533676608E-16,1.,2.06403939222857E-32));
#5291=DIRECTION('center_axis',(-1.,1.0140533676608E-16,0.));
#5292=DIRECTION('ref_axis',(1.0140533676608E-16,1.,0.));
#5293=DIRECTION('center_axis',(1.,0.,0.));
#5294=DIRECTION('ref_axis',(0.,-1.,0.));
#5295=DIRECTION('',(0.,-1.,0.));
#5296=DIRECTION('',(0.,0.,-1.));
#5297=DIRECTION('center_axis',(0.,1.,0.));
#5298=DIRECTION('ref_axis',(1.,0.,0.));
#5299=DIRECTION('',(1.,0.,0.));
#5300=DIRECTION('',(0.,0.,-1.));
#5301=DIRECTION('center_axis',(0.,0.,1.));
#5302=DIRECTION('ref_axis',(1.,0.,0.));
#5303=DIRECTION('',(-1.09655644879245E-16,1.,0.));
#5304=DIRECTION('center_axis',(-1.,-1.09655644879245E-16,0.));
#5305=DIRECTION('ref_axis',(-1.09655644879245E-16,1.,0.));
#5306=DIRECTION('center_axis',(0.,0.,-1.));
#5307=DIRECTION('ref_axis',(1.,0.,0.));
#5308=DIRECTION('center_axis',(0.,0.,1.));
#5309=DIRECTION('ref_axis',(1.,0.,0.));
#5310=DIRECTION('',(1.,-6.40987562127854E-16,0.));
#5311=DIRECTION('',(0.5,-0.866025403784439,0.));
#5312=DIRECTION('',(-0.5,-0.866025403784439,0.));
#5313=DIRECTION('',(-1.,1.2819751242557E-15,0.));
#5314=DIRECTION('',(-0.499999999999999,0.866025403784439,0.));
#5315=DIRECTION('',(0.500000000000001,0.866025403784438,0.));
#5316=DIRECTION('center_axis',(-6.40987562127854E-16,-1.,0.));
#5317=DIRECTION('ref_axis',(1.,-6.40987562127854E-16,0.));
#5318=DIRECTION('',(0.,0.,1.));
#5319=DIRECTION('',(1.,-6.40987562127854E-16,0.));
#5320=DIRECTION('',(0.,0.,1.));
#5321=DIRECTION('center_axis',(-0.866025403784439,-0.5,0.));
#5322=DIRECTION('ref_axis',(0.5,-0.866025403784439,0.));
#5323=DIRECTION('',(0.5,-0.866025403784439,0.));
#5324=DIRECTION('',(0.,0.,1.));
#5325=DIRECTION('center_axis',(-0.866025403784439,0.5,0.));
#5326=DIRECTION('ref_axis',(-0.5,-0.866025403784439,0.));
#5327=DIRECTION('',(-0.5,-0.866025403784439,0.));
#5328=DIRECTION('',(0.,0.,1.));
#5329=DIRECTION('center_axis',(1.2819751242557E-15,1.,0.));
#5330=DIRECTION('ref_axis',(-1.,1.2819751242557E-15,0.));
#5331=DIRECTION('',(-1.,1.2819751242557E-15,0.));
#5332=DIRECTION('',(0.,0.,1.));
#5333=DIRECTION('center_axis',(0.866025403784439,0.499999999999999,0.));
#5334=DIRECTION('ref_axis',(-0.499999999999999,0.866025403784439,0.));
#5335=DIRECTION('',(-0.499999999999999,0.866025403784439,0.));
#5336=DIRECTION('',(0.,0.,1.));
#5337=DIRECTION('center_axis',(0.866025403784438,-0.500000000000001,0.));
#5338=DIRECTION('ref_axis',(0.500000000000001,0.866025403784438,0.));
#5339=DIRECTION('',(0.500000000000001,0.866025403784438,0.));
#5340=DIRECTION('center_axis',(0.,0.,1.));
#5341=DIRECTION('ref_axis',(1.,0.,0.));
#5342=DIRECTION('center_axis',(-6.12323399573677E-17,-1.,0.));
#5343=DIRECTION('ref_axis',(-1.,6.12323399573677E-17,0.));
#5344=DIRECTION('',(-1.,6.12323399573677E-17,0.));
#5345=DIRECTION('',(0.,0.,-1.));
#5346=DIRECTION('',(-1.,6.12323399573677E-17,0.));
#5347=DIRECTION('',(0.,0.,-1.));
#5348=DIRECTION('center_axis',(1.,-6.12323399573677E-17,0.));
#5349=DIRECTION('ref_axis',(-6.12323399573677E-17,-1.,0.));
#5350=DIRECTION('',(-6.12323399573677E-17,-1.,0.));
#5351=DIRECTION('',(0.,0.,-1.));
#5352=DIRECTION('',(-6.12323399573677E-17,-1.,0.));
#5353=DIRECTION('center_axis',(6.12323399573677E-17,1.,0.));
#5354=DIRECTION('ref_axis',(1.,-6.12323399573677E-17,0.));
#5355=DIRECTION('',(1.,-6.12323399573677E-17,0.));
#5356=DIRECTION('',(0.,0.,-1.));
#5357=DIRECTION('',(1.,-6.12323399573677E-17,0.));
#5358=DIRECTION('center_axis',(-1.,6.12323399573677E-17,0.));
#5359=DIRECTION('ref_axis',(6.12323399573677E-17,1.,0.));
#5360=DIRECTION('',(6.12323399573677E-17,1.,0.));
#5361=DIRECTION('',(6.12323399573677E-17,1.,0.));
#5362=DIRECTION('center_axis',(0.,0.,-1.));
#5363=DIRECTION('ref_axis',(-6.12323399573677E-17,-1.,0.));
#5364=DIRECTION('center_axis',(0.,0.,1.));
#5365=DIRECTION('ref_axis',(1.,0.,0.));
#5366=DIRECTION('center_axis',(0.,0.,-1.));
#5367=DIRECTION('ref_axis',(1.,0.,0.));
#5368=DIRECTION('',(0.,0.,-1.));
#5369=DIRECTION('center_axis',(0.,0.,-1.));
#5370=DIRECTION('ref_axis',(1.,0.,0.));
#5371=DIRECTION('center_axis',(0.,0.,-1.));
#5372=DIRECTION('ref_axis',(1.,0.,0.));
#5373=DIRECTION('',(0.5,0.866025403784438,0.));
#5374=DIRECTION('',(0.866025403784438,-0.5,0.));
#5375=DIRECTION('',(-0.5,-0.866025403784438,0.));
#5376=DIRECTION('',(-0.866025403784438,0.5,0.));
#5377=DIRECTION('',(0.5,-0.866025403784439,0.));
#5378=DIRECTION('',(-0.866025403784439,-0.5,0.));
#5379=DIRECTION('',(-0.5,0.866025403784439,0.));
#5380=DIRECTION('',(0.866025403784439,0.5,0.));
#5381=DIRECTION('center_axis',(0.,0.,1.));
#5382=DIRECTION('ref_axis',(1.,0.,0.));
#5383=DIRECTION('center_axis',(1.22464679914735E-16,-1.,0.));
#5384=DIRECTION('ref_axis',(-1.,-1.22464679914735E-16,0.));
#5385=DIRECTION('center_axis',(0.866025403784439,0.5,0.));
#5386=DIRECTION('ref_axis',(0.5,-0.866025403784439,0.));
#5387=DIRECTION('',(0.,0.,-1.));
#5388=DIRECTION('',(0.5,-0.866025403784439,0.));
#5389=DIRECTION('',(0.,0.,-1.));
#5390=DIRECTION('center_axis',(-0.5,0.866025403784439,0.));
#5391=DIRECTION('ref_axis',(0.866025403784439,0.5,0.));
#5392=DIRECTION('',(0.,0.,-1.));
#5393=DIRECTION('',(0.866025403784439,0.5,0.));
#5394=DIRECTION('center_axis',(-0.866025403784439,-0.5,0.));
#5395=DIRECTION('ref_axis',(-0.5,0.866025403784439,0.));
#5396=DIRECTION('',(0.,0.,-1.));
#5397=DIRECTION('',(-0.5,0.866025403784439,0.));
#5398=DIRECTION('center_axis',(0.5,-0.866025403784439,0.));
#5399=DIRECTION('ref_axis',(-0.866025403784439,-0.5,0.));
#5400=DIRECTION('',(-0.866025403784439,-0.5,0.));
#5401=DIRECTION('center_axis',(0.,0.,-1.));
#5402=DIRECTION('ref_axis',(0.866025403784439,0.5,0.));
#5403=DIRECTION('center_axis',(-0.866025403784438,0.5,0.));
#5404=DIRECTION('ref_axis',(0.5,0.866025403784438,0.));
#5405=DIRECTION('',(0.,0.,-1.));
#5406=DIRECTION('',(0.5,0.866025403784438,0.));
#5407=DIRECTION('',(0.,0.,-1.));
#5408=DIRECTION('center_axis',(-0.5,-0.866025403784438,0.));
#5409=DIRECTION('ref_axis',(-0.866025403784438,0.5,0.));
#5410=DIRECTION('',(0.,0.,-1.));
#5411=DIRECTION('',(-0.866025403784438,0.5,0.));
#5412=DIRECTION('center_axis',(0.866025403784438,-0.5,0.));
#5413=DIRECTION('ref_axis',(-0.5,-0.866025403784438,0.));
#5414=DIRECTION('',(0.,0.,-1.));
#5415=DIRECTION('',(-0.5,-0.866025403784438,0.));
#5416=DIRECTION('center_axis',(0.5,0.866025403784438,0.));
#5417=DIRECTION('ref_axis',(0.866025403784438,-0.5,0.));
#5418=DIRECTION('',(0.866025403784438,-0.5,0.));
#5419=DIRECTION('center_axis',(0.,0.,-1.));
#5420=DIRECTION('ref_axis',(-0.866025403784438,0.5,0.));
#5421=DIRECTION('axis',(0.,0.,1.));
#5422=DIRECTION('refdir',(1.,0.,0.));
#5423=DIRECTION('center_axis',(0.866025403784439,0.5,0.));
#5424=DIRECTION('ref_axis',(-0.5,0.866025403784439,0.));
#5425=DIRECTION('center_axis',(-0.866025403784439,-0.5,0.));
#5426=DIRECTION('ref_axis',(-0.5,0.866025403784439,0.));
#5427=DIRECTION('',(-0.866025403784439,-0.5,0.));
#5428=DIRECTION('center_axis',(-0.866025403784439,-0.5,0.));
#5429=DIRECTION('ref_axis',(-0.5,0.866025403784439,0.));
#5430=DIRECTION('center_axis',(0.866025403784439,0.5,0.));
#5431=DIRECTION('ref_axis',(-0.5,0.866025403784439,0.));
#5432=DIRECTION('center_axis',(0.866025403784439,0.5,0.));
#5433=DIRECTION('ref_axis',(-0.5,0.866025403784439,0.));
#5434=DIRECTION('',(-0.866025403784439,-0.5,0.));
#5435=DIRECTION('center_axis',(0.866025403784439,0.5,0.));
#5436=DIRECTION('ref_axis',(-0.5,0.866025403784439,0.));
#5437=DIRECTION('center_axis',(0.866025403784439,0.5,0.));
#5438=DIRECTION('ref_axis',(0.,0.,-1.));
#5439=DIRECTION('center_axis',(0.866025403784439,0.5,0.));
#5440=DIRECTION('ref_axis',(0.,0.,-1.));
#5441=DIRECTION('axis',(0.,0.,1.));
#5442=DIRECTION('refdir',(1.,0.,0.));
#5443=DIRECTION('center_axis',(1.,6.10622663543836E-17,-1.6092319477208E-15));
#5444=DIRECTION('ref_axis',(-1.6092319477208E-15,6.12323399573675E-17,-1.));
#5445=DIRECTION('center_axis',(1.,6.12323399573676E-17,-6.12323399573676E-17));
#5446=DIRECTION('ref_axis',(-6.12323399573676E-17,6.12323399573676E-17,
-1.));
#5447=DIRECTION('',(-1.,-6.10622663543836E-17,1.6092319477208E-15));
#5448=DIRECTION('center_axis',(1.,6.12323399573676E-17,-6.12323399573676E-17));
#5449=DIRECTION('ref_axis',(-6.12323399573676E-17,6.12323399573676E-17,
-1.));
#5450=DIRECTION('center_axis',(1.,6.12323399573676E-17,-6.12323399573676E-17));
#5451=DIRECTION('ref_axis',(-6.12323399573676E-17,6.12323399573676E-17,
-1.));
#5452=DIRECTION('center_axis',(1.,6.12323399573677E-17,-1.6092319477208E-15));
#5453=DIRECTION('ref_axis',(-1.6092319477208E-15,6.12323399573675E-17,-1.));
#5454=DIRECTION('center_axis',(7.03371474218722E-16,-1.,-7.0337147421872E-16));
#5455=DIRECTION('ref_axis',(0.707106781186547,0.,0.707106781186548));
#5456=DIRECTION('center_axis',(0.707106781186548,0.,-0.707106781186548));
#5457=DIRECTION('ref_axis',(-0.707106781186548,0.,-0.707106781186548));
#5458=DIRECTION('center_axis',(1.,0.,0.));
#5459=DIRECTION('ref_axis',(0.,-1.,0.));
#5460=DIRECTION('center_axis',(1.,0.,0.));
#5461=DIRECTION('ref_axis',(0.,-1.,0.));
#5462=DIRECTION('',(-1.,0.,0.));
#5463=DIRECTION('center_axis',(-1.,-6.12323399573675E-17,-2.52255942644297E-15));
#5464=DIRECTION('ref_axis',(6.12323399573675E-17,-1.,1.54462216362618E-31));
#5465=DIRECTION('center_axis',(1.,6.12323399573676E-17,-6.12323399573676E-17));
#5466=DIRECTION('ref_axis',(0.,-1.,-6.12323399573675E-17));
#5467=DIRECTION('center_axis',(6.12323399573676E-17,-1.83697019872103E-16,
1.));
#5468=DIRECTION('ref_axis',(0.,1.,1.83697019872103E-16));
#5469=DIRECTION('center_axis',(0.,1.,0.));
#5470=DIRECTION('ref_axis',(-1.,0.,6.12323399573676E-17));
#5471=DIRECTION('center_axis',(-0.882947592858927,0.,0.46947156278589));
#5472=DIRECTION('ref_axis',(-0.46947156278589,0.,-0.882947592858927));
#5473=DIRECTION('center_axis',(0.,1.,0.));
#5474=DIRECTION('ref_axis',(-1.,0.,6.12323399573676E-17));
#5475=DIRECTION('center_axis',(-0.882947592858927,0.,-0.469471562785891));
#5476=DIRECTION('ref_axis',(-0.469471562785891,0.,0.882947592858927));
#5477=DIRECTION('center_axis',(1.22464679914735E-16,-1.,7.49879891330928E-33));
#5478=DIRECTION('ref_axis',(0.999999999756489,1.29189588320018E-16,-2.20685908114649E-5));
#5479=DIRECTION('center_axis',(1.22464679914735E-16,-1.,7.49879891330929E-33));
#5480=DIRECTION('ref_axis',(6.12323399573676E-17,-2.87375661629113E-47,
-1.));
#5481=DIRECTION('center_axis',(1.22464679914735E-16,-1.,7.49879891330928E-33));
#5482=DIRECTION('ref_axis',(6.12323399573676E-17,-1.91583774419409E-47,
-1.));
#5483=DIRECTION('center_axis',(-0.882947592858927,0.,-0.469471562785891));
#5484=DIRECTION('ref_axis',(0.46945022931928,-0.00953314359638867,-0.882907470443674));
#5485=DIRECTION('',(0.882947592858927,0.,0.469471562785891));
#5486=DIRECTION('',(0.882947592858927,0.,0.469471562785891));
#5487=DIRECTION('',(0.882947592858927,0.,0.469471562785891));
#5488=DIRECTION('center_axis',(0.0214334952113595,1.22436546869837E-16,
-0.999770276255013));
#5489=DIRECTION('ref_axis',(-0.999770276255013,-2.31111593326468E-33,-0.0214334952113595));
#5490=DIRECTION('',(-0.882947592858927,0.,-0.469471562785891));
#5491=DIRECTION('',(-0.882947592858927,0.,-0.469471562785891));
#5492=DIRECTION('center_axis',(-0.882947592858927,-5.74936846656447E-17,
0.469471562785891));
#5493=DIRECTION('ref_axis',(0.46945022931928,-0.00953314359638948,0.882907470443674));
#5494=DIRECTION('',(0.882947592858927,5.74936846656447E-17,-0.469471562785891));
#5495=DIRECTION('',(0.882947592858927,5.74936846656447E-17,-0.469471562785891));
#5496=DIRECTION('center_axis',(0.0214334952113596,7.47693303216677E-36,
0.999770276255013));
#5497=DIRECTION('ref_axis',(-0.999770276255013,-2.62484613051317E-18,0.0214334952113596));
#5498=DIRECTION('',(-0.882947592858927,-5.74936846656447E-17,0.469471562785891));
#5499=DIRECTION('center_axis',(-0.0474324846849893,0.998629534754574,0.0221181308539303));
#5500=DIRECTION('ref_axis',(0.905065723712857,0.0523359562429438,-0.422039078100901));
#5501=DIRECTION('center_axis',(0.,1.,0.));
#5502=DIRECTION('ref_axis',(0.90630778703665,0.,-0.422618261740699));
#5503=DIRECTION('',(-0.0474324846849893,0.998629534754574,0.0221181308539303));
#5504=DIRECTION('',(-0.0474324846849893,0.998629534754574,0.0221181308539303));
#5505=DIRECTION('center_axis',(0.,-1.,0.));
#5506=DIRECTION('ref_axis',(0.90630778703665,0.,-0.422618261740699));
#5507=DIRECTION('center_axis',(-0.0474324846849891,0.998629534754574,0.0221181308539303));
#5508=DIRECTION('ref_axis',(0.905065723712857,0.0523359562429437,-0.422039078100901));
#5509=DIRECTION('center_axis',(0.422618261740699,-6.25418326592372E-17,
0.90630778703665));
#5510=DIRECTION('ref_axis',(0.0474324846849893,-0.998629534754574,-0.0221181308539302));
#5511=DIRECTION('center_axis',(-0.0474324846849893,0.998629534754574,0.0221181308539303));
#5512=DIRECTION('ref_axis',(0.905065723712857,0.0523359562429438,-0.422039078100901));
#5513=DIRECTION('center_axis',(0.422618261740699,-1.41553435639707E-16,
0.90630778703665));
#5514=DIRECTION('ref_axis',(-0.905065723712857,-0.0523359562429437,0.422039078100901));
#5515=DIRECTION('center_axis',(-0.0474324846849893,0.998629534754574,0.0221181308539303));
#5516=DIRECTION('ref_axis',(0.905065723712857,0.0523359562429438,-0.422039078100901));
#5517=DIRECTION('center_axis',(-0.422618261740699,6.25418326592372E-17,
-0.90630778703665));
#5518=DIRECTION('ref_axis',(-0.0474324846849893,0.998629534754574,0.0221181308539302));
#5519=DIRECTION('center_axis',(0.707106781186548,0.,0.707106781186547));
#5520=DIRECTION('ref_axis',(-0.707106263826601,-0.00120967531578551,0.707106263826602));
#5521=DIRECTION('center_axis',(0.707106781186548,0.,-0.707106781186548));
#5522=DIRECTION('ref_axis',(0.,1.,0.));
#5523=DIRECTION('center_axis',(0.707106781186548,0.,-0.707106781186548));
#5524=DIRECTION('ref_axis',(0.,1.,0.));
#5525=DIRECTION('center_axis',(0.707106781186548,0.,-0.707106781186548));
#5526=DIRECTION('ref_axis',(0.,1.,0.));
#5527=DIRECTION('',(0.707106781186548,0.,-0.707106781186548));
#5528=DIRECTION('center_axis',(0.707106781186548,0.,-0.707106781186548));
#5529=DIRECTION('ref_axis',(0.,1.,0.));
#5530=DIRECTION('center_axis',(0.0214334952113596,0.,0.999770276255013));
#5531=DIRECTION('ref_axis',(0.999770276255013,0.,-0.0214334952113596));
#5532=DIRECTION('',(6.12323399573675E-17,-1.,-1.31272462927455E-18));
#5533=DIRECTION('',(0.999770276255013,0.,-0.0214334952113596));
#5534=DIRECTION('',(0.,-1.,0.));
#5535=DIRECTION('',(-0.999770276255013,0.,0.0214334952113596));
#5536=DIRECTION('',(-0.999770276255013,0.,0.0214334952113596));
#5537=DIRECTION('center_axis',(0.,-1.,0.));
#5538=DIRECTION('ref_axis',(1.,0.,-6.12323399573676E-17));
#5539=DIRECTION('',(-2.52255942644297E-15,0.,1.));
#5540=DIRECTION('',(-0.999770276255013,0.,-0.0214334952113595));
#5541=DIRECTION('center_axis',(0.,-1.,0.));
#5542=DIRECTION('ref_axis',(6.12323399573676E-17,0.,1.));
#5543=DIRECTION('center_axis',(0.707106781186548,0.,0.707106781186548));
#5544=DIRECTION('ref_axis',(0.707106781186548,0.,-0.707106781186548));
#5545=DIRECTION('',(-0.707106781186548,0.,0.707106781186548));
#5546=DIRECTION('',(0.,1.,0.));
#5547=DIRECTION('',(0.707106781186548,0.,-0.707106781186548));
#5548=DIRECTION('',(0.,-1.,0.));
#5549=DIRECTION('center_axis',(-0.707106781186548,0.,0.707106781186548));
#5550=DIRECTION('ref_axis',(0.707106781186548,0.,0.707106781186548));
#5551=DIRECTION('',(-0.707106781186548,0.,-0.707106781186548));
#5552=DIRECTION('',(0.,-1.,0.));
#5553=DIRECTION('',(-0.707106781186548,0.,-0.707106781186548));
#5554=DIRECTION('center_axis',(0.707106781186548,0.,-0.707106781186548));
#5555=DIRECTION('ref_axis',(0.,1.,0.));
#5556=DIRECTION('center_axis',(-0.707106781186548,0.,0.707106781186548));
#5557=DIRECTION('ref_axis',(0.707106781186548,0.,0.707106781186548));
#5558=DIRECTION('',(0.707106781186548,0.,0.707106781186548));
#5559=DIRECTION('',(0.707106781186548,0.,0.707106781186548));
#5560=DIRECTION('',(0.,1.,0.));
#5561=DIRECTION('center_axis',(0.,1.,0.));
#5562=DIRECTION('ref_axis',(-0.707106781186548,0.,0.707106781186548));
#5563=DIRECTION('',(0.707106781186548,0.,-0.707106781186548));
#5564=DIRECTION('center_axis',(-0.707106781186548,0.,-0.707106781186548));
#5565=DIRECTION('ref_axis',(-0.707106781186548,0.,0.707106781186548));
#5566=DIRECTION('',(0.707106781186548,0.,-0.707106781186548));
#5567=DIRECTION('center_axis',(-0.0474324846849893,0.998629534754574,0.0221181308539303));
#5568=DIRECTION('ref_axis',(0.905065723712857,0.0523359562429438,-0.422039078100901));
#5569=DIRECTION('center_axis',(-0.407858064512936,-0.036401371787712,0.912319428349377));
#5570=DIRECTION('ref_axis',(-0.912501208575043,-0.0182406607782771,-0.408667129389503));
#5571=DIRECTION('',(-0.0474324846849893,0.998629534754574,0.0221181308539303));
#5572=DIRECTION('center_axis',(0.,-1.,0.));
#5573=DIRECTION('ref_axis',(0.90630778703665,0.,-0.422618261740699));
#5574=DIRECTION('center_axis',(-0.0474324846849893,0.998629534754574,0.0221181308539303));
#5575=DIRECTION('ref_axis',(0.905065723712857,0.0523359562429438,-0.422039078100901));
#5576=DIRECTION('center_axis',(0.,-1.,0.));
#5577=DIRECTION('ref_axis',(0.90630778703665,0.,-0.422618261740699));
#5578=DIRECTION('',(-0.0474324846849893,0.998629534754574,0.0221181308539303));
#5579=DIRECTION('center_axis',(0.,-1.,0.));
#5580=DIRECTION('ref_axis',(1.,0.,-6.12323399573676E-17));
#5581=DIRECTION('',(-0.90630778703665,0.,0.422618261740699));
#5582=DIRECTION('center_axis',(-0.0474324846849893,0.998629534754574,0.0221181308539303));
#5583=DIRECTION('ref_axis',(0.905065723712857,0.0523359562429438,-0.422039078100901));
#5584=DIRECTION('center_axis',(0.,1.,0.));
#5585=DIRECTION('ref_axis',(0.90630778703665,0.,-0.422618261740699));
#5586=DIRECTION('',(-0.0474324846849893,0.998629534754574,0.0221181308539303));
#5587=DIRECTION('center_axis',(-0.0474324846849893,0.998629534754574,0.0221181308539303));
#5588=DIRECTION('ref_axis',(0.905065723712857,0.0523359562429438,-0.422039078100901));
#5589=DIRECTION('center_axis',(0.,1.,0.));
#5590=DIRECTION('ref_axis',(0.90630778703665,0.,-0.422618261740699));
#5591=DIRECTION('',(-0.0474324846849893,0.998629534754574,0.0221181308539303));
#5592=DIRECTION('center_axis',(-0.422618261740699,6.24500451351651E-17,
-0.90630778703665));
#5593=DIRECTION('ref_axis',(-0.905065723712857,-0.0523359562429438,0.422039078100901));
#5594=DIRECTION('',(0.90630778703665,0.,-0.422618261740699));
#5595=DIRECTION('center_axis',(0.422618261740699,-6.24500451351651E-17,
0.90630778703665));
#5596=DIRECTION('ref_axis',(0.905065723712857,0.0523359562429438,-0.422039078100901));
#5597=DIRECTION('',(-0.90630778703665,0.,0.422618261740699));
#5598=DIRECTION('center_axis',(0.,1.,0.));
#5599=DIRECTION('ref_axis',(6.12323399573676E-17,0.,1.));
#5600=DIRECTION('center_axis',(0.,-1.,0.));
#5601=DIRECTION('ref_axis',(6.12323399573676E-17,0.,1.));
#5602=DIRECTION('center_axis',(0.,-1.,0.));
#5603=DIRECTION('ref_axis',(6.12323399573676E-17,0.,1.));
#5604=DIRECTION('center_axis',(0.,-1.,0.));
#5605=DIRECTION('ref_axis',(-6.12323399573676E-17,0.,-1.));
#5606=DIRECTION('center_axis',(0.,-1.,0.));
#5607=DIRECTION('ref_axis',(-6.12323399573676E-17,0.,-1.));
#5608=DIRECTION('center_axis',(0.,-1.,0.));
#5609=DIRECTION('ref_axis',(6.12323399573676E-17,0.,1.));
#5610=DIRECTION('',(0.999770276255013,0.,0.0214334952113595));
#5611=DIRECTION('center_axis',(0.,1.,0.));
#5612=DIRECTION('ref_axis',(6.12323399573676E-17,0.,1.));
#5613=DIRECTION('',(0.,1.,0.));
#5614=DIRECTION('center_axis',(0.0214334952113595,1.22436546869837E-16,
-0.999770276255013));
#5615=DIRECTION('ref_axis',(0.999770276255013,-2.62484613051316E-18,0.0214334952113595));
#5616=DIRECTION('',(-6.12323399573678E-17,1.,1.21151955285461E-16));
#5617=DIRECTION('',(0.999770276255013,0.,0.0214334952113595));
#5618=DIRECTION('center_axis',(-1.,0.,1.83697019872103E-16));
#5619=DIRECTION('ref_axis',(1.22464679914735E-16,0.,1.));
#5620=DIRECTION('center_axis',(-1.22464679914735E-16,1.,-7.49879891330929E-33));
#5621=DIRECTION('ref_axis',(-6.12323399573676E-17,2.87375661629113E-47,
1.));
#5622=DIRECTION('',(2.52255942644297E-15,3.01425633811928E-31,-1.));
#5623=DIRECTION('center_axis',(1.22464679914735E-16,-1.,7.49879891330929E-33));
#5624=DIRECTION('ref_axis',(6.12323399573676E-17,-2.87375661629113E-47,
-1.));
#5625=DIRECTION('center_axis',(0.,-1.,0.));
#5626=DIRECTION('ref_axis',(6.12323399573676E-17,0.,-1.));
#5627=DIRECTION('center_axis',(0.,-1.,0.));
#5628=DIRECTION('ref_axis',(1.,0.,-6.12323399573676E-17));
#5629=DIRECTION('center_axis',(-1.,-6.12323399573675E-17,-2.52255942644297E-15));
#5630=DIRECTION('ref_axis',(-2.52255942644297E-15,-6.12323399573678E-17,
1.));
#5631=DIRECTION('',(0.,0.,1.));
#5632=DIRECTION('',(1.,0.,0.));
#5633=DIRECTION('',(0.,0.,1.));
#5634=DIRECTION('',(1.,0.,0.));
#5635=DIRECTION('',(0.,0.,1.));
#5636=DIRECTION('',(1.,0.,0.));
#5637=DIRECTION('',(2.46519032881566E-32,-3.33066907387547E-16,1.));
#5638=DIRECTION('',(1.,-3.60267319673676E-32,-4.93038065763132E-32));
#5639=DIRECTION('',(-6.12323399573678E-17,2.27009383515056E-16,-1.));
#5640=DIRECTION('',(-1.,5.55111512312578E-16,6.1232339957368E-17));
#5641=DIRECTION('',(-1.22464679914735E-16,1.43807132768421E-32,1.));
#5642=DIRECTION('',(0.5,0.866025403784439,6.12323399573676E-17));
#5643=DIRECTION('',(-0.707106781186547,-0.707106781186547,0.));
#5644=DIRECTION('',(0.707106781186548,-0.707106781186548,0.));
#5645=CARTESIAN_POINT('',(0.,0.,0.));
#5646=CARTESIAN_POINT('',(0.,0.,0.));
#5647=CARTESIAN_POINT('Origin',(0.,0.,29.));
#5648=CARTESIAN_POINT('',(-13.8564064605511,4.44089209850063E-15,29.));
#5649=CARTESIAN_POINT('',(-6.92820323027555,12.,29.));
#5650=CARTESIAN_POINT('',(-6.92820323027554,12.,29.));
#5651=CARTESIAN_POINT('',(6.92820323027556,12.,29.));
#5652=CARTESIAN_POINT('',(6.92820323027556,12.,29.));
#5653=CARTESIAN_POINT('',(13.8564064605511,-1.77635683940025E-14,29.));
#5654=CARTESIAN_POINT('',(13.8564064605511,-1.88737914186277E-14,29.));
#5655=CARTESIAN_POINT('',(6.92820323027552,-12.0000000000001,29.));
#5656=CARTESIAN_POINT('',(6.92820323027552,-12.0000000000001,29.));
#5657=CARTESIAN_POINT('',(-6.92820323027551,-12.0000000000001,29.));
#5658=CARTESIAN_POINT('',(-6.92820323027551,-12.0000000000001,29.));
#5659=CARTESIAN_POINT('',(-13.8564064605511,3.88578058618805E-15,29.));
#5660=CARTESIAN_POINT('',(6.35,-6.35,29.));
#5661=CARTESIAN_POINT('',(-6.35,-6.35,29.));
#5662=CARTESIAN_POINT('',(6.35,-6.35,29.));
#5663=CARTESIAN_POINT('',(6.35,6.35,29.));
#5664=CARTESIAN_POINT('',(6.35,6.35,29.));
#5665=CARTESIAN_POINT('',(-6.35,6.35,29.));
#5666=CARTESIAN_POINT('',(-6.35,6.35,29.));
#5667=CARTESIAN_POINT('',(-6.35,-6.35,29.));
#5668=CARTESIAN_POINT('Origin',(6.35,6.35,29.));
#5669=CARTESIAN_POINT('',(6.35,-6.35,44.));
#5670=CARTESIAN_POINT('',(6.35,-6.35,29.));
#5671=CARTESIAN_POINT('',(6.35,6.35,44.));
#5672=CARTESIAN_POINT('',(6.35,6.35,44.));
#5673=CARTESIAN_POINT('',(6.35,6.35,29.));
#5674=CARTESIAN_POINT('Origin',(-6.35,6.35,29.));
#5675=CARTESIAN_POINT('',(-6.35,6.35,44.));
#5676=CARTESIAN_POINT('',(-6.35,6.35,44.));
#5677=CARTESIAN_POINT('',(-6.35,6.35,29.));
#5678=CARTESIAN_POINT('Origin',(-6.35,-6.35,29.));
#5679=CARTESIAN_POINT('',(-6.35,-6.35,44.));
#5680=CARTESIAN_POINT('',(-6.35,-6.35,44.));
#5681=CARTESIAN_POINT('',(-6.35,-6.35,29.));
#5682=CARTESIAN_POINT('Origin',(6.35,-6.35,29.));
#5683=CARTESIAN_POINT('',(6.35,-6.35,44.));
#5684=CARTESIAN_POINT('Origin',(0.,0.,29.));
#5685=CARTESIAN_POINT('',(15.,2.22044604925031E-15,44.));
#5686=CARTESIAN_POINT('Origin',(0.,0.,44.));
#5687=CARTESIAN_POINT('',(15.,1.83697019872103E-15,29.));
#5688=CARTESIAN_POINT('',(15.,1.83697019872103E-15,29.));
#5689=CARTESIAN_POINT('Origin',(0.,0.,29.));
#5690=CARTESIAN_POINT('Origin',(0.,0.,44.));
#5691=CARTESIAN_POINT('Origin',(-13.8564064605511,4.44089209850063E-15,
0.));
#5692=CARTESIAN_POINT('',(-13.8564064605511,3.88578058618805E-15,0.));
#5693=CARTESIAN_POINT('',(-6.92820323027555,12.,0.));
#5694=CARTESIAN_POINT('',(-6.92820323027554,12.,0.));
#5695=CARTESIAN_POINT('',(-6.92820323027555,12.,0.));
#5696=CARTESIAN_POINT('',(-13.8564064605511,3.88578058618805E-15,0.));
#5697=CARTESIAN_POINT('Origin',(-6.92820323027551,-12.0000000000001,0.));
#5698=CARTESIAN_POINT('',(-6.92820323027551,-12.0000000000001,0.));
#5699=CARTESIAN_POINT('',(-13.8564064605511,3.88578058618805E-15,0.));
#5700=CARTESIAN_POINT('',(-6.92820323027551,-12.0000000000001,0.));
#5701=CARTESIAN_POINT('Origin',(6.92820323027552,-12.0000000000001,0.));
#5702=CARTESIAN_POINT('',(6.92820323027552,-12.0000000000001,0.));
#5703=CARTESIAN_POINT('',(-6.92820323027551,-12.0000000000001,0.));
#5704=CARTESIAN_POINT('',(6.92820323027552,-12.0000000000001,0.));
#5705=CARTESIAN_POINT('Origin',(13.8564064605511,-1.99840144432528E-14,
0.));
#5706=CARTESIAN_POINT('',(13.8564064605511,-1.88737914186277E-14,0.));
#5707=CARTESIAN_POINT('',(6.92820323027552,-12.0000000000001,0.));
#5708=CARTESIAN_POINT('',(13.8564064605511,-1.88737914186277E-14,0.));
#5709=CARTESIAN_POINT('Origin',(6.92820323027556,12.,0.));
#5710=CARTESIAN_POINT('',(6.92820323027556,12.,0.));
#5711=CARTESIAN_POINT('',(13.8564064605511,-1.88737914186277E-14,0.));
#5712=CARTESIAN_POINT('',(6.92820323027556,12.,0.));
#5713=CARTESIAN_POINT('Origin',(-6.92820323027555,12.,0.));
#5714=CARTESIAN_POINT('',(6.92820323027556,12.,0.));
#5715=CARTESIAN_POINT('Origin',(0.,0.,0.));
#5716=CARTESIAN_POINT('',(-16.5,-2.22044604925031E-15,29.));
#5717=CARTESIAN_POINT('Origin',(0.,0.,29.));
#5718=CARTESIAN_POINT('',(-16.5,-2.02066721859313E-15,0.));
#5719=CARTESIAN_POINT('',(-16.5,-2.02066721859313E-15,0.));
#5720=CARTESIAN_POINT('Origin',(0.,0.,0.));
#5721=CARTESIAN_POINT('Origin',(0.,0.,29.));
#5722=CARTESIAN_POINT('Origin',(0.,0.,0.));
#5723=CARTESIAN_POINT('',(0.,0.,0.));
#5724=CARTESIAN_POINT('Origin',(-7.60084394849664E-13,-81.6666666666679,
25.));
#5725=CARTESIAN_POINT('',(-2.32002649481166,-80.7351492790012,14.0786007139438));
#5726=CARTESIAN_POINT('',(2.50001081298869,-81.6666666666499,14.0745064596708));
#5727=CARTESIAN_POINT('Ctrl Pts',(-2.32002942621651,-80.7351481020084,14.0786007139438));
#5728=CARTESIAN_POINT('Ctrl Pts',(-2.25833025235027,-80.5814864322388,14.079806057126));
#5729=CARTESIAN_POINT('Ctrl Pts',(-2.18167819005814,-80.4347054392737,14.0812243335703));
#5730=CARTESIAN_POINT('Ctrl Pts',(-2.09137730872927,-80.2968446011834,14.0827518718862));
#5731=CARTESIAN_POINT('Ctrl Pts',(-2.00353380279744,-80.1627353968176,14.0842378410057));
#5732=CARTESIAN_POINT('Ctrl Pts',(-1.90277407412604,-80.0370674614088,14.0858266438579));
#5733=CARTESIAN_POINT('Ctrl Pts',(-1.79034517112574,-79.9217182608441,14.0874139692935));
#5734=CARTESIAN_POINT('Ctrl Pts',(-1.67585510987196,-79.8042543642321,14.0890303951547));
#5735=CARTESIAN_POINT('Ctrl Pts',(-1.55036872893337,-79.6986243465985,14.0906284679563));
#5736=CARTESIAN_POINT('Ctrl Pts',(-1.41580943901031,-79.6061709528274,14.0921028864398));
#5737=CARTESIAN_POINT('Ctrl Pts',(-1.28277564179981,-79.5147656990884,14.0935605895063));
#5738=CARTESIAN_POINT('Ctrl Pts',(-1.14087386535473,-79.4362399971553,14.0948970454738));
#5739=CARTESIAN_POINT('Ctrl Pts',(-0.992011127414534,-79.371891439773,14.0960241053189));
#5740=CARTESIAN_POINT('Ctrl Pts',(-0.826817591215274,-79.3004836053452,
14.0972748078379));
#5741=CARTESIAN_POINT('Ctrl Pts',(-0.65481287272949,-79.247298743091,14.0982527840692));
#5742=CARTESIAN_POINT('Ctrl Pts',(-0.479038615863619,-79.2129851014793,
14.098886483297));
#5743=CARTESIAN_POINT('Ctrl Pts',(-0.329437028912621,-79.1837807382768,
14.0994258251313));
#5744=CARTESIAN_POINT('Ctrl Pts',(-0.177106138002487,-79.1682461653746,
14.099716335959));
#5745=CARTESIAN_POINT('Ctrl Pts',(-0.0239388150106743,-79.1667810368882,
14.0997377313376));
#5746=CARTESIAN_POINT('Ctrl Pts',(0.157200604702773,-79.1650483401312,14.0997630340353));
#5747=CARTESIAN_POINT('Ctrl Pts',(0.337560358997825,-79.1830119399066,14.099410600344));
#5748=CARTESIAN_POINT('Ctrl Pts',(0.513998727927783,-79.2200796869,14.0987124335505));
#5749=CARTESIAN_POINT('Ctrl Pts',(0.657218079942195,-79.2501684863896,14.0981457144385));
#5750=CARTESIAN_POINT('Ctrl Pts',(0.797853549676117,-79.2928449456644,14.0973521199128));
#5751=CARTESIAN_POINT('Ctrl Pts',(0.934239270262093,-79.3477923580312,14.0963697141184));
#5752=CARTESIAN_POINT('Ctrl Pts',(1.08684236052787,-79.4092734639216,14.0952704922975));
#5753=CARTESIAN_POINT('Ctrl Pts',(1.23264354261899,-79.4855178005529,14.0939458136963));
#5754=CARTESIAN_POINT('Ctrl Pts',(1.36962104021586,-79.5752176474994,14.0924849504207));
#5755=CARTESIAN_POINT('Ctrl Pts',(1.50612530957679,-79.6646076004774,14.0910291341183));
#5756=CARTESIAN_POINT('Ctrl Pts',(1.6338664484951,-79.7673602524943,14.0894384922657));
#5757=CARTESIAN_POINT('Ctrl Pts',(1.75089282074538,-79.8821813900444,14.0878167093306));
#5758=CARTESIAN_POINT('Ctrl Pts',(1.86871406173655,-79.9977824178986,14.0861839108909));
#5759=CARTESIAN_POINT('Ctrl Pts',(1.97452523914183,-80.124488766275,14.0845367209787));
#5760=CARTESIAN_POINT('Ctrl Pts',(2.06694073725495,-80.2603094441354,14.0829879188334));
#5761=CARTESIAN_POINT('Ctrl Pts',(2.15785731721273,-80.3939272005804,14.0814642372328));
#5762=CARTESIAN_POINT('Ctrl Pts',(2.23580970900997,-80.5363660274157,14.080036288584));
#5763=CARTESIAN_POINT('Ctrl Pts',(2.29952728226226,-80.6857302484734,14.0788036297402));
#5764=CARTESIAN_POINT('Ctrl Pts',(2.36948109467117,-80.8497132152934,14.0774503267013));
#5765=CARTESIAN_POINT('Ctrl Pts',(2.42152786394941,-81.0203061454956,14.076348800795));
#5766=CARTESIAN_POINT('Ctrl Pts',(2.45503449868478,-81.1945359206927,14.0755901460848));
#5767=CARTESIAN_POINT('Ctrl Pts',(2.48377272980647,-81.3439706695846,14.0749394572115));
#5768=CARTESIAN_POINT('Ctrl Pts',(2.49887353762064,-81.4960807846718,14.074540661824));
#5769=CARTESIAN_POINT('Ctrl Pts',(2.49995478875112,-81.6489904083487,14.0744261325164));
#5770=CARTESIAN_POINT('Ctrl Pts',(2.49999645924673,-81.6548834147213,14.0744217186547));
#5771=CARTESIAN_POINT('Ctrl Pts',(2.50001729208625,-81.6607755363915,14.0744177253704));
#5772=CARTESIAN_POINT('Ctrl Pts',(2.50001728726428,-81.6666666666392,14.0744141532927));
#5773=CARTESIAN_POINT('Ctrl Pts',(2.50001728726428,-81.6666666666392,14.0744141532927));
#5774=CARTESIAN_POINT('Ctrl Pts',(2.5000169334768,-81.839277773816,14.0743094951118));
#5775=CARTESIAN_POINT('Ctrl Pts',(2.48213491095482,-82.0110374579666,14.074570186423));
#5776=CARTESIAN_POINT('Ctrl Pts',(2.44690100789281,-82.1792361550835,14.0751771413516));
#5777=CARTESIAN_POINT('Ctrl Pts',(2.41632115163309,-82.3252174836878,14.0757039235943));
#5778=CARTESIAN_POINT('Ctrl Pts',(2.37267093088043,-82.468516435633,14.0764907833642));
#5779=CARTESIAN_POINT('Ctrl Pts',(2.31628142090552,-82.6073615830687,14.0774971847858));
#5780=CARTESIAN_POINT('Ctrl Pts',(2.25476683032776,-82.7588259671717,14.0785950551421));
#5781=CARTESIAN_POINT('Ctrl Pts',(2.17867945983086,-82.9035277478251,14.0799432938449));
#5782=CARTESIAN_POINT('Ctrl Pts',(2.08932842738603,-83.0395087451243,14.0814438833605));
#5783=CARTESIAN_POINT('Ctrl Pts',(2.00069222230429,-83.1744018653719,14.0829324678392));
#5784=CARTESIAN_POINT('Ctrl Pts',(1.89900395467188,-83.300713180368,14.0845704121629));
#5785=CARTESIAN_POINT('Ctrl Pts',(1.78549480519057,-83.4165311327935,14.0862423713837));
#5786=CARTESIAN_POINT('Ctrl Pts',(1.66971548021437,-83.5346654366204,14.0879477696785));
#5787=CARTESIAN_POINT('Ctrl Pts',(1.54276709694539,-83.6407298214019,14.0896701434257));
#5788=CARTESIAN_POINT('Ctrl Pts',(1.40667906802045,-83.7333566192338,14.0912791758305));
#5789=CARTESIAN_POINT('Ctrl Pts',(1.27191589058442,-83.8250816716882,14.0928725438965));
#5790=CARTESIAN_POINT('Ctrl Pts',(1.12818972180001,-83.90362950028,14.0943540559053));
#5791=CARTESIAN_POINT('Ctrl Pts',(0.977422444324004,-83.9676719932861,14.095609735339));
#5792=CARTESIAN_POINT('Ctrl Pts',(0.820511158040863,-84.0343243207845,14.0969165857272));
#5793=CARTESIAN_POINT('Ctrl Pts',(0.657567324826584,-84.0845912636613,14.0979637101432));
#5794=CARTESIAN_POINT('Ctrl Pts',(0.491202303106022,-84.1179299485758,14.0986690511667));
#5795=CARTESIAN_POINT('Ctrl Pts',(0.33753209233389,-84.1487246594152,14.0993205697529));
#5796=CARTESIAN_POINT('Ctrl Pts',(0.180941918364828,-84.1650760314036,14.0996806455544));
#5797=CARTESIAN_POINT('Ctrl Pts',(0.0234715474761131,-84.1665562244157,
14.0997197540888));
#5798=CARTESIAN_POINT('Ctrl Pts',(-0.147133356613859,-84.1681598796649,
14.0997621246486));
#5799=CARTESIAN_POINT('Ctrl Pts',(-0.317038707870669,-84.1522919164765,
14.0994266706726));
#5800=CARTESIAN_POINT('Ctrl Pts',(-0.483638288632022,-84.1194446008484,
14.0987467631149));
#5801=CARTESIAN_POINT('Ctrl Pts',(-0.635590076047183,-84.0894852918352,
14.0981266344916));
#5802=CARTESIAN_POINT('Ctrl Pts',(-0.784792283809739,-84.0454010971657,
14.0972207898953));
#5803=CARTESIAN_POINT('Ctrl Pts',(-0.929251231775942,-83.987565521105,14.096088826654));
#5804=CARTESIAN_POINT('Ctrl Pts',(-1.08344579740432,-83.9258321937196,14.0948805762635));
#5805=CARTESIAN_POINT('Ctrl Pts',(-1.23070681238618,-83.8490406962586,14.0934277505545));
#5806=CARTESIAN_POINT('Ctrl Pts',(-1.36900467042127,-83.7585364406859,14.0918463875331));
#5807=CARTESIAN_POINT('Ctrl Pts',(-1.50730252845637,-83.6680321851133,14.0902650245117));
#5808=CARTESIAN_POINT('Ctrl Pts',(-1.63663763295622,-83.5638151714291,14.088555890338));
#5809=CARTESIAN_POINT('Ctrl Pts',(-1.75492985405232,-83.4472308115973,14.0868500276782));
#5810=CARTESIAN_POINT('Ctrl Pts',(-1.8712730897604,-83.3325672983915,14.0851722708512));
#5811=CARTESIAN_POINT('Ctrl Pts',(-1.97580826881413,-83.2070506178519,14.0835157017353));
#5812=CARTESIAN_POINT('Ctrl Pts',(-2.06724369659082,-83.0726120898937,14.081999662156));
#5813=CARTESIAN_POINT('Ctrl Pts',(-2.15814233280815,-82.9389628125445,14.0804925228167));
#5814=CARTESIAN_POINT('Ctrl Pts',(-2.23609426866965,-82.7964961355725,14.0791248063172));
#5815=CARTESIAN_POINT('Ctrl Pts',(-2.29978279936802,-82.6471095634925,14.077995211042));
#5816=CARTESIAN_POINT('Ctrl Pts',(-2.36727587209218,-82.4887991320405,14.0767981374837));
#5817=CARTESIAN_POINT('Ctrl Pts',(-2.41807248918583,-82.3243257345891,14.0758819687631));
#5818=CARTESIAN_POINT('Ctrl Pts',(-2.45162354086613,-82.1563629295283,14.0753098354535));
#5819=CARTESIAN_POINT('Ctrl Pts',(-2.4820389114265,-82.0040979273769,14.07479117372));
#5820=CARTESIAN_POINT('Ctrl Pts',(-2.49828059076536,-81.8489652784758,14.0745547615502));
#5821=CARTESIAN_POINT('Ctrl Pts',(-2.49992112680694,-81.6929568051488,14.0746155556772));
#5822=CARTESIAN_POINT('Ctrl Pts',(-2.50180031036554,-81.5142538991178,14.0746851934792));
#5823=CARTESIAN_POINT('Ctrl Pts',(-2.48451295632087,-81.3362966771409,14.0751444555408));
#5824=CARTESIAN_POINT('Ctrl Pts',(-2.4486136610559,-81.1620916623744,14.0759434027504));
#5825=CARTESIAN_POINT('Ctrl Pts',(-2.41862629523696,-81.0165748920105,14.076610778588));
#5826=CARTESIAN_POINT('Ctrl Pts',(-2.37565209743917,-80.8736762540327,14.0775140801475));
#5827=CARTESIAN_POINT('Ctrl Pts',(-2.32002942621651,-80.7351481020084,14.0786007139438));
#5828=CARTESIAN_POINT('',(2.49999999999924,-81.6666666666679,3.6));
#5829=CARTESIAN_POINT('',(2.49999999999924,-81.6666666666679,25.));
#5830=CARTESIAN_POINT('Origin',(-7.60084394849664E-13,-81.6666666666679,
3.6));
#5831=CARTESIAN_POINT('Origin',(-8.08934207933171E-13,-115.833333333335,
25.));
#5832=CARTESIAN_POINT('',(-2.32950478189517,-114.925915308865,14.0525051403241));
#5833=CARTESIAN_POINT('',(2.50000047536851,-115.833333327739,14.0441325553065));
#5834=CARTESIAN_POINT('Ctrl Pts',(-2.32950478189517,-114.925915308865,14.0525051403241));
#5835=CARTESIAN_POINT('Ctrl Pts',(-2.31403858268787,-114.886210802189,14.0531796187068));
#5836=CARTESIAN_POINT('Ctrl Pts',(-2.29756000684916,-114.846908689271,14.0538868827248));
#5837=CARTESIAN_POINT('Ctrl Pts',(-2.15470767421313,-114.5292260799,14.0599079786656));
#5838=CARTESIAN_POINT('Ctrl Pts',(-1.97924972410141,-114.275766698268,14.0666673581603));
#5839=CARTESIAN_POINT('Ctrl Pts',(-1.52769405259325,-113.826915359984,14.0805994315621));
#5840=CARTESIAN_POINT('Ctrl Pts',(-1.24889946306851,-113.642478940295,14.0875643954499));
#5841=CARTESIAN_POINT('Ctrl Pts',(-0.637770676795445,-113.393801012873,
14.0973621970032));
#5842=CARTESIAN_POINT('Ctrl Pts',(-0.311797606905786,-113.331158891533,
14.1000916805002));
#5843=CARTESIAN_POINT('Ctrl Pts',(0.339254698219085,-113.335578955656,14.0999053182814));
#5844=CARTESIAN_POINT('Ctrl Pts',(0.658063738086688,-113.400064380598,14.0971053006959));
#5845=CARTESIAN_POINT('Ctrl Pts',(1.24905597908159,-113.64459854723,14.0874913160825));
#5846=CARTESIAN_POINT('Ctrl Pts',(1.5164942661157,-113.820643942131,14.0808603549853));
#5847=CARTESIAN_POINT('Ctrl Pts',(1.97763375872735,-114.269551009801,14.0667974887441));
#5848=CARTESIAN_POINT('Ctrl Pts',(2.16463428600166,-114.54072736415,14.0595386221072));
#5849=CARTESIAN_POINT('Ctrl Pts',(2.40642581905256,-115.099281514636,14.0492505919986));
#5850=CARTESIAN_POINT('Ctrl Pts',(2.47389685602463,-115.375540484219,14.0458831909291));
#5851=CARTESIAN_POINT('Ctrl Pts',(2.49793302566272,-115.715899036278,14.0443804924719));
#5852=CARTESIAN_POINT('Ctrl Pts',(2.49999999986783,-115.774639196553,14.0442123611015));
#5853=CARTESIAN_POINT('Ctrl Pts',(2.49999999999919,-115.833333327739,14.0441366753887));
#5854=CARTESIAN_POINT('Ctrl Pts',(2.50003664957511,-115.833333327739,14.0438190291689));
#5855=CARTESIAN_POINT('Ctrl Pts',(2.50003581683806,-115.977685978803,14.0436327964089));
#5856=CARTESIAN_POINT('Ctrl Pts',(2.48753229422219,-116.121760148771,14.0440077601964));
#5857=CARTESIAN_POINT('Ctrl Pts',(2.46267176256043,-116.263938369422,14.044930856723));
#5858=CARTESIAN_POINT('Ctrl Pts',(2.45189896028,-116.325548389694,14.0453308616989));
#5859=CARTESIAN_POINT('Ctrl Pts',(2.43880571842454,-116.38680239908,14.0458331476067));
#5860=CARTESIAN_POINT('Ctrl Pts',(2.42340321388499,-116.447568787066,14.0464336667824));
#5861=CARTESIAN_POINT('Ctrl Pts',(2.38759120821067,-116.588855304839,14.0478299199742));
#5862=CARTESIAN_POINT('Ctrl Pts',(2.33955117292137,-116.726476972065,14.0497503161094));
#5863=CARTESIAN_POINT('Ctrl Pts',(2.27997463020584,-116.85891664959,14.0520852901951));
#5864=CARTESIAN_POINT('Ctrl Pts',(2.22393667087627,-116.983489995482,14.0542815771377));
#5865=CARTESIAN_POINT('Ctrl Pts',(2.15769193346839,-117.103478645049,14.0568439384981));
#5866=CARTESIAN_POINT('Ctrl Pts',(2.08179023985478,-117.217620054473,14.0596478296492));
#5867=CARTESIAN_POINT('Ctrl Pts',(1.99579003752769,-117.346947660181,14.0628247707003));
#5868=CARTESIAN_POINT('Ctrl Pts',(1.89809739525995,-117.46770181988,14.0662842656671));
#5869=CARTESIAN_POINT('Ctrl Pts',(1.7901395143562,-117.578441768356,14.0697962171515));
#5870=CARTESIAN_POINT('Ctrl Pts',(1.6837551454356,-117.687567655547,14.0732569811014));
#5871=CARTESIAN_POINT('Ctrl Pts',(1.56740238316161,-117.786969123176,14.076767559189));
#5872=CARTESIAN_POINT('Ctrl Pts',(1.442398064163,-117.875267490767,14.0800996673276));
#5873=CARTESIAN_POINT('Ctrl Pts',(1.31835464324134,-117.962887115958,14.0834061618207));
#5874=CARTESIAN_POINT('Ctrl Pts',(1.18687366336998,-118.038811183974,14.0865053346978));
#5875=CARTESIAN_POINT('Ctrl Pts',(1.04968987872134,-118.102275642119,14.0892000100999));
#5876=CARTESIAN_POINT('Ctrl Pts',(0.916435798721066,-118.1639221261,14.0918174950493));
#5877=CARTESIAN_POINT('Ctrl Pts',(0.777800366048057,-118.213812600957,14.0940526904764));
#5878=CARTESIAN_POINT('Ctrl Pts',(0.635342880981107,-118.251246811205,14.0957636951921));
#5879=CARTESIAN_POINT('Ctrl Pts',(0.604950790347338,-118.259233081005,14.0961287234696));
#5880=CARTESIAN_POINT('Ctrl Pts',(0.574384644787398,-118.266652409066,14.0964700556305));
#5881=CARTESIAN_POINT('Ctrl Pts',(0.543659436561683,-118.273497995805,14.0967865881249));
#5882=CARTESIAN_POINT('Ctrl Pts',(0.405887782359398,-118.304193566751,14.0982059179805));
#5883=CARTESIAN_POINT('Ctrl Pts',(0.266089817568656,-118.323095159609,14.0991104447509));
#5884=CARTESIAN_POINT('Ctrl Pts',(0.125771300142097,-118.330165435859,14.0994563268617));
#5885=CARTESIAN_POINT('Ctrl Pts',(-0.0141742144364455,-118.33721691749,
14.0998012895285));
#5886=CARTESIAN_POINT('Ctrl Pts',(-0.154637958106555,-118.332499900296,
14.0995905189805));
#5887=CARTESIAN_POINT('Ctrl Pts',(-0.294128769803911,-118.315977342734,
14.0988325632204));
#5888=CARTESIAN_POINT('Ctrl Pts',(-0.337210567147013,-118.310874343706,
14.0985984682571));
#5889=CARTESIAN_POINT('Ctrl Pts',(-0.380199550986755,-118.304645230841,
14.0983125542495));
#5890=CARTESIAN_POINT('Ctrl Pts',(-0.423051740465461,-118.297288912866,
14.0979760749915));
#5891=CARTESIAN_POINT('Ctrl Pts',(-0.566405764548075,-118.272679720268,
14.0968504462609));
#5892=CARTESIAN_POINT('Ctrl Pts',(-0.707000061169573,-118.235664855106,
14.0951649690902));
#5893=CARTESIAN_POINT('Ctrl Pts',(-0.843306781602631,-118.186827643411,
14.0930287581007));
#5894=CARTESIAN_POINT('Ctrl Pts',(-0.983343739540823,-118.136653928292,
14.0908340864987));
#5895=CARTESIAN_POINT('Ctrl Pts',(-1.11885582293118,-118.074001940158,14.0881641501626));
#5896=CARTESIAN_POINT('Ctrl Pts',(-1.24815971800443,-117.99950421837,14.0851850693632));
#5897=CARTESIAN_POINT('Ctrl Pts',(-1.26718526496363,-117.98854275504,14.0847467326711));
#5898=CARTESIAN_POINT('Ctrl Pts',(-1.28607635176801,-117.977324835601,14.0843017767594));
#5899=CARTESIAN_POINT('Ctrl Pts',(-1.30482755727233,-117.965852475001,14.0838508032707));
#5900=CARTESIAN_POINT('Ctrl Pts',(-1.43860382931286,-117.884005490164,14.0806334340146));
#5901=CARTESIAN_POINT('Ctrl Pts',(-1.56403446879172,-117.789955667583,14.0771384768223));
#5902=CARTESIAN_POINT('Ctrl Pts',(-1.67963280839379,-117.685108567208,14.0736080558113));
#5903=CARTESIAN_POINT('Ctrl Pts',(-1.79371017119601,-117.581640984979,14.0701240860596));
#5904=CARTESIAN_POINT('Ctrl Pts',(-1.89821232947937,-117.467658384558,14.0666067668476));
#5905=CARTESIAN_POINT('Ctrl Pts',(-1.99166027427636,-117.344511572018,14.0632894680806));
#5906=CARTESIAN_POINT('Ctrl Pts',(-2.00388081382437,-117.328407199726,14.0628556524321));
#5907=CARTESIAN_POINT('Ctrl Pts',(-2.01591223477536,-117.312146103118,14.0624252435498));
#5908=CARTESIAN_POINT('Ctrl Pts',(-2.02775116413028,-117.295731303222,14.0619987472994));
#5909=CARTESIAN_POINT('Ctrl Pts',(-2.11338550934995,-117.176998384146,14.0589137785455));
#5910=CARTESIAN_POINT('Ctrl Pts',(-2.18826221327719,-117.051188395996,14.0560612370696));
#5911=CARTESIAN_POINT('Ctrl Pts',(-2.2516571673055,-116.91981380013,14.0536012806297));
#5912=CARTESIAN_POINT('Ctrl Pts',(-2.31234986985034,-116.794039132556,14.0512461814461));
#5913=CARTESIAN_POINT('Ctrl Pts',(-2.36251832547453,-116.663164136774,14.0492511088607));
#5914=CARTESIAN_POINT('Ctrl Pts',(-2.40149793777886,-116.528515992219,14.0477226038118));
#5915=CARTESIAN_POINT('Ctrl Pts',(-2.4417246763451,-116.389559871589,14.0461451952803));
#5916=CARTESIAN_POINT('Ctrl Pts',(-2.46974865925843,-116.247595373667,14.0450768184354));
#5917=CARTESIAN_POINT('Ctrl Pts',(-2.48537568450008,-116.104234276947,14.0445650254024));
#5918=CARTESIAN_POINT('Ctrl Pts',(-2.49851750740339,-115.983672230416,14.0441346240112));
#5919=CARTESIAN_POINT('Ctrl Pts',(-2.50289136889771,-115.862122472051,14.0440969560009));
#5920=CARTESIAN_POINT('Ctrl Pts',(-2.49837557359665,-115.740543614702,14.0444524830517));
#5921=CARTESIAN_POINT('Ctrl Pts',(-2.49277346178908,-115.589717833882,14.0448935354369));
#5922=CARTESIAN_POINT('Ctrl Pts',(-2.47353834591737,-115.43997990927,14.0459372950454));
#5923=CARTESIAN_POINT('Ctrl Pts',(-2.44103984996007,-115.293135321673,14.0475070020271));
#5924=CARTESIAN_POINT('Ctrl Pts',(-2.4134048492623,-115.168266457403,14.048841797754));
#5925=CARTESIAN_POINT('Ctrl Pts',(-2.37617911326976,-115.045489736581,14.0505557557082));
#5926=CARTESIAN_POINT('Ctrl Pts',(-2.32960032440938,-114.925915308866,14.0525739995149));
#5927=CARTESIAN_POINT('',(2.49999999999919,-115.833333333335,3.6));
#5928=CARTESIAN_POINT('',(2.49999999999919,-115.833333333335,25.));
#5929=CARTESIAN_POINT('Origin',(-8.08934207933171E-13,-115.833333333335,
3.6));
#5930=CARTESIAN_POINT('Origin',(23.7222657538665,-25.7342982710415,-35.));
#5931=CARTESIAN_POINT('',(21.2222657538665,-25.7342982710415,-33.7));
#5932=CARTESIAN_POINT('Origin',(23.7222657538665,-25.7342982710415,-33.7));
#5933=CARTESIAN_POINT('',(21.2222657538665,-25.7342982710415,-13.7));
#5934=CARTESIAN_POINT('',(21.2222657538665,-25.7342982710415,-35.));
#5935=CARTESIAN_POINT('Origin',(23.7222657538665,-25.7342982710415,-13.7));
#5936=CARTESIAN_POINT('Origin',(-23.7222657538664,-25.7342982710415,-35.));
#5937=CARTESIAN_POINT('',(-26.2222657538664,-25.7342982710415,-33.7));
#5938=CARTESIAN_POINT('Origin',(-23.7222657538664,-25.7342982710415,-33.7));
#5939=CARTESIAN_POINT('',(-26.2222657538664,-25.7342982710415,-13.7));
#5940=CARTESIAN_POINT('',(-26.2222657538664,-25.7342982710415,-35.));
#5941=CARTESIAN_POINT('Origin',(-23.7222657538664,-25.7342982710415,-13.7));
#5942=CARTESIAN_POINT('Origin',(14.9799777284169,-24.6333333333333,12.876));
#5943=CARTESIAN_POINT('',(14.9799777284169,-24.6333333333333,-13.7));
#5944=CARTESIAN_POINT('',(14.9799777284169,-45.0760498186801,-13.7));
#5945=CARTESIAN_POINT('',(14.9799777284169,-12.3166666666667,-13.7));
#5946=CARTESIAN_POINT('',(14.9799777284169,-24.6333333333333,7.876));
#5947=CARTESIAN_POINT('',(14.9799777284169,-24.6333333333333,12.876));
#5948=CARTESIAN_POINT('',(14.9799777284169,-45.0760498186801,7.876));
#5949=CARTESIAN_POINT('',(14.9799777284169,-30.1075177304829,7.876));
#5950=CARTESIAN_POINT('',(14.9799777284169,-45.0760498186801,0.));
#5951=CARTESIAN_POINT('Origin',(9.55,-24.6333333333333,12.876));
#5952=CARTESIAN_POINT('',(9.55,-24.6333333333333,-13.7));
#5953=CARTESIAN_POINT('',(4.775,-24.6333333333333,-13.7));
#5954=CARTESIAN_POINT('',(9.55,-24.6333333333333,7.876));
#5955=CARTESIAN_POINT('',(9.55,-24.6333333333333,12.876));
#5956=CARTESIAN_POINT('',(10.9074944321042,-24.6333333333333,7.876));
#5957=CARTESIAN_POINT('Origin',(12.2649888642085,-35.5817021276326,7.876));
#5958=CARTESIAN_POINT('',(9.55,-46.5300709219318,7.876));
#5959=CARTESIAN_POINT('',(9.55,-41.0558865247822,7.876));
#5960=CARTESIAN_POINT('Origin',(0.,0.,7.876));
#5961=CARTESIAN_POINT('Origin',(9.55,-46.5300709219318,12.876));
#5962=CARTESIAN_POINT('',(9.55,-46.5300709219318,-13.7));
#5963=CARTESIAN_POINT('',(9.55,-23.2650354609659,-13.7));
#5964=CARTESIAN_POINT('',(9.54999999999999,-46.5300709219318,-10.45));
#5965=CARTESIAN_POINT('',(9.55,-46.5300709219318,0.));
#5966=CARTESIAN_POINT('',(9.55,-46.5300709219318,0.));
#5967=CARTESIAN_POINT('Origin',(0.,0.,0.));
#5968=CARTESIAN_POINT('',(8.97997772841691,-46.6434346933964,-13.6999999997797));
#5969=CARTESIAN_POINT('Origin',(0.,0.,-13.7));
#5970=CARTESIAN_POINT('Ctrl Pts',(9.54999999999999,-46.5300709219318,-10.45));
#5971=CARTESIAN_POINT('Ctrl Pts',(9.54999999999999,-46.5300709219318,-11.5144605437425));
#5972=CARTESIAN_POINT('Ctrl Pts',(9.36334313760813,-46.5696276751309,-12.6407345112981));
#5973=CARTESIAN_POINT('Ctrl Pts',(8.97997772841691,-46.6434346933964,-13.6999999995594));
#5974=CARTESIAN_POINT('Origin',(-9.55000000000001,-24.6333333333333,12.876));
#5975=CARTESIAN_POINT('',(-9.55000000000001,-24.6333333333333,-13.7));
#5976=CARTESIAN_POINT('',(-9.55000000000001,-46.5300709219318,-13.7));
#5977=CARTESIAN_POINT('',(-9.55000000000001,-12.3166666666667,-13.7));
#5978=CARTESIAN_POINT('',(-9.55000000000001,-24.6333333333333,7.876));
#5979=CARTESIAN_POINT('',(-9.55000000000001,-24.6333333333333,12.876));
#5980=CARTESIAN_POINT('',(-9.55000000000001,-46.5300709219318,7.876));
#5981=CARTESIAN_POINT('',(-9.55000000000001,-30.1075177304829,7.876));
#5982=CARTESIAN_POINT('',(-9.55000000000001,-46.5300709219318,-10.45));
#5983=CARTESIAN_POINT('',(-9.55000000000001,-46.5300709219318,0.));
#5984=CARTESIAN_POINT('',(-9.55000000000001,-46.5300709219318,0.));
#5985=CARTESIAN_POINT('Origin',(-15.55,-24.6333333333333,12.876));
#5986=CARTESIAN_POINT('',(-15.55,-24.6333333333333,-13.7));
#5987=CARTESIAN_POINT('',(-7.775,-24.6333333333333,-13.7));
#5988=CARTESIAN_POINT('',(-15.55,-24.6333333333333,7.876));
#5989=CARTESIAN_POINT('',(-15.55,-24.6333333333333,12.876));
#5990=CARTESIAN_POINT('',(-14.05,-24.6333333333333,7.876));
#5991=CARTESIAN_POINT('Origin',(-12.55,-35.5817021276325,7.876));
#5992=CARTESIAN_POINT('',(-15.55,-44.8825968500041,7.876));
#5993=CARTESIAN_POINT('',(-15.55,-40.2321494888183,7.876));
#5994=CARTESIAN_POINT('Origin',(0.,0.,7.876));
#5995=CARTESIAN_POINT('Origin',(-15.55,-44.8825968500041,12.876));
#5996=CARTESIAN_POINT('',(-15.55,-44.8825968500041,-13.7));
#5997=CARTESIAN_POINT('',(-15.55,-22.4412984250021,-13.7));
#5998=CARTESIAN_POINT('',(-15.55,-44.8825968500041,0.));
#5999=CARTESIAN_POINT('Origin',(0.,0.,0.));
#6000=CARTESIAN_POINT('',(4.59999999999998,-47.2767384661844,-2.080860259262));
#6001=CARTESIAN_POINT('Ctrl Pts',(4.60000000000036,-47.2767384661844,-2.08086025926221));
#6002=CARTESIAN_POINT('Ctrl Pts',(5.40676757831399,-47.1982404356382,-2.52429064460739));
#6003=CARTESIAN_POINT('Ctrl Pts',(6.13849509332525,-47.1057758707539,-3.08275557266219));
#6004=CARTESIAN_POINT('Ctrl Pts',(7.59894558575631,-46.8960194123055,-4.54320606509326));
#6005=CARTESIAN_POINT('Ctrl Pts',(8.33335654216544,-46.7659237221124,-5.61486877167899));
#6006=CARTESIAN_POINT('Ctrl Pts',(9.30896989209905,-46.5815364360883,-7.96677635944125));
#6007=CARTESIAN_POINT('Ctrl Pts',(9.54999999999999,-46.5300709219318,-9.24731340866145));
#6008=CARTESIAN_POINT('Ctrl Pts',(9.54999999999999,-46.5300709219318,-10.45));
#6009=CARTESIAN_POINT('',(4.59999999999998,-47.2767384661844,3.6));
#6010=CARTESIAN_POINT('',(4.59999999999998,-47.2767384661844,0.));
#6011=CARTESIAN_POINT('',(-4.60000000000002,-47.2767384661844,3.6));
#6012=CARTESIAN_POINT('Origin',(0.,0.,3.6));
#6013=CARTESIAN_POINT('',(-4.59999998869222,-47.2767384683849,-2.08086024683161));
#6014=CARTESIAN_POINT('',(-4.60000000000002,-47.2767384661844,0.));
#6015=CARTESIAN_POINT('Ctrl Pts',(-9.55000000000001,-46.5300709219318,-10.45));
#6016=CARTESIAN_POINT('Ctrl Pts',(-9.55000000000001,-46.5300709219318,-9.24731340866145));
#6017=CARTESIAN_POINT('Ctrl Pts',(-9.30896989209907,-46.5815364360883,-7.96677635944125));
#6018=CARTESIAN_POINT('Ctrl Pts',(-8.33335654216545,-46.7659237221124,-5.61486877167899));
#6019=CARTESIAN_POINT('Ctrl Pts',(-7.59894558575632,-46.8960194123055,-4.54320606509326));
#6020=CARTESIAN_POINT('Ctrl Pts',(-6.13849508758534,-47.1057758715783,-3.08275556692227));
#6021=CARTESIAN_POINT('Ctrl Pts',(-5.40676756459864,-47.1982404373623,-2.52429063423014));
#6022=CARTESIAN_POINT('Ctrl Pts',(-4.59999997738442,-47.2767384683849,-2.08086024683161));
#6023=CARTESIAN_POINT('',(-41.1362066797608,-23.75,-13.7));
#6024=CARTESIAN_POINT('Origin',(0.,0.,-13.7));
#6025=CARTESIAN_POINT('',(-41.1362066797585,-23.750000000004,12.8760226223596));
#6026=CARTESIAN_POINT('',(-41.1362066797608,-23.75,0.));
#6027=CARTESIAN_POINT('',(-0.00107970288367121,-47.5,14.0999999980838));
#6028=CARTESIAN_POINT('Ctrl Pts',(-0.00107970288339088,-47.4999999877289,
14.0999999980838));
#6029=CARTESIAN_POINT('Ctrl Pts',(-2.04384143911586,-47.4999535545554,14.0999927472092));
#6030=CARTESIAN_POINT('Ctrl Pts',(-4.08869368347761,-47.3681440896026,14.0793469068522));
#6031=CARTESIAN_POINT('Ctrl Pts',(-9.20174330740461,-46.7034956440953,13.9877840795993));
#6032=CARTESIAN_POINT('Ctrl Pts',(-12.233117010973,-46.0025107484073,13.8969998169224));
#6033=CARTESIAN_POINT('Ctrl Pts',(-18.0266222987098,-44.0494562521674,13.687306616484));
#6034=CARTESIAN_POINT('Ctrl Pts',(-20.7814389250274,-42.8187317931152,13.5699699600842));
#6035=CARTESIAN_POINT('Ctrl Pts',(-27.3826009668826,-39.0816609598174,13.2830934750756));
#6036=CARTESIAN_POINT('Ctrl Pts',(-31.0187447246223,-36.2635602524765,13.121114690924));
#6037=CARTESIAN_POINT('Ctrl Pts',(-36.8814795695937,-30.1823744654816,12.9251549084713));
#6038=CARTESIAN_POINT('Ctrl Pts',(-39.2101217702477,-27.086076922967,12.8760226483402));
#6039=CARTESIAN_POINT('Ctrl Pts',(-41.1362066797562,-23.750000000008,12.8760226223596));
#6040=CARTESIAN_POINT('',(8.32667268468867E-16,-47.5,14.1));
#6041=CARTESIAN_POINT('Ctrl Pts',(-1.71781677893446E-5,-47.5,14.0998452174275));
#6042=CARTESIAN_POINT('Ctrl Pts',(-0.000377082070244053,-47.5,14.0998452260477));
#6043=CARTESIAN_POINT('Ctrl Pts',(-0.000736985972547322,-47.5,14.0998452340327));
#6044=CARTESIAN_POINT('Ctrl Pts',(-0.00109688987468437,-47.5,14.0998452413824));
#6045=CARTESIAN_POINT('',(0.00107192232764217,-47.5,14.0999999981113));
#6046=CARTESIAN_POINT('Ctrl Pts',(0.00105475292038304,-47.5,14.0998451898746));
#6047=CARTESIAN_POINT('Ctrl Pts',(0.000697442557518537,-47.5,14.099845199685));
#6048=CARTESIAN_POINT('Ctrl Pts',(0.000340132194788954,-47.5,14.0998452088693));
#6049=CARTESIAN_POINT('Ctrl Pts',(-1.71781677904548E-5,-47.5,14.0998452174275));
#6050=CARTESIAN_POINT('',(41.1362066797631,-23.749999999996,12.8760226223596));
#6051=CARTESIAN_POINT('Ctrl Pts',(41.1362066797655,-23.749999999992,12.8760226223596));
#6052=CARTESIAN_POINT('Ctrl Pts',(40.0117367161299,-25.6976391085949,12.8760226071918));
#6053=CARTESIAN_POINT('Ctrl Pts',(38.7478753284457,-27.567310111086,12.8924697635728));
#6054=CARTESIAN_POINT('Ctrl Pts',(33.9746029278404,-33.6432509822501,13.0020708469656));
#6055=CARTESIAN_POINT('Ctrl Pts',(29.8818895057177,-37.3251331806813,13.1734732096586));
#6056=CARTESIAN_POINT('Ctrl Pts',(22.5582626386306,-41.9227206285172,13.4929467380239));
#6057=CARTESIAN_POINT('Ctrl Pts',(19.6979919815538,-43.3402669620073,13.6189082150825));
#6058=CARTESIAN_POINT('Ctrl Pts',(13.9042144143748,-45.5187431580694,13.8407526562924));
#6059=CARTESIAN_POINT('Ctrl Pts',(10.9963659794004,-46.3073448136059,13.9372338312118));
#6060=CARTESIAN_POINT('Ctrl Pts',(5.3761048215943,-47.2717069209792,14.0641913958852));
#6061=CARTESIAN_POINT('Ctrl Pts',(2.68918366747426,-47.499939325863,14.0999905252959));
#6062=CARTESIAN_POINT('Ctrl Pts',(0.00107192232736975,-47.4999999879051,
14.0999999981113));
#6063=CARTESIAN_POINT('',(41.1362066797608,-23.75,-13.7));
#6064=CARTESIAN_POINT('',(41.1362066797608,-23.75,0.));
#6065=CARTESIAN_POINT('Origin',(0.,0.,-13.7));
#6066=CARTESIAN_POINT('Ctrl Pts',(-0.00107969574722325,-47.5,14.0999999980838));
#6067=CARTESIAN_POINT('Ctrl Pts',(-6.89671262507801,-35.6424795688804,14.0999755222634));
#6068=CARTESIAN_POINT('Ctrl Pts',(-13.7923455544088,-23.7849591377607,14.0999510464429));
#6069=CARTESIAN_POINT('Ctrl Pts',(-20.6879784837396,-11.9274387066411,14.0999265706225));
#6070=CARTESIAN_POINT('Ctrl Pts',(-2.79373192787638,-47.5,14.0999900854397));
#6071=CARTESIAN_POINT('Ctrl Pts',(-9.45633896275698,-36.0482648048858,14.0993781889425));
#6072=CARTESIAN_POINT('Ctrl Pts',(-16.118343095624,-24.5910354883873,14.0991599548292));
#6073=CARTESIAN_POINT('Ctrl Pts',(-22.7809501305046,-13.139300293273,14.098548058332));
#6074=CARTESIAN_POINT('Ctrl Pts',(-11.1623862022434,-47.5,13.9862900362954));
#6075=CARTESIAN_POINT('Ctrl Pts',(-17.1245049006684,-37.2535746690091,13.984747238843));
#6076=CARTESIAN_POINT('Ctrl Pts',(-23.0864346391763,-27.0097565795844,13.9830746877087));
#6077=CARTESIAN_POINT('Ctrl Pts',(-29.0485533376013,-16.7633312485935,13.9815318902563));
#6078=CARTESIAN_POINT('Ctrl Pts',(-22.4293204903214,-47.5,13.3644998705902));
#6079=CARTESIAN_POINT('Ctrl Pts',(-27.4534682840965,-38.8901518985569,13.3603981345794));
#6080=CARTESIAN_POINT('Ctrl Pts',(-32.4774253706034,-30.2779129884612,13.3564441817007));
#6081=CARTESIAN_POINT('Ctrl Pts',(-37.5015731643785,-21.6680648870181,13.3523424456899));
#6082=CARTESIAN_POINT('Ctrl Pts',(-33.5863414947639,-47.5,12.3083045855669));
#6083=CARTESIAN_POINT('Ctrl Pts',(-37.6649344733893,-40.4792755394626,12.3052999216103));
#6084=CARTESIAN_POINT('Ctrl Pts',(-41.7435594752136,-33.4591108583562,12.3022991656061));
#6085=CARTESIAN_POINT('Ctrl Pts',(-45.822152453839,-26.4383863978189,12.2992945016495));
#6086=CARTESIAN_POINT('Ctrl Pts',(-40.5947255986197,-47.5,11.4718841684639));
#6087=CARTESIAN_POINT('Ctrl Pts',(-44.0740232913605,-41.4688667534213,11.4721479104046));
#6088=CARTESIAN_POINT('Ctrl Pts',(-47.5529649992101,-35.4373971098975,11.4724327005904));
#6089=CARTESIAN_POINT('Ctrl Pts',(-51.0322626919509,-29.4062638633189,11.4726964425311));
#6090=CARTESIAN_POINT('Ctrl Pts',(-48.9218067257518,-47.5,10.3337403809482));
#6091=CARTESIAN_POINT('Ctrl Pts',(-51.6980498677988,-42.6611055958223,10.3362696050892));
#6092=CARTESIAN_POINT('Ctrl Pts',(-54.4759697874441,-37.8225773117284,10.3385604209339));
#6093=CARTESIAN_POINT('Ctrl Pts',(-57.2522129294912,-32.9836829075507,10.3410896450749));
#6094=CARTESIAN_POINT('Ctrl Pts',(-54.4455152353353,-47.5,9.46020330412576));
#6095=CARTESIAN_POINT('Ctrl Pts',(-56.7646231027333,-43.465712934248,9.46198506667188));
#6096=CARTESIAN_POINT('Ctrl Pts',(-59.0820412919179,-39.4308232030864,9.46393716451216));
#6097=CARTESIAN_POINT('Ctrl Pts',(-61.4011491593159,-35.3965361373344,9.46571892705828));
#6098=CARTESIAN_POINT('Ctrl Pts',(-58.6384133003408,-47.5,8.74430728697821));
#6099=CARTESIAN_POINT('Ctrl Pts',(-60.6121773242953,-44.0813404283592,8.74430728697821));
#6100=CARTESIAN_POINT('Ctrl Pts',(-62.5859413482498,-40.6626808567184,8.74430728697821));
#6101=CARTESIAN_POINT('Ctrl Pts',(-64.5597053722043,-37.2440212850776,8.74430728697821));
#6102=CARTESIAN_POINT('',(-64.546913315136,-37.2661777778532,8.74430728697821));
#6103=CARTESIAN_POINT('Ctrl Pts',(-64.546913315136,-37.2661777778532,8.7443072869782));
#6104=CARTESIAN_POINT('Ctrl Pts',(-57.1403469618204,-32.9899946999956,10.4304382226292));
#6105=CARTESIAN_POINT('Ctrl Pts',(-50.0062270141494,-28.8711086277767,11.7670434472572));
#6106=CARTESIAN_POINT('Ctrl Pts',(-42.1035825615338,-24.3085147257491,12.7601764506259));
#6107=CARTESIAN_POINT('Ctrl Pts',(-41.6197778722299,-24.0291899581444,12.8190734083458));
#6108=CARTESIAN_POINT('Ctrl Pts',(-41.1362066797608,-23.75,12.8760226223596));
#6109=CARTESIAN_POINT('',(-58.6384133003408,-47.5,8.74430728697822));
#6110=CARTESIAN_POINT('',(-58.6384133003408,-47.5,8.74430728697822));
#6111=CARTESIAN_POINT('',(-36.1886268432071,-47.5,11.9857023437641));
#6112=CARTESIAN_POINT('Ctrl Pts',(-36.1899489128175,-47.5,11.9852878076773));
#6113=CARTESIAN_POINT('Ctrl Pts',(-38.1224844820653,-47.5,11.7638654584103));
#6114=CARTESIAN_POINT('Ctrl Pts',(-40.0546211076411,-47.5,11.5264198776753));
#6115=CARTESIAN_POINT('Ctrl Pts',(-41.977962464392,-47.5,11.2747246879339));
#6116=CARTESIAN_POINT('Ctrl Pts',(-43.3704193076638,-47.5,11.0925029059586));
#6117=CARTESIAN_POINT('Ctrl Pts',(-44.7582661621858,-47.5,10.902812274706));
#6118=CARTESIAN_POINT('Ctrl Pts',(-46.1443830849262,-47.5,10.7059482339652));
#6119=CARTESIAN_POINT('Ctrl Pts',(-50.3027338531477,-47.5,10.1153561117426));
#6120=CARTESIAN_POINT('Ctrl Pts',(-54.4455152353353,-47.5,9.46020330412576));
#6121=CARTESIAN_POINT('Ctrl Pts',(-58.6384133003408,-47.5,8.74430728697822));
#6122=CARTESIAN_POINT('Ctrl Pts',(-0.00107970287746732,-47.5,14.0999999980838));
#6123=CARTESIAN_POINT('Ctrl Pts',(-2.7937319326246,-47.5,14.0999900853752));
#6124=CARTESIAN_POINT('Ctrl Pts',(-5.58328335504722,-47.5,14.0620900689927));
#6125=CARTESIAN_POINT('Ctrl Pts',(-8.38189549319791,-47.5,13.9850075443285));
#6126=CARTESIAN_POINT('Ctrl Pts',(-13.9791197742629,-47.5,13.8308424948691));
#6127=CARTESIAN_POINT('Ctrl Pts',(-19.6125869183019,-47.5,13.5199474120165));
#6128=CARTESIAN_POINT('Ctrl Pts',(-25.2094163011291,-47.5,13.0642506227245));
#6129=CARTESIAN_POINT('Ctrl Pts',(-28.0078309925427,-47.5,12.8364022280786));
#6130=CARTESIAN_POINT('Ctrl Pts',(-30.7970862436533,-47.5,12.5723534068227));
#6131=CARTESIAN_POINT('Ctrl Pts',(-33.5933906899798,-47.5,12.2730449127742));
#6132=CARTESIAN_POINT('Ctrl Pts',(-34.4584869937798,-47.5,12.1804474589321));
#6133=CARTESIAN_POINT('Ctrl Pts',(-35.3242579802331,-47.5,12.0844752809027));
#6134=CARTESIAN_POINT('Ctrl Pts',(-36.1899489128175,-47.5,11.9852878076773));
#6135=CARTESIAN_POINT('Ctrl Pts',(-23.3318314747603,-150.,-2.81271383059511));
#6136=CARTESIAN_POINT('Ctrl Pts',(-35.1006920832872,-115.833333333333,1.03962654192933));
#6137=CARTESIAN_POINT('Ctrl Pts',(-46.869552691814,-81.6666666666667,4.89196691445377));
#6138=CARTESIAN_POINT('Ctrl Pts',(-58.6384133003408,-47.5,8.74430728697822));
#6139=CARTESIAN_POINT('Ctrl Pts',(-24.2522069980075,-150.,-5.62445168165575));
#6140=CARTESIAN_POINT('Ctrl Pts',(-35.8109303458064,-115.833333333333,-3.26200629316018));
#6141=CARTESIAN_POINT('Ctrl Pts',(-47.3711422015702,-81.6666666666667,-0.89931540514688));
#6142=CARTESIAN_POINT('Ctrl Pts',(-58.9298655493691,-47.5,1.4631299833487));
#6143=CARTESIAN_POINT('Ctrl Pts',(-24.9625081018488,-150.,-10.8381556741105));
#6144=CARTESIAN_POINT('Ctrl Pts',(-36.3600907460921,-115.833333333333,-11.0160083978888));
#6145=CARTESIAN_POINT('Ctrl Pts',(-47.7572115880088,-81.6666666666666,-11.1939124460392));
#6146=CARTESIAN_POINT('Ctrl Pts',(-59.1547942322521,-47.5,-11.3717651698175));
#6147=CARTESIAN_POINT('Ctrl Pts',(-24.0221131171957,-150.,-15.9784827811094));
#6148=CARTESIAN_POINT('Ctrl Pts',(-35.6336923956961,-115.833333333333,-18.7134084495905));
#6149=CARTESIAN_POINT('Ctrl Pts',(-47.2454232086116,-81.6666666666667,-21.448498640775));
#6150=CARTESIAN_POINT('Ctrl Pts',(-58.857002487112,-47.5,-24.1834243092561));
#6151=CARTESIAN_POINT('Ctrl Pts',(-23.3318314747603,-150.,-18.0872861694049));
#6152=CARTESIAN_POINT('Ctrl Pts',(-35.1006920832872,-115.833333333333,-21.9396265419293));
#6153=CARTESIAN_POINT('Ctrl Pts',(-46.869552691814,-81.6666666666667,-25.7919669144538));
#6154=CARTESIAN_POINT('Ctrl Pts',(-58.6384133003408,-47.5,-29.6443072869782));
#6155=CARTESIAN_POINT('',(-58.6384133003408,-47.5,-29.6443072869782));
#6156=CARTESIAN_POINT('Ctrl Pts',(-58.6384133003408,-47.5,8.74430728697821));
#6157=CARTESIAN_POINT('Ctrl Pts',(-58.929865549369,-47.5,1.46312998334869));
#6158=CARTESIAN_POINT('Ctrl Pts',(-59.0583962253022,-47.5,-5.87109581846057));
#6159=CARTESIAN_POINT('Ctrl Pts',(-59.0162426798401,-47.5,-13.1977343504812));
#6160=CARTESIAN_POINT('Ctrl Pts',(-58.9846275207435,-47.5,-18.6927132494967));
#6161=CARTESIAN_POINT('Ctrl Pts',(-58.857002487112,-47.5,-24.1834243092561));
#6162=CARTESIAN_POINT('Ctrl Pts',(-58.6384133003408,-47.5,-29.6443072869782));
#6163=CARTESIAN_POINT('',(-23.3318314747603,-150.,-18.0872861694049));
#6164=CARTESIAN_POINT('',(-23.3318314747603,-150.,-18.0872861694049));
#6165=CARTESIAN_POINT('',(-23.3318314747603,-150.,-2.81271383059511));
#6166=CARTESIAN_POINT('Origin',(-1.83697019872103E-14,-150.,-10.45));
#6167=CARTESIAN_POINT('',(-23.3318314747603,-150.,-2.81271383059511));
#6168=CARTESIAN_POINT('Ctrl Pts',(-23.3318314747603,-150.,-18.0872861694049));
#6169=CARTESIAN_POINT('Ctrl Pts',(-35.1006920832872,-115.833333333333,-21.9396265419293));
#6170=CARTESIAN_POINT('Ctrl Pts',(-46.869552691814,-81.6666666666666,-25.7919669144538));
#6171=CARTESIAN_POINT('Ctrl Pts',(-58.6384133003408,-47.5,-29.6443072869782));
#6172=CARTESIAN_POINT('Ctrl Pts',(-22.3198152149804,-150.,-21.1789855373681));
#6173=CARTESIAN_POINT('Ctrl Pts',(-32.5143451009203,-115.833333333333,-24.3273898648831));
#6174=CARTESIAN_POINT('Ctrl Pts',(-42.7098005365993,-81.6666666666667,-27.4749410926516));
#6175=CARTESIAN_POINT('Ctrl Pts',(-52.9043304225392,-47.5,-30.6233454201666));
#6176=CARTESIAN_POINT('Ctrl Pts',(-18.5080983386828,-150.,-27.9207800155315));
#6177=CARTESIAN_POINT('Ctrl Pts',(-25.3608554599427,-115.833333333333,-29.5335870443735));
#6178=CARTESIAN_POINT('Ctrl Pts',(-32.2127704786411,-81.6666666666665,-31.1454399760763));
#6179=CARTESIAN_POINT('Ctrl Pts',(-39.065527599901,-47.5,-32.7582470049183));
#6180=CARTESIAN_POINT('Ctrl Pts',(-11.9907007165761,-150.,-32.307251217846));
#6181=CARTESIAN_POINT('Ctrl Pts',(-16.1159799066307,-115.833333333333,-32.9187771821924));
#6182=CARTESIAN_POINT('Ctrl Pts',(-20.2446466843686,-81.6666666666667,-33.5357702546382));
#6183=CARTESIAN_POINT('Ctrl Pts',(-24.3699258744231,-47.5,-34.1472962189846));
#6184=CARTESIAN_POINT('Ctrl Pts',(-7.88289287000656,-150.,-33.7));
#6185=CARTESIAN_POINT('Ctrl Pts',(-10.5389192378055,-115.833333333333,-33.9961111111111));
#6186=CARTESIAN_POINT('Ctrl Pts',(-13.1949456056044,-81.6666666666666,-34.2922222222222));
#6187=CARTESIAN_POINT('Ctrl Pts',(-15.8509719734033,-47.5,-34.5883333333333));
#6188=CARTESIAN_POINT('',(-7.88289287000656,-150.,-33.7));
#6189=CARTESIAN_POINT('',(-28.2725376151977,-47.5,-33.7));
#6190=CARTESIAN_POINT('Ctrl Pts',(-7.88289287000657,-150.,-33.7));
#6191=CARTESIAN_POINT('Ctrl Pts',(-10.4379962304086,-125.264984215101,-33.7));
#6192=CARTESIAN_POINT('Ctrl Pts',(-13.4424681814105,-102.931703760021,-33.7));
#6193=CARTESIAN_POINT('Ctrl Pts',(-20.5709924126754,-68.5500980152915,-33.7));
#6194=CARTESIAN_POINT('Ctrl Pts',(-24.1588546668559,-56.7608435606034,-33.7));
#6195=CARTESIAN_POINT('Ctrl Pts',(-28.2725376151977,-47.5,-33.7));
#6196=CARTESIAN_POINT('Origin',(-1.83697019872103E-14,-150.,-10.45));
#6197=CARTESIAN_POINT('',(-36.1886214607758,-47.5,-32.885702960471));
#6198=CARTESIAN_POINT('Ctrl Pts',(-58.6384133003408,-47.5,-29.6443072869782));
#6199=CARTESIAN_POINT('Ctrl Pts',(-52.9043304225392,-47.5,-30.6233454201666));
#6200=CARTESIAN_POINT('Ctrl Pts',(-46.9734149271228,-47.5,-31.538303242203));
#6201=CARTESIAN_POINT('Ctrl Pts',(-40.8851282046542,-47.5,-32.3162677716646));
#6202=CARTESIAN_POINT('Ctrl Pts',(-39.3293797859676,-47.5,-32.515062135609));
#6203=CARTESIAN_POINT('Ctrl Pts',(-37.7633556091435,-47.5,-32.7049113450462));
#6204=CARTESIAN_POINT('Ctrl Pts',(-36.1881699895876,-47.5,-32.8850470010578));
#6205=CARTESIAN_POINT('Ctrl Pts',(-36.1881699897654,-47.5,-32.8850470010374));
#6206=CARTESIAN_POINT('Ctrl Pts',(-33.572856495621,-47.5,-33.1841299828123));
#6207=CARTESIAN_POINT('Ctrl Pts',(-30.9322879706017,-47.5,-33.4564359493445));
#6208=CARTESIAN_POINT('Ctrl Pts',(-28.2715645792046,-47.5,-33.6984479781687));
#6209=CARTESIAN_POINT('Origin',(-4.60000000000002,-150.,-2.080860259262));
#6210=CARTESIAN_POINT('',(-4.60000000000002,-150.,3.6));
#6211=CARTESIAN_POINT('',(-4.60000000000002,-150.,3.6));
#6212=CARTESIAN_POINT('',(-4.60000000000002,-150.,-2.080860259262));
#6213=CARTESIAN_POINT('',(-4.60000000000002,-150.,-6.265430129631));
#6214=CARTESIAN_POINT('',(-4.60000000000002,-150.,-2.08086025926201));
#6215=CARTESIAN_POINT('Ctrl Pts',(-58.6384133003408,-47.5,-29.6443072869782));
#6216=CARTESIAN_POINT('Ctrl Pts',(-60.6111559839792,-44.0831094416785,-29.6443072869782));
#6217=CARTESIAN_POINT('Ctrl Pts',(-62.5838986676176,-40.666218883357,-29.6443072869782));
#6218=CARTESIAN_POINT('Ctrl Pts',(-64.556641351256,-37.2493283250355,-29.6443072869782));
#6219=CARTESIAN_POINT('Ctrl Pts',(-54.1840080707749,-47.5,-30.4048530749196));
#6220=CARTESIAN_POINT('Ctrl Pts',(-56.5335441612675,-43.4477570047057,-30.4029785490593));
#6221=CARTESIAN_POINT('Ctrl Pts',(-58.8850257248398,-39.3988374820788,-30.400959691413));
#6222=CARTESIAN_POINT('Ctrl Pts',(-61.2345618153324,-35.3465944867844,-30.3990851655527));
#6223=CARTESIAN_POINT('Ctrl Pts',(-44.0133148343834,-47.5,-32.0028735409873));
#6224=CARTESIAN_POINT('Ctrl Pts',(-47.2197088048578,-41.9910058398546,-31.9997456236875));
#6225=CARTESIAN_POINT('Ctrl Pts',(-50.4241073877319,-36.4785462674392,-31.9972731110227));
#6226=CARTESIAN_POINT('Ctrl Pts',(-53.6305013582063,-30.9695521072938,-31.9941451937229));
#6227=CARTESIAN_POINT('Ctrl Pts',(-34.0434584274914,-47.5,-33.1752219572308));
#6228=CARTESIAN_POINT('Ctrl Pts',(-38.0560002954273,-40.5044859491062,-33.1785715518908));
#6229=CARTESIAN_POINT('Ctrl Pts',(-42.0703410214163,-33.5121407400114,-33.1807311568764));
#6230=CARTESIAN_POINT('Ctrl Pts',(-46.0828828893522,-26.5166266891176,-33.1840807515364));
#6231=CARTESIAN_POINT('Ctrl Pts',(-28.2725376151977,-47.5,-33.7));
#6232=CARTESIAN_POINT('Ctrl Pts',(-32.7609028691379,-39.6599897439659,-33.7034482901877));
#6233=CARTESIAN_POINT('Ctrl Pts',(-37.2492681230781,-31.8199794879317,-33.7068965803755));
#6234=CARTESIAN_POINT('Ctrl Pts',(-41.7376333770183,-23.9799692318976,-33.7103448705632));
#6235=CARTESIAN_POINT('',(-41.7723444425304,-24.1172743085767,-33.7));
#6236=CARTESIAN_POINT('',(-64.546913315136,-37.2661777778532,-29.6443072869782));
#6237=CARTESIAN_POINT('Ctrl Pts',(-41.7723444425304,-24.1172743085767,-33.7));
#6238=CARTESIAN_POINT('Ctrl Pts',(-45.5636792103,-26.3062024573365,-33.2403296152032));
#6239=CARTESIAN_POINT('Ctrl Pts',(-49.3231983692409,-28.4767618557745,-32.6671654469627));
#6240=CARTESIAN_POINT('Ctrl Pts',(-56.9359851416755,-32.8720063481229,-31.3002713920903));
#6241=CARTESIAN_POINT('Ctrl Pts',(-60.7215994449616,-35.0576317851732,-30.5151534722944));
#6242=CARTESIAN_POINT('Ctrl Pts',(-64.546913315136,-37.2661777778532,-29.6443072869782));
#6243=CARTESIAN_POINT('Ctrl Pts',(-28.2725376151977,-47.5,-33.7));
#6244=CARTESIAN_POINT('Ctrl Pts',(-32.772469880687,-39.7056366814113,-33.7));
#6245=CARTESIAN_POINT('Ctrl Pts',(-37.2723055152154,-31.9115691520144,-33.7));
#6246=CARTESIAN_POINT('Ctrl Pts',(-41.7723444425304,-24.1172743085767,-33.7));
#6247=CARTESIAN_POINT('',(-58.6384133003408,-47.5,-29.6443072869782));
#6248=CARTESIAN_POINT('Ctrl Pts',(-58.6384133003408,-47.5,8.74430728697822));
#6249=CARTESIAN_POINT('Ctrl Pts',(-60.6079133052725,-44.0887259259511,8.74430728697821));
#6250=CARTESIAN_POINT('Ctrl Pts',(-62.5774133102043,-40.6774518519021,8.74430728697821));
#6251=CARTESIAN_POINT('Ctrl Pts',(-64.546913315136,-37.2661777778532,8.74430728697821));
#6252=CARTESIAN_POINT('Ctrl Pts',(-59.1509973866202,-47.5,-4.06127451128581));
#6253=CARTESIAN_POINT('Ctrl Pts',(-61.0776617871839,-44.1629193690894,-4.06127451128577));
#6254=CARTESIAN_POINT('Ctrl Pts',(-63.0046869792819,-40.8252138289105,-4.0612745112858));
#6255=CARTESIAN_POINT('Ctrl Pts',(-64.9313513798456,-37.488133198,-4.06127451128576));
#6256=CARTESIAN_POINT('Ctrl Pts',(-59.1509973866202,-47.5,-16.8387254887141));
#6257=CARTESIAN_POINT('Ctrl Pts',(-61.0776617871839,-44.1629193690894,-16.8387254887143));
#6258=CARTESIAN_POINT('Ctrl Pts',(-63.0046869792819,-40.8252138289105,-16.8387254887145));
#6259=CARTESIAN_POINT('Ctrl Pts',(-64.9313513798456,-37.488133198,-16.8387254887147));
#6260=CARTESIAN_POINT('Ctrl Pts',(-58.6384133003408,-47.5,-29.6443072869782));
#6261=CARTESIAN_POINT('Ctrl Pts',(-60.6079133052725,-44.0887259259511,-29.6443072869782));
#6262=CARTESIAN_POINT('Ctrl Pts',(-62.5774133102043,-40.6774518519021,-29.6443072869782));
#6263=CARTESIAN_POINT('Ctrl Pts',(-64.546913315136,-37.2661777778532,-29.6443072869782));
#6264=CARTESIAN_POINT('Ctrl Pts',(-64.546913315136,-37.2661777778532,-29.6443072869782));
#6265=CARTESIAN_POINT('Ctrl Pts',(-64.9313513798456,-37.488133198,-16.8387254887147));
#6266=CARTESIAN_POINT('Ctrl Pts',(-64.9313513798456,-37.488133198,-4.06127451128576));
#6267=CARTESIAN_POINT('Ctrl Pts',(-64.546913315136,-37.2661777778532,8.74430728697821));
#6268=CARTESIAN_POINT('Origin',(-64.8415659289414,-37.4362955437512,-10.1446929450314));
#6269=CARTESIAN_POINT('',(7.84983366253142E-32,1.28197512425571E-15,-33.7));
#6270=CARTESIAN_POINT('',(-38.2378778533311,-22.0766490718607,-33.7));
#6271=CARTESIAN_POINT('',(7.84983366253142E-32,1.28197512425571E-15,-13.7));
#6272=CARTESIAN_POINT('',(-8.90625,-5.1420258349701,-13.7));
#6273=CARTESIAN_POINT('',(0.,0.,-23.7));
#6274=CARTESIAN_POINT('Origin',(0.,0.,0.));
#6275=CARTESIAN_POINT('',(-3.39715836708151E-15,-47.5,-20.));
#6276=CARTESIAN_POINT('Ctrl Pts',(8.97997772841691,-46.6434346933964,-13.6999999995594));
#6277=CARTESIAN_POINT('Ctrl Pts',(8.93019562460004,-46.6530189400645,-13.8375514406701));
#6278=CARTESIAN_POINT('Ctrl Pts',(8.87722735649926,-46.6631341657687,-13.9740238156547));
#6279=CARTESIAN_POINT('Ctrl Pts',(8.33335654216544,-46.7659237221124,-15.285131228321));
#6280=CARTESIAN_POINT('Ctrl Pts',(7.59894558575631,-46.8960194123055,-16.3567939349067));
#6281=CARTESIAN_POINT('Ctrl Pts',(5.90684237011588,-47.1390468751886,-18.0488971505472));
#6282=CARTESIAN_POINT('Ctrl Pts',(4.83515910172315,-47.267985401285,-18.7833460406716));
#6283=CARTESIAN_POINT('Ctrl Pts',(2.48318002527243,-47.4497104766357,-19.7589869236018));
#6284=CARTESIAN_POINT('Ctrl Pts',(1.20261774127235,-47.5,-20.));
#6285=CARTESIAN_POINT('Ctrl Pts',(-4.9960036108132E-15,-47.5,-20.));
#6286=CARTESIAN_POINT('',(-8.97997772825747,-46.6434346934271,-13.7));
#6287=CARTESIAN_POINT('Origin',(0.,0.,-13.7));
#6288=CARTESIAN_POINT('Ctrl Pts',(-3.88578058618805E-15,-47.5,-20.));
#6289=CARTESIAN_POINT('Ctrl Pts',(-1.20261774127236,-47.5,-20.));
#6290=CARTESIAN_POINT('Ctrl Pts',(-2.48318002527244,-47.4497104766357,-19.7589869236018));
#6291=CARTESIAN_POINT('Ctrl Pts',(-4.83515910172316,-47.267985401285,-18.7833460406716));
#6292=CARTESIAN_POINT('Ctrl Pts',(-5.90684237011589,-47.1390468751886,-18.0488971505472));
#6293=CARTESIAN_POINT('Ctrl Pts',(-7.59894558575632,-46.8960194123055,-16.3567939349067));
#6294=CARTESIAN_POINT('Ctrl Pts',(-8.33335654216545,-46.7659237221124,-15.285131228321));
#6295=CARTESIAN_POINT('Ctrl Pts',(-8.87722735643942,-46.66313416578,-13.974023815799));
#6296=CARTESIAN_POINT('Ctrl Pts',(-8.93019562448695,-46.6530189400861,-13.8375514409616));
#6297=CARTESIAN_POINT('Ctrl Pts',(-8.97997772825747,-46.6434346934271,-13.7));
#6298=CARTESIAN_POINT('Origin',(0.,0.,-13.7));
#6299=CARTESIAN_POINT('',(8.90625,-5.1420258349701,-13.7));
#6300=CARTESIAN_POINT('Origin',(0.,0.,-13.7));
#6301=CARTESIAN_POINT('Origin',(-4.60000000000002,-150.,3.6));
#6302=CARTESIAN_POINT('',(4.59999999999998,-150.,3.6));
#6303=CARTESIAN_POINT('',(4.59999999999998,-150.,3.6));
#6304=CARTESIAN_POINT('',(-2.30000000000002,-150.,3.6));
#6305=CARTESIAN_POINT('Origin',(0.,0.,0.));
#6306=CARTESIAN_POINT('Ctrl Pts',(-8.97997772825747,-46.6434346934271,-13.7));
#6307=CARTESIAN_POINT('Ctrl Pts',(-9.36334313755416,-46.5696276751426,-12.6407345116097));
#6308=CARTESIAN_POINT('Ctrl Pts',(-9.55000000000001,-46.5300709219318,-11.5144605438901));
#6309=CARTESIAN_POINT('Ctrl Pts',(-9.55000000000001,-46.5300709219318,-10.45));
#6310=CARTESIAN_POINT('Origin',(4.59999999999998,-150.,3.6));
#6311=CARTESIAN_POINT('',(4.59999999999998,-150.,-2.080860259262));
#6312=CARTESIAN_POINT('',(4.59999999999998,-150.,-2.08086025926201));
#6313=CARTESIAN_POINT('',(4.59999999999998,-150.,-3.425));
#6314=CARTESIAN_POINT('Origin',(2.66453525910038E-14,-26.8680103998811,
-33.7));
#6315=CARTESIAN_POINT('',(41.7723444425305,-24.1172743085767,-33.7));
#6316=CARTESIAN_POINT('',(38.2552470336014,-22.0866771727654,-33.7));
#6317=CARTESIAN_POINT('',(28.2725376182249,-47.5,-33.6999999998624));
#6318=CARTESIAN_POINT('Ctrl Pts',(41.7723444425305,-24.1172743085767,-33.7));
#6319=CARTESIAN_POINT('Ctrl Pts',(41.7628760615786,-24.1336740280066,-33.7));
#6320=CARTESIAN_POINT('Ctrl Pts',(41.7534076802053,-24.150073748719,-33.7));
#6321=CARTESIAN_POINT('Ctrl Pts',(37.2533738198426,-31.9443627705119,-33.7));
#6322=CARTESIAN_POINT('Ctrl Pts',(32.7629944075768,-39.7220540609545,-33.7));
#6323=CARTESIAN_POINT('Ctrl Pts',(28.2725376151976,-47.5,-33.7));
#6324=CARTESIAN_POINT('',(7.88289287000652,-150.,-33.7));
#6325=CARTESIAN_POINT('Ctrl Pts',(28.2725376151976,-47.5,-33.7));
#6326=CARTESIAN_POINT('Ctrl Pts',(20.663473375367,-64.6297483186102,-33.7));
#6327=CARTESIAN_POINT('Ctrl Pts',(15.3589384080435,-89.4346767469469,-33.7000000003365));
#6328=CARTESIAN_POINT('Ctrl Pts',(9.81862633970213,-132.150855680343,-33.7000000003365));
#6329=CARTESIAN_POINT('Ctrl Pts',(8.79622849951149,-141.158333724252,-33.7));
#6330=CARTESIAN_POINT('Ctrl Pts',(7.88289287000652,-150.,-33.7));
#6331=CARTESIAN_POINT('',(3.31244566461875E-15,-150.,-33.7));
#6332=CARTESIAN_POINT('Origin',(-2.00204612617662E-14,-150.,-10.45));
#6333=CARTESIAN_POINT('',(23.3318314747603,-150.,-18.0872861694049));
#6334=CARTESIAN_POINT('Origin',(-1.83697019872103E-14,-150.,-10.45));
#6335=CARTESIAN_POINT('',(23.3318314747603,-150.,-2.81271383059514));
#6336=CARTESIAN_POINT('Origin',(-1.83697019872103E-14,-150.,-10.45));
#6337=CARTESIAN_POINT('Origin',(-1.83697019872103E-14,-150.,-10.45));
#6338=CARTESIAN_POINT('Origin',(-1.83697019872103E-14,-150.,-10.45));
#6339=CARTESIAN_POINT('Ctrl Pts',(7.88289287000652,-150.,-33.7));
#6340=CARTESIAN_POINT('Ctrl Pts',(10.5389192378054,-115.833333333333,-33.9961111111111));
#6341=CARTESIAN_POINT('Ctrl Pts',(13.1949456056044,-81.6666666666666,-34.2922222222222));
#6342=CARTESIAN_POINT('Ctrl Pts',(15.8509719734033,-47.5,-34.5883333333333));
#6343=CARTESIAN_POINT('Ctrl Pts',(10.9637487549337,-150.,-32.6554384133845));
#6344=CARTESIAN_POINT('Ctrl Pts',(14.7228427338471,-115.833333333333,-33.1891659434093));
#6345=CARTESIAN_POINT('Ctrl Pts',(18.4810934202547,-81.6666666666666,-33.7238279675469));
#6346=CARTESIAN_POINT('Ctrl Pts',(22.2401873991682,-47.5,-34.2575554975718));
#6347=CARTESIAN_POINT('Ctrl Pts',(17.664974306853,-150.,-28.772842061309));
#6348=CARTESIAN_POINT('Ctrl Pts',(24.1083042800292,-115.833333333333,-30.1915275900897));
#6349=CARTESIAN_POINT('Ctrl Pts',(30.5506713292438,-81.6666666666666,-31.6093811239671));
#6350=CARTESIAN_POINT('Ctrl Pts',(36.99400130242,-47.5,-33.0280666527479));
#6351=CARTESIAN_POINT('Ctrl Pts',(21.9824764617204,-150.,-22.2095519933559));
#6352=CARTESIAN_POINT('Ctrl Pts',(31.6508066202926,-115.833333333333,-25.1218219006422));
#6353=CARTESIAN_POINT('Ctrl Pts',(41.3246393046997,-81.6666666666667,-28.0374215572764));
#6354=CARTESIAN_POINT('Ctrl Pts',(50.992969463272,-47.5,-30.9496914645627));
#6355=CARTESIAN_POINT('Ctrl Pts',(23.3318314747603,-150.,-18.0872861694049));
#6356=CARTESIAN_POINT('Ctrl Pts',(35.1006920832871,-115.833333333333,-21.9396265419293));
#6357=CARTESIAN_POINT('Ctrl Pts',(46.869552691814,-81.6666666666666,-25.7919669144538));
#6358=CARTESIAN_POINT('Ctrl Pts',(58.6384133003408,-47.5,-29.6443072869782));
#6359=CARTESIAN_POINT('',(36.1886268432074,-47.5,-32.8857023437641));
#6360=CARTESIAN_POINT('Ctrl Pts',(28.272537978985,-47.5,-33.7000000007407));
#6361=CARTESIAN_POINT('Ctrl Pts',(30.9112740352481,-47.5,-33.4600483908695));
#6362=CARTESIAN_POINT('Ctrl Pts',(33.5484449831256,-47.5,-33.1882809410145));
#6363=CARTESIAN_POINT('Ctrl Pts',(36.1893594390114,-47.5,-32.8856678226883));
#6364=CARTESIAN_POINT('',(58.6384133003408,-47.5,-29.6443072869782));
#6365=CARTESIAN_POINT('Ctrl Pts',(36.1886138326724,-47.5,-32.8856104842507));
#6366=CARTESIAN_POINT('Ctrl Pts',(43.925911762977,-47.5,-31.9983316301699));
#6367=CARTESIAN_POINT('Ctrl Pts',(51.4390938766916,-47.5,-30.8735201182128));
#6368=CARTESIAN_POINT('Ctrl Pts',(58.6384133003408,-47.5,-29.6443072869782));
#6369=CARTESIAN_POINT('',(23.3318314747603,-150.,-18.0872861694049));
#6370=CARTESIAN_POINT('Origin',(-1.83697019872103E-14,-150.,-10.45));
#6371=CARTESIAN_POINT('Ctrl Pts',(23.3318314747603,-150.,-18.0872861694049));
#6372=CARTESIAN_POINT('Ctrl Pts',(35.1006920832871,-115.833333333333,-21.9396265419293));
#6373=CARTESIAN_POINT('Ctrl Pts',(46.869552691814,-81.6666666666667,-25.7919669144538));
#6374=CARTESIAN_POINT('Ctrl Pts',(58.6384133003408,-47.5,-29.6443072869782));
#6375=CARTESIAN_POINT('Ctrl Pts',(24.2522069980075,-150.,-15.2755483183443));
#6376=CARTESIAN_POINT('Ctrl Pts',(35.8109303458064,-115.833333333333,-17.6379937068398));
#6377=CARTESIAN_POINT('Ctrl Pts',(47.3711422015702,-81.6666666666667,-20.0006845948531));
#6378=CARTESIAN_POINT('Ctrl Pts',(58.929865549369,-47.5,-22.3631299833487));
#6379=CARTESIAN_POINT('Ctrl Pts',(24.9625081018487,-150.,-10.0618443258896));
#6380=CARTESIAN_POINT('Ctrl Pts',(36.360090746092,-115.833333333333,-9.88399160211122));
#6381=CARTESIAN_POINT('Ctrl Pts',(47.7572115880088,-81.6666666666666,-9.70608755396082));
#6382=CARTESIAN_POINT('Ctrl Pts',(59.1547942322521,-47.5,-9.52823483018248));
#6383=CARTESIAN_POINT('Ctrl Pts',(24.0221131171957,-150.,-4.92151721889062));
#6384=CARTESIAN_POINT('Ctrl Pts',(35.6336923956961,-115.833333333333,-2.18659155040952));
#6385=CARTESIAN_POINT('Ctrl Pts',(47.2454232086116,-81.6666666666667,0.548498640774965));
#6386=CARTESIAN_POINT('Ctrl Pts',(58.857002487112,-47.5,3.28342430925607));
#6387=CARTESIAN_POINT('Ctrl Pts',(23.3318314747603,-150.,-2.81271383059514));
#6388=CARTESIAN_POINT('Ctrl Pts',(35.1006920832871,-115.833333333333,1.03962654192931));
#6389=CARTESIAN_POINT('Ctrl Pts',(46.869552691814,-81.6666666666667,4.89196691445376));
#6390=CARTESIAN_POINT('Ctrl Pts',(58.6384133003408,-47.5,8.74430728697821));
#6391=CARTESIAN_POINT('',(58.6384133003408,-47.5,8.74430728697821));
#6392=CARTESIAN_POINT('Ctrl Pts',(58.6384133003408,-47.5,-29.6443072869782));
#6393=CARTESIAN_POINT('Ctrl Pts',(58.929865549369,-47.5,-22.3631299833487));
#6394=CARTESIAN_POINT('Ctrl Pts',(59.0583962253022,-47.5,-15.0289041815394));
#6395=CARTESIAN_POINT('Ctrl Pts',(59.0162426798401,-47.5,-7.7022656495188));
#6396=CARTESIAN_POINT('Ctrl Pts',(58.9846275207435,-47.5,-2.20728675050331));
#6397=CARTESIAN_POINT('Ctrl Pts',(58.857002487112,-47.5,3.28342430925607));
#6398=CARTESIAN_POINT('Ctrl Pts',(58.6384133003408,-47.5,8.74430728697821));
#6399=CARTESIAN_POINT('',(23.3318314747603,-150.,-2.81271383059514));
#6400=CARTESIAN_POINT('Ctrl Pts',(23.3318314747603,-150.,-2.81271383059514));
#6401=CARTESIAN_POINT('Ctrl Pts',(35.1006920832871,-115.833333333333,1.03962654192931));
#6402=CARTESIAN_POINT('Ctrl Pts',(46.869552691814,-81.6666666666666,4.89196691445376));
#6403=CARTESIAN_POINT('Ctrl Pts',(58.6384133003408,-47.5,8.74430728697821));
#6404=CARTESIAN_POINT('Ctrl Pts',(22.4193900163738,-150.,-0.0252144668887705));
#6405=CARTESIAN_POINT('Ctrl Pts',(32.768750535101,-115.833333333333,3.1921343952605));
#6406=CARTESIAN_POINT('Ctrl Pts',(43.1191606055055,-81.6666666666666,6.40966655666929));
#6407=CARTESIAN_POINT('Ctrl Pts',(53.4685211242327,-47.5,9.62701541881856));
#6408=CARTESIAN_POINT('Ctrl Pts',(19.5848498749601,-150.,5.21807321973466));
#6409=CARTESIAN_POINT('Ctrl Pts',(27.3262518852962,-115.833333333333,7.24102544724641));
#6410=CARTESIAN_POINT('Ctrl Pts',(35.0676099738774,-81.6666666666667,9.26443762540422));
#6411=CARTESIAN_POINT('Ctrl Pts',(42.8090119842136,-47.5,11.287389852916));
#6412=CARTESIAN_POINT('Ctrl Pts',(12.8448899883195,-150.,11.0948062996935));
#6413=CARTESIAN_POINT('Ctrl Pts',(17.2405856269157,-115.833333333333,11.7796163602417));
#6414=CARTESIAN_POINT('Ctrl Pts',(21.6361385719907,-81.6666666666666,12.4635452676881));
#6415=CARTESIAN_POINT('Ctrl Pts',(26.0318342105869,-47.5,13.1483553282363));
#6416=CARTESIAN_POINT('Ctrl Pts',(4.47071629286079,-150.,14.2289059823385));
#6417=CARTESIAN_POINT('Ctrl Pts',(5.89288162778619,-115.833333333333,14.1992502811705));
#6418=CARTESIAN_POINT('Ctrl Pts',(7.31499006257577,-81.6666666666667,14.1704759289085));
#6419=CARTESIAN_POINT('Ctrl Pts',(8.73715539750116,-47.4999999999999,14.1408202277405));
#6420=CARTESIAN_POINT('Ctrl Pts',(-4.47088720391235,-150.,14.2315006514118));
#6421=CARTESIAN_POINT('Ctrl Pts',(-5.89305422507961,-115.833333333333,14.2018680485492));
#6422=CARTESIAN_POINT('Ctrl Pts',(-7.31504249816688,-81.6666666666666,14.1712744758097));
#6423=CARTESIAN_POINT('Ctrl Pts',(-8.73720951933414,-47.5,14.1416418729471));
#6424=CARTESIAN_POINT('Ctrl Pts',(-12.8435628827255,-150.,11.092379344635));
#6425=CARTESIAN_POINT('Ctrl Pts',(-17.2392785818881,-115.833333333333,11.7771581083828));
#6426=CARTESIAN_POINT('Ctrl Pts',(-21.6356982613196,-81.6666666666667,12.46280802872));
#6427=CARTESIAN_POINT('Ctrl Pts',(-26.0314139604821,-47.5,13.1475867924677));
#6428=CARTESIAN_POINT('Ctrl Pts',(-19.5856578843435,-150.,5.21957014509235));
#6429=CARTESIAN_POINT('Ctrl Pts',(-27.3270459700099,-115.833333333333,7.24258396340872));
#6430=CARTESIAN_POINT('Ctrl Pts',(-35.0678797681852,-81.6666666666666,9.26485006096288));
#6431=CARTESIAN_POINT('Ctrl Pts',(-42.8092678538516,-47.5,11.2878638792792));
#6432=CARTESIAN_POINT('Ctrl Pts',(-22.4193900163738,-150.,-0.0252144668887316));
#6433=CARTESIAN_POINT('Ctrl Pts',(-32.768762521288,-115.833333333333,3.19210014111911));
#6434=CARTESIAN_POINT('Ctrl Pts',(-43.1191486193184,-81.6666666666667,6.40970081081073));
#6435=CARTESIAN_POINT('Ctrl Pts',(-53.4685211242327,-47.5,9.62701541881857));
#6436=CARTESIAN_POINT('Ctrl Pts',(-23.3318314747603,-150.,-2.81271383059511));
#6437=CARTESIAN_POINT('Ctrl Pts',(-35.1006920832872,-115.833333333333,1.03962654192934));
#6438=CARTESIAN_POINT('Ctrl Pts',(-46.869552691814,-81.6666666666666,4.89196691445378));
#6439=CARTESIAN_POINT('Ctrl Pts',(-58.6384133003408,-47.5,8.74430728697822));
#6440=CARTESIAN_POINT('',(36.188621460776,-47.5,11.985702960471));
#6441=CARTESIAN_POINT('Ctrl Pts',(58.6384133003408,-47.5,8.74430728697821));
#6442=CARTESIAN_POINT('Ctrl Pts',(53.4685211242326,-47.5,9.62701541881856));
#6443=CARTESIAN_POINT('Ctrl Pts',(48.1387665542231,-47.5,10.4572026358673));
#6444=CARTESIAN_POINT('Ctrl Pts',(42.6776929736139,-47.5,11.182457156945));
#6445=CARTESIAN_POINT('Ctrl Pts',(40.5339614869684,-47.5,11.4671540997196));
#6446=CARTESIAN_POINT('Ctrl Pts',(38.3699945758279,-47.5,11.7356815812967));
#6447=CARTESIAN_POINT('Ctrl Pts',(36.188518413309,-47.5,11.985631083245));
#6448=CARTESIAN_POINT('Ctrl Pts',(36.188518413309,-47.5,11.985631083245));
#6449=CARTESIAN_POINT('Ctrl Pts',(32.8127678839244,-47.5,12.3724183321817));
#6450=CARTESIAN_POINT('Ctrl Pts',(29.3950890478581,-47.5,12.71471805789));
#6451=CARTESIAN_POINT('Ctrl Pts',(25.9455840373437,-47.5,13.0036052322669));
#6452=CARTESIAN_POINT('Ctrl Pts',(20.2669412728917,-47.5,13.4791769614044));
#6453=CARTESIAN_POINT('Ctrl Pts',(14.5020483351964,-47.5,13.8099985945724));
#6454=CARTESIAN_POINT('Ctrl Pts',(8.7072077135429,-47.5,13.9755463520242));
#6455=CARTESIAN_POINT('Ctrl Pts',(5.81014379338246,-47.5,14.0583100493354));
#6456=CARTESIAN_POINT('Ctrl Pts',(2.90559479394293,-47.5,14.099765441663));
#6457=CARTESIAN_POINT('Ctrl Pts',(0.00105475292039081,-47.5,14.0998451898746));
#6458=CARTESIAN_POINT('Ctrl Pts',(58.6384133003408,-47.5,8.74430728697821));
#6459=CARTESIAN_POINT('Ctrl Pts',(60.6141903573366,-44.0778537528543,8.74430728697821));
#6460=CARTESIAN_POINT('Ctrl Pts',(62.5899674143324,-40.6557075057086,8.74430728697822));
#6461=CARTESIAN_POINT('Ctrl Pts',(64.5657444713283,-37.2335612585629,8.74430728697822));
#6462=CARTESIAN_POINT('Ctrl Pts',(55.7857704282267,-47.5,9.23136794021356));
#6463=CARTESIAN_POINT('Ctrl Pts',(58.0027733935803,-43.6689425777643,9.23034786993999));
#6464=CARTESIAN_POINT('Ctrl Pts',(60.2223660166378,-39.8442158120948,9.2286885055978));
#6465=CARTESIAN_POINT('Ctrl Pts',(62.4393689819914,-36.0131583898591,9.22766843532423));
#6466=CARTESIAN_POINT('Ctrl Pts',(47.3498504983647,-47.5,10.5997337057582));
#6467=CARTESIAN_POINT('Ctrl Pts',(50.2825974174944,-42.466439017743,10.5959740537805));
#6468=CARTESIAN_POINT('Ctrl Pts',(53.2134536726586,-37.4290686626004,10.5926410779171));
#6469=CARTESIAN_POINT('Ctrl Pts',(56.1462005917883,-32.3955076803434,10.5888814259394));
#6470=CARTESIAN_POINT('Ctrl Pts',(36.369671259987,-47.5,12.0428444507145));
#6471=CARTESIAN_POINT('Ctrl Pts',(40.1994209042767,-40.8402453733018,12.0452951028791));
#6472=CARTESIAN_POINT('Ctrl Pts',(44.0298546068226,-34.1812638010592,12.0475936674704));
#6473=CARTESIAN_POINT('Ctrl Pts',(47.8596042511123,-27.521509174361,12.050044319635));
#6474=CARTESIAN_POINT('Ctrl Pts',(25.3369202860918,-47.5,13.0903661265334));
#6475=CARTESIAN_POINT('Ctrl Pts',(30.072987513689,-39.2134632713996,13.0943709524937));
#6476=CARTESIAN_POINT('Ctrl Pts',(34.8077902167359,-30.928940661999,13.0983511450615));
#6477=CARTESIAN_POINT('Ctrl Pts',(39.5438574443331,-22.6424039333985,13.1023559710218));
#6478=CARTESIAN_POINT('Ctrl Pts',(14.04392588936,-47.5,13.866697654436));
#6479=CARTESIAN_POINT('Ctrl Pts',(19.7229819185239,-37.5797097489557,13.8688659117444));
#6480=CARTESIAN_POINT('Ctrl Pts',(25.4044716122174,-27.6578229564769,13.8709596293098));
#6481=CARTESIAN_POINT('Ctrl Pts',(31.0835276413813,-17.7375327054326,13.8731278866181));
#6482=CARTESIAN_POINT('Ctrl Pts',(5.61470995679998,-47.5,14.0999802158388));
#6483=CARTESIAN_POINT('Ctrl Pts',(11.999147246606,-36.3551634658973,14.1009291221025));
#6484=CARTESIAN_POINT('Ctrl Pts',(18.3811546596335,-25.2160329770111,14.10171275415));
#6485=CARTESIAN_POINT('Ctrl Pts',(24.7655919494395,-14.0711964429084,14.1026616604137));
#6486=CARTESIAN_POINT('Ctrl Pts',(0.00107191539468268,-47.5,14.0999999981113));
#6487=CARTESIAN_POINT('Ctrl Pts',(6.85399732317196,-35.5442310766494,14.0999758491678));
#6488=CARTESIAN_POINT('Ctrl Pts',(13.7069227309492,-23.5884621532988,14.0999517002243));
#6489=CARTESIAN_POINT('Ctrl Pts',(20.5598481387265,-11.6326932299482,14.0999275512809));
#6490=CARTESIAN_POINT('',(64.546913315136,-37.2661777778532,8.74430728697821));
#6491=CARTESIAN_POINT('Ctrl Pts',(41.1362066797608,-23.75,12.8760226223596));
#6492=CARTESIAN_POINT('Ctrl Pts',(41.6213849004307,-24.0301177763087,12.8188841518426));
#6493=CARTESIAN_POINT('Ctrl Pts',(42.1067981334103,-24.3103712370303,12.7597849746512));
#6494=CARTESIAN_POINT('Ctrl Pts',(50.0094003992337,-28.872940782502,11.7664507792465));
#6495=CARTESIAN_POINT('Ctrl Pts',(57.1420186287864,-32.9909598373684,10.4300576617524));
#6496=CARTESIAN_POINT('Ctrl Pts',(64.546913315136,-37.2661777778532,8.74430728697821));
#6497=CARTESIAN_POINT('',(58.6384133003408,-47.5,8.74430728697821));
#6498=CARTESIAN_POINT('Ctrl Pts',(58.6384133003408,-47.5,-29.6443072869782));
#6499=CARTESIAN_POINT('Ctrl Pts',(60.6079133052725,-44.0887259259511,-29.6443072869782));
#6500=CARTESIAN_POINT('Ctrl Pts',(62.5774133102043,-40.6774518519021,-29.6443072869782));
#6501=CARTESIAN_POINT('Ctrl Pts',(64.546913315136,-37.2661777778532,-29.6443072869782));
#6502=CARTESIAN_POINT('Ctrl Pts',(59.1509973866202,-47.5,-16.8387254887153));
#6503=CARTESIAN_POINT('Ctrl Pts',(61.0776617871839,-44.1629193690895,-16.8387254887151));
#6504=CARTESIAN_POINT('Ctrl Pts',(63.0046869792819,-40.8252138289106,-16.8387254887149));
#6505=CARTESIAN_POINT('Ctrl Pts',(64.9313513798456,-37.488133198,-16.8387254887147));
#6506=CARTESIAN_POINT('Ctrl Pts',(59.1509973866202,-47.5,-4.0612745112857));
#6507=CARTESIAN_POINT('Ctrl Pts',(61.0776617871839,-44.1629193690895,-4.06127451128574));
#6508=CARTESIAN_POINT('Ctrl Pts',(63.0046869792819,-40.8252138289106,-4.06127451128571));
#6509=CARTESIAN_POINT('Ctrl Pts',(64.9313513798456,-37.488133198,-4.06127451128575));
#6510=CARTESIAN_POINT('Ctrl Pts',(58.6384133003408,-47.5,8.74430728697821));
#6511=CARTESIAN_POINT('Ctrl Pts',(60.6079133052725,-44.0887259259511,8.74430728697821));
#6512=CARTESIAN_POINT('Ctrl Pts',(62.5774133102043,-40.6774518519021,8.74430728697821));
#6513=CARTESIAN_POINT('Ctrl Pts',(64.546913315136,-37.2661777778532,8.74430728697821));
#6514=CARTESIAN_POINT('',(64.546913315136,-37.2661777778532,-29.6443072869782));
#6515=CARTESIAN_POINT('Ctrl Pts',(64.546913315136,-37.2661777778532,8.74430728697821));
#6516=CARTESIAN_POINT('Ctrl Pts',(64.9313513798456,-37.488133198,-4.06127451128575));
#6517=CARTESIAN_POINT('Ctrl Pts',(64.9313513798456,-37.488133198,-16.8387254887147));
#6518=CARTESIAN_POINT('Ctrl Pts',(64.546913315136,-37.2661777778532,-29.6443072869782));
#6519=CARTESIAN_POINT('',(58.6384133003408,-47.5,-29.6443072869782));
#6520=CARTESIAN_POINT('Ctrl Pts',(28.1588338468739,-47.5,-33.7103198224023));
#6521=CARTESIAN_POINT('Ctrl Pts',(32.6966707120928,-39.7057581028589,-33.7068798816016));
#6522=CARTESIAN_POINT('Ctrl Pts',(37.2345075773116,-31.9115162057178,-33.7034399408008));
#6523=CARTESIAN_POINT('Ctrl Pts',(41.7723444425304,-24.1172743085767,-33.7));
#6524=CARTESIAN_POINT('Ctrl Pts',(31.0721384898625,-47.5,-33.4464144018245));
#6525=CARTESIAN_POINT('Ctrl Pts',(35.3636921686127,-40.1214888292044,-33.4432195980346));
#6526=CARTESIAN_POINT('Ctrl Pts',(39.6544550212028,-32.7429778379985,-33.4400627070616));
#6527=CARTESIAN_POINT('Ctrl Pts',(43.946008699953,-25.3644666672029,-33.4368679032716));
#6528=CARTESIAN_POINT('Ctrl Pts',(35.4390945008396,-47.5,-32.9923607493176));
#6529=CARTESIAN_POINT('Ctrl Pts',(39.3586808212972,-40.7411505809911,-32.9902173535418));
#6530=CARTESIAN_POINT('Ctrl Pts',(43.2786048494198,-33.9822979503907,-32.9880197009396));
#6531=CARTESIAN_POINT('Ctrl Pts',(47.1981911698774,-27.2234485313818,-32.9858763051638));
#6532=CARTESIAN_POINT('Ctrl Pts',(45.6556600671069,-47.5,-31.7360720719875));
#6533=CARTESIAN_POINT('Ctrl Pts',(48.7039049144073,-42.1863944537797,-31.7384697241584));
#6534=CARTESIAN_POINT('Ctrl Pts',(51.7507543848301,-36.8727902195913,-31.7409774414316));
#6535=CARTESIAN_POINT('Ctrl Pts',(54.7989992321306,-31.559184673371,-31.7433750936025));
#6536=CARTESIAN_POINT('Ctrl Pts',(52.8109215973109,-47.5,-30.6392940563868));
#6537=CARTESIAN_POINT('Ctrl Pts',(55.2639996230892,-43.2257290105698,-30.6418869817385));
#6538=CARTESIAN_POINT('Ctrl Pts',(57.7162158129466,-38.9514361784056,-30.6443664907393));
#6539=CARTESIAN_POINT('Ctrl Pts',(60.1692938387249,-34.6771651889754,-30.646959416091));
#6540=CARTESIAN_POINT('Ctrl Pts',(58.6384133003407,-47.5,-29.6443072869782));
#6541=CARTESIAN_POINT('Ctrl Pts',(60.6120437634073,-44.0815717626031,-29.6443072869782));
#6542=CARTESIAN_POINT('Ctrl Pts',(62.5856742264738,-40.6631435252062,-29.6443072869782));
#6543=CARTESIAN_POINT('Ctrl Pts',(64.5593046895403,-37.2447152878092,-29.6443072869782));
#6544=CARTESIAN_POINT('Ctrl Pts',(64.546913315136,-37.2661777778532,-29.6443072869782));
#6545=CARTESIAN_POINT('Ctrl Pts',(60.7215427538799,-35.057599054562,-30.5151663782189));
#6546=CARTESIAN_POINT('Ctrl Pts',(56.9358735727597,-32.8719419337793,-31.3002945180262));
#6547=CARTESIAN_POINT('Ctrl Pts',(49.3230860935529,-28.4766970333758,-32.6671825705859));
#6548=CARTESIAN_POINT('Ctrl Pts',(45.563622389302,-26.306169651718,-33.2403365043153));
#6549=CARTESIAN_POINT('Ctrl Pts',(41.7723444425305,-24.1172743085767,-33.7));
#6550=CARTESIAN_POINT('Origin',(64.8763042894819,-37.4563517455605,-10.1446929450314));
#6551=CARTESIAN_POINT('Origin',(70.7254079757292,40.8333333333333,25.));
#6552=CARTESIAN_POINT('',(71.6916157411702,38.5275921175848,14.0752529766963));
#6553=CARTESIAN_POINT('',(73.2254079757292,40.8333333333322,14.0933316556251));
#6554=CARTESIAN_POINT('Ctrl Pts',(71.6916157411702,38.5275921175848,14.0752529766963));
#6555=CARTESIAN_POINT('Ctrl Pts',(71.3951939847406,38.4033782635097,14.076252289673));
#6556=CARTESIAN_POINT('Ctrl Pts',(71.0775882632286,38.3374854971824,14.0784563578578));
#6557=CARTESIAN_POINT('Ctrl Pts',(70.4296973632186,38.3294973858331,14.0841531824911));
#6558=CARTESIAN_POINT('Ctrl Pts',(70.1055194496856,38.3894888266235,14.087584571488));
#6559=CARTESIAN_POINT('Ctrl Pts',(69.4942523547351,38.6324327072654,14.0938651687879));
#6560=CARTESIAN_POINT('Ctrl Pts',(69.2138035825656,38.8147279422536,14.0966168948316));
#6561=CARTESIAN_POINT('Ctrl Pts',(68.7395963150182,39.2786934390015,14.0999173223003));
#6562=CARTESIAN_POINT('Ctrl Pts',(68.5508185325133,39.5560251637596,14.1004140837692));
#6563=CARTESIAN_POINT('Ctrl Pts',(68.2941667763996,40.1647899961052,14.0988569814208));
#6564=CARTESIAN_POINT('Ctrl Pts',(68.2274581807241,40.4896424801581,14.0968533651374));
#6565=CARTESIAN_POINT('Ctrl Pts',(68.2234521918144,41.1462954858288,14.0913744304454));
#6566=CARTESIAN_POINT('Ctrl Pts',(68.2861049754546,41.4717108505221,14.0879743902319));
#6567=CARTESIAN_POINT('Ctrl Pts',(68.5331007781886,42.0786193691751,14.0815812565597));
#6568=CARTESIAN_POINT('Ctrl Pts',(68.7146230636017,42.3544182849548,14.0786769948973));
#6569=CARTESIAN_POINT('Ctrl Pts',(69.1784595386446,42.8254495257381,14.0749391464348));
#6570=CARTESIAN_POINT('Ctrl Pts',(69.4581706045834,43.0140876493796,14.0742141338039));
#6571=CARTESIAN_POINT('Ctrl Pts',(70.0681317563221,43.2673710390657,14.0755575688811));
#6572=CARTESIAN_POINT('Ctrl Pts',(70.3912076996406,43.3323038401593,14.0775469401711));
#6573=CARTESIAN_POINT('Ctrl Pts',(71.0445484247292,43.3343401740861,14.0831687129318));
#6574=CARTESIAN_POINT('Ctrl Pts',(71.3685253409299,43.2712181390103,14.0867217014875));
#6575=CARTESIAN_POINT('Ctrl Pts',(71.9756490938078,43.0231042720016,14.093373259841));
#6576=CARTESIAN_POINT('Ctrl Pts',(72.2526149686375,42.8397847465658,14.096363594481));
#6577=CARTESIAN_POINT('Ctrl Pts',(72.7184979700146,42.3775877408676,14.0999257766993));
#6578=CARTESIAN_POINT('Ctrl Pts',(72.9033392354374,42.1036669590222,14.1004524270694));
#6579=CARTESIAN_POINT('Ctrl Pts',(73.1584829262775,41.4965552761972,14.0986916712817));
#6580=CARTESIAN_POINT('Ctrl Pts',(73.224853012804,41.1687168868629,14.0963986650351));
#6581=CARTESIAN_POINT('Ctrl Pts',(73.2254068206712,40.8361083471356,14.0933570669711));
#6582=CARTESIAN_POINT('Ctrl Pts',(73.2254079757292,40.8347208118887,14.0933443668083));
#6583=CARTESIAN_POINT('Ctrl Pts',(73.2254079757292,40.8333333333311,14.0933316556251));
#6584=CARTESIAN_POINT('Ctrl Pts',(73.2254079757292,40.8333333333311,14.0933316556251));
#6585=CARTESIAN_POINT('Ctrl Pts',(73.2254079757289,40.5055463012304,14.090328682343));
#6586=CARTESIAN_POINT('Ctrl Pts',(73.1609411080487,40.1809232750205,14.0867060904875));
#6587=CARTESIAN_POINT('Ctrl Pts',(72.9112972294005,39.5772202439568,14.0802750174813));
#6588=CARTESIAN_POINT('Ctrl Pts',(72.7293735615679,39.3036069905503,14.0775565682749));
#6589=CARTESIAN_POINT('Ctrl Pts',(72.2690086157744,38.8395981712249,14.0745049628324));
#6590=CARTESIAN_POINT('Ctrl Pts',(71.9942697022771,38.6544175416461,14.0742326533759));
#6591=CARTESIAN_POINT('Ctrl Pts',(71.6916157411702,38.5275921175848,14.0752529766963));
#6592=CARTESIAN_POINT('',(73.2254079757292,40.8333333333333,3.6));
#6593=CARTESIAN_POINT('',(73.2254079757292,40.8333333333333,25.));
#6594=CARTESIAN_POINT('Origin',(70.7254079757292,40.8333333333333,3.6));
#6595=CARTESIAN_POINT('Origin',(100.314609271698,57.9166666666666,25.));
#6596=CARTESIAN_POINT('',(99.4291203086219,55.5786790798016,14.0785004441637));
#6597=CARTESIAN_POINT('',(102.814641375295,57.9166110616054,14.0851869995665));
#6598=CARTESIAN_POINT('Ctrl Pts',(99.4291203086219,55.5786790798016,14.0785004441637));
#6599=CARTESIAN_POINT('Ctrl Pts',(99.2881539708304,55.632074589586,14.0816778352835));
#6600=CARTESIAN_POINT('Ctrl Pts',(99.1523753447269,55.6980822674302,14.0847021797483));
#6601=CARTESIAN_POINT('Ctrl Pts',(99.0234229335253,55.7758650385137,14.0874042122199));
#6602=CARTESIAN_POINT('Ctrl Pts',(98.9904545964632,55.7957512010974,14.0880950214606));
#6603=CARTESIAN_POINT('Ctrl Pts',(98.9579325621324,55.8164068210537,14.0887648865911));
#6604=CARTESIAN_POINT('Ctrl Pts',(98.9258844489554,55.8378174988669,14.0894112531946));
#6605=CARTESIAN_POINT('Ctrl Pts',(98.8000908693345,55.9218575729066,14.0919483376198));
#6606=CARTESIAN_POINT('Ctrl Pts',(98.682233632194,56.017108927498,14.0941074776752));
#6607=CARTESIAN_POINT('Ctrl Pts',(98.5737410636289,56.1223786562008,14.0957692933922));
#6608=CARTESIAN_POINT('Ctrl Pts',(98.5515187720328,56.1439408206736,14.0961096794106));
#6609=CARTESIAN_POINT('Ctrl Pts',(98.5296894254069,56.1659232036407,14.0964293351819));
#6610=CARTESIAN_POINT('Ctrl Pts',(98.508265379899,56.188315412042,14.0967274485157));
#6611=CARTESIAN_POINT('Ctrl Pts',(98.4024499393754,56.2989127030813,14.098199859211));
#6612=CARTESIAN_POINT('Ctrl Pts',(98.307269049293,56.4187263172689,14.0991322776836));
#6613=CARTESIAN_POINT('Ctrl Pts',(98.2237546090491,56.5461413207234,14.0994796997117));
#6614=CARTESIAN_POINT('Ctrl Pts',(98.1401121092379,56.6737517000933,14.0998276544705));
#6615=CARTESIAN_POINT('Ctrl Pts',(98.0681722757028,56.8089860868339,14.0995887367005));
#6616=CARTESIAN_POINT('Ctrl Pts',(98.0089745621489,56.9502172567552,14.0987695569156));
#6617=CARTESIAN_POINT('Ctrl Pts',(98.0013027813084,56.9685202370301,14.0986633945759));
#6618=CARTESIAN_POINT('Ctrl Pts',(97.9938450044061,56.9869239359363,14.0985475584157));
#6619=CARTESIAN_POINT('Ctrl Pts',(97.9866034916955,57.0054248155014,14.0984221267592));
#6620=CARTESIAN_POINT('Ctrl Pts',(97.9311931654122,57.1469891286774,14.0974623536715));
#6621=CARTESIAN_POINT('Ctrl Pts',(97.888935776746,57.2929861509305,14.0959456233689));
#6622=CARTESIAN_POINT('Ctrl Pts',(97.8601767396783,57.4415488475084,14.0939626962943));
#6623=CARTESIAN_POINT('Ctrl Pts',(97.8315308727997,57.5895269324241,14.0919875722706));
#6624=CARTESIAN_POINT('Ctrl Pts',(97.8162776195754,57.7400500397055,14.0895503353215));
#6625=CARTESIAN_POINT('Ctrl Pts',(97.8147424231335,57.8913006444305,14.0867815104441));
#6626=CARTESIAN_POINT('Ctrl Pts',(97.8145722198287,57.9080694122989,14.0864745379085));
#6627=CARTESIAN_POINT('Ctrl Pts',(97.8145706146015,57.9248471545745,14.0861635269845));
#6628=CARTESIAN_POINT('Ctrl Pts',(97.8147380365778,57.9416314193335,14.0858486826861));
#6629=CARTESIAN_POINT('Ctrl Pts',(97.8162467563324,58.0928824818757,14.0830114696559));
#6630=CARTESIAN_POINT('Ctrl Pts',(97.8314668798094,58.2433214608873,14.0798865658643));
#6631=CARTESIAN_POINT('Ctrl Pts',(97.860027671149,58.3911082032745,14.0766531391782));
#6632=CARTESIAN_POINT('Ctrl Pts',(97.8888640683601,58.540321057896,14.0733885105771));
#6633=CARTESIAN_POINT('Ctrl Pts',(97.931299907461,58.6868301339895,14.0700139875367));
#6634=CARTESIAN_POINT('Ctrl Pts',(97.9869278248623,58.8287861631884,14.0667260508828));
#6635=CARTESIAN_POINT('Ctrl Pts',(97.9973690321609,58.8554309199472,14.0661089142041));
#6636=CARTESIAN_POINT('Ctrl Pts',(98.0082749262402,58.8819153990825,14.0654948427322));
#6637=CARTESIAN_POINT('Ctrl Pts',(98.0196427117212,58.9082275481209,14.0648851471193));
#6638=CARTESIAN_POINT('Ctrl Pts',(98.0810129692348,59.0502766187081,14.0615936373678));
#6639=CARTESIAN_POINT('Ctrl Pts',(98.1553058114035,59.1860341853552,14.0584609794405));
#6640=CARTESIAN_POINT('Ctrl Pts',(98.2414265200585,59.3138294531707,14.0556789792694));
#6641=CARTESIAN_POINT('Ctrl Pts',(98.3259247291177,59.4392170797393,14.0529493915113));
#6642=CARTESIAN_POINT('Ctrl Pts',(98.4218089861138,59.5569401985954,14.0505581138187));
#6643=CARTESIAN_POINT('Ctrl Pts',(98.5280255098578,59.6654549351839,14.0486577639524));
#6644=CARTESIAN_POINT('Ctrl Pts',(98.6320798389647,59.7717606936095,14.0467960985218));
#6645=CARTESIAN_POINT('Ctrl Pts',(98.7452419167172,59.8683932752375,14.045421634939));
#6646=CARTESIAN_POINT('Ctrl Pts',(98.8660907002285,59.9543030444196,14.0446168199876));
#6647=CARTESIAN_POINT('Ctrl Pts',(98.966516124522,60.0256941231744,14.0439480181956));
#6648=CARTESIAN_POINT('Ctrl Pts',(99.0722494384311,60.0896808811993,14.0436718984145));
#6649=CARTESIAN_POINT('Ctrl Pts',(99.1824730576545,60.1456646281528,14.043808636744));
#6650=CARTESIAN_POINT('Ctrl Pts',(99.3110249750187,60.2109575124077,14.0439681123135));
#6651=CARTESIAN_POINT('Ctrl Pts',(99.4447723060301,60.2648953407536,14.0446894794428));
#6652=CARTESIAN_POINT('Ctrl Pts',(99.5821789904296,60.3069976064608,14.0459348949816));
#6653=CARTESIAN_POINT('Ctrl Pts',(99.7007327320565,60.3433232128342,14.0470094327499));
#6654=CARTESIAN_POINT('Ctrl Pts',(99.8220105486277,60.3708382562461,14.0484732398107));
#6655=CARTESIAN_POINT('Ctrl Pts',(99.9450313753931,60.3892245729309,14.0502728121813));
#6656=CARTESIAN_POINT('Ctrl Pts',(100.092809319422,60.4113110126776,14.052434536436));
#6657=CARTESIAN_POINT('Ctrl Pts',(100.241970890049,60.4200500642024,14.0550646367671));
#6658=CARTESIAN_POINT('Ctrl Pts',(100.390717165915,60.4155170969103,14.0580030249909));
#6659=CARTESIAN_POINT('Ctrl Pts',(100.53946344178,60.4109841296181,14.0609414132148));
#6660=CARTESIAN_POINT('Ctrl Pts',(100.687794324184,60.3931793144585,14.0641873553471));
#6661=CARTESIAN_POINT('Ctrl Pts',(100.833931395912,60.3621425066157,14.0675474626613));
#6662=CARTESIAN_POINT('Ctrl Pts',(100.986756408997,60.329685303877,14.071061344787));
#6663=CARTESIAN_POINT('Ctrl Pts',(101.13583758572,60.2830403334446,14.0746664894332));
#6664=CARTESIAN_POINT('Ctrl Pts',(101.279282814895,60.2230394990319,14.0781193578782));
#6665=CARTESIAN_POINT('Ctrl Pts',(101.421907154686,60.1633820294584,14.0815524667043));
#6666=CARTESIAN_POINT('Ctrl Pts',(101.558960046676,60.0905208108076,14.0848338317148));
#6667=CARTESIAN_POINT('Ctrl Pts',(101.688605950224,60.0052315053641,14.0877392685805));
#6668=CARTESIAN_POINT('Ctrl Pts',(101.704712059942,59.9946358839552,14.0881002154647));
#6669=CARTESIAN_POINT('Ctrl Pts',(101.720703882942,59.9838484040155,14.0884553928884));
#6670=CARTESIAN_POINT('Ctrl Pts',(101.736577924059,59.9728705108952,14.0888044011302));
#6671=CARTESIAN_POINT('Ctrl Pts',(101.856474438399,59.8899545659105,14.0914404577816));
#6672=CARTESIAN_POINT('Ctrl Pts',(101.968603582331,59.79690638861,14.0936976880673));
#6673=CARTESIAN_POINT('Ctrl Pts',(102.071805361984,59.6949276531811,14.0954460250907));
#6674=CARTESIAN_POINT('Ctrl Pts',(102.17279683231,59.5951330327051,14.0971569173564));
#6675=CARTESIAN_POINT('Ctrl Pts',(102.265239497626,59.4867858569862,14.0983801816618));
#6676=CARTESIAN_POINT('Ctrl Pts',(102.348054944803,59.3709972781225,14.0990410824078));
#6677=CARTESIAN_POINT('Ctrl Pts',(102.372897291056,59.3362639032965,14.0992393343732));
#6678=CARTESIAN_POINT('Ctrl Pts',(102.396873393333,59.3008608457077,14.0993873250992));
#6679=CARTESIAN_POINT('Ctrl Pts',(102.419954247258,59.2648179167719,14.0994839353429));
#6680=CARTESIAN_POINT('Ctrl Pts',(102.496041500266,59.1460004994437,14.0998024161099));
#6681=CARTESIAN_POINT('Ctrl Pts',(102.561755244737,59.0212371169062,14.0995558735847));
#6682=CARTESIAN_POINT('Ctrl Pts',(102.616545909826,58.8919210981414,14.0987664275146));
#6683=CARTESIAN_POINT('Ctrl Pts',(102.672030853481,58.760966454623,14.097966977998));
#6684=CARTESIAN_POINT('Ctrl Pts',(102.716314374794,58.6253426613713,14.0966108978304));
#6685=CARTESIAN_POINT('Ctrl Pts',(102.748821270314,58.4865044391372,14.0947740125868));
#6686=CARTESIAN_POINT('Ctrl Pts',(102.757301078665,58.4502868459934,14.0942948393351));
#6687=CARTESIAN_POINT('Ctrl Pts',(102.764979466687,58.4138505733036,14.0937832166789));
#6688=CARTESIAN_POINT('Ctrl Pts',(102.771846143534,58.3772215832518,14.0932410452267));
#6689=CARTESIAN_POINT('Ctrl Pts',(102.800384924999,58.2249868464769,14.0909877117822));
#6690=CARTESIAN_POINT('Ctrl Pts',(102.814648278021,58.0707868758548,14.0882236499744));
#6691=CARTESIAN_POINT('Ctrl Pts',(102.814651728622,57.9165931291155,14.0851424223721));
#6692=CARTESIAN_POINT('Ctrl Pts',(102.814651728622,57.9165931291155,14.0851424223721));
#6693=CARTESIAN_POINT('Ctrl Pts',(102.814650931828,57.7578081140428,14.081969500119));
#6694=CARTESIAN_POINT('Ctrl Pts',(102.799525981206,57.5990288978209,14.0784613550653));
#6695=CARTESIAN_POINT('Ctrl Pts',(102.769283721337,57.4424541563092,14.0748661900484));
#6696=CARTESIAN_POINT('Ctrl Pts',(102.739399557027,57.287733400577,14.0713135950191));
#6697=CARTESIAN_POINT('Ctrl Pts',(102.695013154012,57.1365388997486,14.067710991209));
#6698=CARTESIAN_POINT('Ctrl Pts',(102.636913175294,56.9907981188681,14.0643032660531));
#6699=CARTESIAN_POINT('Ctrl Pts',(102.578813196575,56.8450573379875,14.0608955408972));
#6700=CARTESIAN_POINT('Ctrl Pts',(102.506999609296,56.7047703339636,14.0576838385902));
#6701=CARTESIAN_POINT('Ctrl Pts',(102.422234104031,56.5719112894558,14.0548878521692));
#6702=CARTESIAN_POINT('Ctrl Pts',(102.344558553488,56.4501648385332,14.0523257275894));
#6703=CARTESIAN_POINT('Ctrl Pts',(102.256606302532,56.3355846097887,14.0501331682522));
#6704=CARTESIAN_POINT('Ctrl Pts',(102.159461230934,56.2293650676042,14.0484246674507));
#6705=CARTESIAN_POINT('Ctrl Pts',(102.072242771698,56.1339993979127,14.0468907470464));
#6706=CARTESIAN_POINT('Ctrl Pts',(101.977613908605,56.0453735923932,14.0457466067248));
#6707=CARTESIAN_POINT('Ctrl Pts',(101.876350501023,55.9643669065117,14.0450436321424));
#6708=CARTESIAN_POINT('Ctrl Pts',(101.761882193675,55.8727968276636,14.0442489886233));
#6709=CARTESIAN_POINT('Ctrl Pts',(101.639768180117,55.7916207824421,14.0440247011547));
#6710=CARTESIAN_POINT('Ctrl Pts',(101.511480057863,55.7216690932639,14.0443698330079));
#6711=CARTESIAN_POINT('Ctrl Pts',(101.405417850229,55.6638365328401,14.0446551707745));
#6712=CARTESIAN_POINT('Ctrl Pts',(101.295135368625,55.6136762968732,14.0453286471146));
#6713=CARTESIAN_POINT('Ctrl Pts',(101.181464055467,55.5716578613587,14.0463629002157));
#6714=CARTESIAN_POINT('Ctrl Pts',(101.037298338143,55.5183672137145,14.0476746105854));
#6715=CARTESIAN_POINT('Ctrl Pts',(100.888815114493,55.4785845715397,14.0495568011583));
#6716=CARTESIAN_POINT('Ctrl Pts',(100.737924563844,55.4526648782154,14.0518806655716));
#6717=CARTESIAN_POINT('Ctrl Pts',(100.600944487976,55.429134699932,14.053990294851));
#6718=CARTESIAN_POINT('Ctrl Pts',(100.461980429208,55.417029357901,14.0564628626077));
#6719=CARTESIAN_POINT('Ctrl Pts',(100.322473155936,55.4165941774776,14.0591730982658));
#6720=CARTESIAN_POINT('Ctrl Pts',(100.169098488921,55.4161157389635,14.0621527385515));
#6721=CARTESIAN_POINT('Ctrl Pts',(100.016334869081,55.4297426667953,14.0653934177608));
#6722=CARTESIAN_POINT('Ctrl Pts',(99.8660742664442,55.457150902755,14.0686978382083));
#6723=CARTESIAN_POINT('Ctrl Pts',(99.717351066966,55.4842787091956,14.0719684492185));
#6724=CARTESIAN_POINT('Ctrl Pts',(99.5710798710733,55.5249073544053,14.0753006656906));
#6725=CARTESIAN_POINT('Ctrl Pts',(99.4291203086219,55.5786790798016,14.0785004441637));
#6726=CARTESIAN_POINT('',(102.814609271698,57.9166666666666,3.6));
#6727=CARTESIAN_POINT('',(102.814609271698,57.9166666666666,25.));
#6728=CARTESIAN_POINT('Origin',(100.314609271698,57.9166666666666,3.6));
#6729=CARTESIAN_POINT('Origin',(34.1476889282213,-7.67693564265297,-35.));
#6730=CARTESIAN_POINT('',(31.6476889282213,-7.67693564265297,-33.7));
#6731=CARTESIAN_POINT('Origin',(34.1476889282213,-7.67693564265297,-33.7));
#6732=CARTESIAN_POINT('',(31.6476889282213,-7.67693564265297,-13.7));
#6733=CARTESIAN_POINT('',(31.6476889282213,-7.67693564265297,-35.));
#6734=CARTESIAN_POINT('Origin',(34.1476889282213,-7.67693564265297,-13.7));
#6735=CARTESIAN_POINT('Origin',(10.4254231743548,33.4112339136949,-35.));
#6736=CARTESIAN_POINT('',(7.92542317435478,33.4112339136949,-33.7));
#6737=CARTESIAN_POINT('Origin',(10.4254231743548,33.4112339136949,-33.7));
#6738=CARTESIAN_POINT('',(7.92542317435478,33.4112339136949,-13.7));
#6739=CARTESIAN_POINT('',(7.92542317435478,33.4112339136949,-35.));
#6740=CARTESIAN_POINT('Origin',(10.4254231743548,33.4112339136949,-13.7));
#6741=CARTESIAN_POINT('Origin',(13.8431035823482,25.2897079276008,12.876));
#6742=CARTESIAN_POINT('',(13.8431035823482,25.2897079276008,-13.7));
#6743=CARTESIAN_POINT('',(31.5470153810215,35.5110661702742,-13.7));
#6744=CARTESIAN_POINT('',(3.17655735906989,19.1313745942675,-13.7));
#6745=CARTESIAN_POINT('',(13.8431035823482,25.2897079276008,7.876));
#6746=CARTESIAN_POINT('',(13.8431035823482,25.2897079276008,12.876));
#6747=CARTESIAN_POINT('',(31.5470153810215,35.5110661702742,7.876));
#6748=CARTESIAN_POINT('',(18.5838863352802,28.0268001261756,7.876));
#6749=CARTESIAN_POINT('',(31.5470153810215,35.5110661702742,0.));
#6750=CARTESIAN_POINT('Origin',(16.5580924465567,20.5872092728081,12.876));
#6751=CARTESIAN_POINT('',(16.5580924465567,20.5872092728081,-13.7));
#6752=CARTESIAN_POINT('',(18.9455924465567,16.4519379697374,-13.7));
#6753=CARTESIAN_POINT('',(16.5580924465567,20.5872092728081,7.876));
#6754=CARTESIAN_POINT('',(16.5580924465567,20.5872092728081,12.876));
#6755=CARTESIAN_POINT('',(15.8793452305046,21.7628339365062,7.876));
#6756=CARTESIAN_POINT('Origin',(24.6821635203164,28.412642997354,7.876));
#6757=CARTESIAN_POINT('',(35.5212234582845,31.5355780671073,7.876));
#6758=CARTESIAN_POINT('',(30.7804407053526,28.7984858685325,7.876));
#6759=CARTESIAN_POINT('Origin',(0.,0.,7.876));
#6760=CARTESIAN_POINT('Origin',(35.5212234582845,31.5355780671073,12.876));
#6761=CARTESIAN_POINT('',(35.5212234582845,31.5355780671073,-13.7));
#6762=CARTESIAN_POINT('',(15.3731117291423,19.9030603366243,-13.7));
#6763=CARTESIAN_POINT('',(35.5212234582845,31.5355780671073,-10.45));
#6764=CARTESIAN_POINT('',(35.5212234582845,31.5355780671073,0.));
#6765=CARTESIAN_POINT('',(35.5212234582845,31.5355780671073,0.));
#6766=CARTESIAN_POINT('Origin',(0.,0.,0.));
#6767=CARTESIAN_POINT('',(35.9044105000333,31.0986061849257,-13.6999999997797));
#6768=CARTESIAN_POINT('Origin',(0.,0.,-13.7));
#6769=CARTESIAN_POINT('Ctrl Pts',(35.5212234582845,31.5355780671073,-10.45));
#6770=CARTESIAN_POINT('Ctrl Pts',(35.5212234582845,31.5355780671073,-11.5144605437425));
#6771=CARTESIAN_POINT('Ctrl Pts',(35.6488090426421,31.3937068590848,-12.6407345112981));
#6772=CARTESIAN_POINT('Ctrl Pts',(35.9044105000333,31.0986061849257,-13.6999999995594));
#6773=CARTESIAN_POINT('Origin',(26.1080924465567,4.04612406052527,12.876));
#6774=CARTESIAN_POINT('',(26.1080924465567,4.04612406052527,-13.7));
#6775=CARTESIAN_POINT('',(45.0712234582845,14.9944928548245,-13.7));
#6776=CARTESIAN_POINT('',(15.4415462232783,-2.11220927280807,-13.7));
#6777=CARTESIAN_POINT('',(26.1080924465567,4.04612406052527,7.876));
#6778=CARTESIAN_POINT('',(26.1080924465567,4.04612406052527,12.876));
#6779=CARTESIAN_POINT('',(45.0712234582845,14.9944928548245,7.876));
#6780=CARTESIAN_POINT('',(30.8488751994886,6.78321625910007,7.876));
#6781=CARTESIAN_POINT('',(45.0712234582845,14.9944928548245,-10.45));
#6782=CARTESIAN_POINT('',(45.0712234582845,14.9944928548245,0.));
#6783=CARTESIAN_POINT('',(45.0712234582845,14.9944928548245,0.));
#6784=CARTESIAN_POINT('Origin',(29.1080924465567,-1.15002836218137,12.876));
#6785=CARTESIAN_POINT('',(29.1080924465567,-1.15002836218137,-13.7));
#6786=CARTESIAN_POINT('',(25.2205924465567,5.58331915224265,-13.7));
#6787=CARTESIAN_POINT('',(29.1080924465567,-1.15002836218137,7.876));
#6788=CARTESIAN_POINT('',(29.1080924465567,-1.15002836218137,12.876));
#6789=CARTESIAN_POINT('',(28.3580924465567,0.14900974349529,7.876));
#6790=CARTESIAN_POINT('Origin',(37.0896579524206,6.92223224632155,7.876));
#6791=CARTESIAN_POINT('',(46.644469059919,8.97460339615401,7.876));
#6792=CARTESIAN_POINT('',(42.6170635061698,6.64937971556113,7.876));
#6793=CARTESIAN_POINT('Origin',(0.,0.,7.876));
#6794=CARTESIAN_POINT('Origin',(46.644469059919,8.97460339615402,12.876));
#6795=CARTESIAN_POINT('',(46.644469059919,8.97460339615401,-13.7));
#6796=CARTESIAN_POINT('',(27.2097345299595,-2.246045816347,-13.7));
#6797=CARTESIAN_POINT('',(46.644469059919,8.97460339615403,0.));
#6798=CARTESIAN_POINT('Origin',(0.,0.,0.));
#6799=CARTESIAN_POINT('',(38.6428565197887,27.6220860905006,-2.080860259262));
#6800=CARTESIAN_POINT('Ctrl Pts',(38.6428565197885,27.6220860905009,-2.08086025926221));
#6801=CARTESIAN_POINT('Ctrl Pts',(38.1714914420316,28.2815182929971,-2.52429064460739));
#6802=CARTESIAN_POINT('Ctrl Pts',(37.7255510223863,28.8689806272028,-3.08275557266219));
#6803=CARTESIAN_POINT('Ctrl Pts',(36.8136713545466,30.0288896253933,-4.54320606509326));
#6804=CARTESIAN_POINT('Ctrl Pts',(36.3337997037119,30.5998603253647,-5.614868771679));
#6805=CARTESIAN_POINT('Ctrl Pts',(35.6863089549134,31.3525726276664,-7.96677635944126));
#6806=CARTESIAN_POINT('Ctrl Pts',(35.5212234582845,31.5355780671073,-9.24731340866145));
#6807=CARTESIAN_POINT('Ctrl Pts',(35.5212234582845,31.5355780671073,-10.45));
#6808=CARTESIAN_POINT('',(38.6428565197887,27.6220860905006,3.6));
#6809=CARTESIAN_POINT('',(38.6428565197887,27.6220860905006,0.));
#6810=CARTESIAN_POINT('',(43.2428565197887,19.6546523756838,3.6));
#6811=CARTESIAN_POINT('Origin',(0.,0.,3.6));
#6812=CARTESIAN_POINT('',(43.2428565197887,19.6546523756838,-2.080860259262));
#6813=CARTESIAN_POINT('',(43.2428565197887,19.6546523756838,0.));
#6814=CARTESIAN_POINT('Ctrl Pts',(45.0712234582845,14.9944928548245,-10.45));
#6815=CARTESIAN_POINT('Ctrl Pts',(45.0712234582845,14.9944928548245,-9.24731340866145));
#6816=CARTESIAN_POINT('Ctrl Pts',(44.9952788470125,15.2289638084219,-7.96677635944124));
#6817=CARTESIAN_POINT('Ctrl Pts',(44.6671562458774,16.1660633967477,-5.61486877167899));
#6818=CARTESIAN_POINT('Ctrl Pts',(44.4126169403029,16.8671297869121,-4.54320606509326));
#6819=CARTESIAN_POINT('Ctrl Pts',(43.8640461157116,18.2367952435513,-3.0827555726621));
#6820=CARTESIAN_POINT('Ctrl Pts',(43.5782590203455,18.9167221426413,-2.52429064460722));
#6821=CARTESIAN_POINT('Ctrl Pts',(43.2428565197887,19.6546523756838,-2.08086025926201));
#6822=CARTESIAN_POINT('',(41.1362066797608,-23.75,-13.7));
#6823=CARTESIAN_POINT('Origin',(0.,0.,-13.7));
#6824=CARTESIAN_POINT('',(41.1362066797631,-23.749999999996,12.8760226223596));
#6825=CARTESIAN_POINT('',(41.1362066797608,-23.75,0.));
#6826=CARTESIAN_POINT('',(41.1367465312027,23.7490649498742,14.0999999980838));
#6827=CARTESIAN_POINT('Ctrl Pts',(41.1367465205754,23.7490649437389,14.0999999980838));
#6828=CARTESIAN_POINT('Ctrl Pts',(42.1580871763839,21.979958169696,14.0999927472092));
#6829=CARTESIAN_POINT('Ctrl Pts',(43.0663629534564,20.1431594466168,14.0793469068522));
#6830=CARTESIAN_POINT('Ctrl Pts',(45.0472853270247,15.3828043587318,13.9877840795993));
#6831=CARTESIAN_POINT('Ctrl Pts',(45.9559014514739,12.4070652752334,13.8969998169224));
#6832=CARTESIAN_POINT('Ctrl Pts',(47.1612592866231,6.41321527097405,13.687306616484));
#6833=CARTESIAN_POINT('Ctrl Pts',(47.4728289531839,3.41211186028928,13.5699699600842));
#6834=CARTESIAN_POINT('Ctrl Pts',(47.5370116967337,-4.17319757910408,13.2830934750756));
#6835=CARTESIAN_POINT('Ctrl Pts',(46.9145367726234,-8.73124079878923,13.121114690924));
#6836=CARTESIAN_POINT('Ctrl Pts',(44.5794428184282,-16.8491110037202,12.9251549084704));
#6837=CARTESIAN_POINT('Ctrl Pts',(43.0622915892432,-20.4139230771015,12.8760226483393));
#6838=CARTESIAN_POINT('Ctrl Pts',(41.1362066797093,-23.7500000000892,12.8760226223596));
#6839=CARTESIAN_POINT('',(41.135670718597,23.7509283119666,14.0999999981113));
#6840=CARTESIAN_POINT('Ctrl Pts',(41.1356801097565,23.7509120460012,14.0998458746848));
#6841=CARTESIAN_POINT('Ctrl Pts',(41.1360387169077,23.7502909201953,14.0998458943505));
#6842=CARTESIAN_POINT('Ctrl Pts',(41.1363973240587,23.7496697943899,14.0998459114933));
#6843=CARTESIAN_POINT('Ctrl Pts',(41.1367559312093,23.7490486685851,14.0998459261133));
#6844=CARTESIAN_POINT('',(-4.62886963400331E-12,47.5,12.8760226223596));
#6845=CARTESIAN_POINT('Ctrl Pts',(-9.26092535991074E-12,47.5,12.8760226223596));
#6846=CARTESIAN_POINT('Ctrl Pts',(2.24893992726273,47.5000000000004,12.8760226071918));
#6847=CARTESIAN_POINT('Ctrl Pts',(4.50005320598124,47.3402994326493,12.8924697635728));
#6848=CARTESIAN_POINT('Ctrl Pts',(12.1486085526042,46.244494710124,13.0020708469656));
#6849=CARTESIAN_POINT('Ctrl Pts',(17.3835687812487,44.5410420153718,13.1734732096586));
#6850=CARTESIAN_POINT('Ctrl Pts',(25.0270097407385,40.4973888245541,13.4929467380239));
#6851=CARTESIAN_POINT('Ctrl Pts',(27.6847762051209,38.7290949405714,13.6189082150825));
#6852=CARTESIAN_POINT('Ctrl Pts',(32.4682807160397,34.8007744815491,13.8407526562924));
#6853=CARTESIAN_POINT('Ctrl Pts',(34.6051540006881,32.6768046942747,13.9372338312118));
#6854=CARTESIAN_POINT('Ctrl Pts',(38.2504466630235,28.2916968093982,14.0641913958852));
#6855=CARTESIAN_POINT('Ctrl Pts',(39.7915623006797,26.0788710344064,14.0999905252959));
#6856=CARTESIAN_POINT('Ctrl Pts',(41.1356707081226,23.7509283059189,14.0999999981113));
#6857=CARTESIAN_POINT('',(2.90853614797496E-15,47.5,-13.7));
#6858=CARTESIAN_POINT('',(2.90853614797496E-15,47.5,0.));
#6859=CARTESIAN_POINT('Origin',(0.,0.,-13.7));
#6860=CARTESIAN_POINT('Origin',(0.,0.,-13.7));
#6861=CARTESIAN_POINT('',(7.84983366253142E-32,1.28197512425571E-15,-13.7));
#6862=CARTESIAN_POINT('',(0.,0.,-13.7));
#6863=CARTESIAN_POINT('',(8.90625,-5.1420258349701,-13.7));
#6864=CARTESIAN_POINT('',(44.8843882284502,15.5448285084707,-13.6999999997797));
#6865=CARTESIAN_POINT('Origin',(0.,0.,-13.7));
#6866=CARTESIAN_POINT('Origin',(0.,0.,-13.7));
#6867=CARTESIAN_POINT('Origin',(0.,0.,0.));
#6868=CARTESIAN_POINT('Ctrl Pts',(35.9044105000333,31.0986061849257,-13.6999999995594));
#6869=CARTESIAN_POINT('Ctrl Pts',(35.9376017530324,31.0602857417005,-13.8375514406701));
#6870=CARTESIAN_POINT('Ctrl Pts',(35.9728459295076,31.0194714887828,-13.9740238156547));
#6871=CARTESIAN_POINT('Ctrl Pts',(36.3337997037119,30.5998603253647,-15.285131228321));
#6872=CARTESIAN_POINT('Ctrl Pts',(36.8136713545466,30.0288896253933,-16.3567939349067));
#6873=CARTESIAN_POINT('Ctrl Pts',(37.8701909190409,28.684998986265,-18.0488971505472));
#6874=CARTESIAN_POINT('Ctrl Pts',(38.5176965923632,27.8213633140743,-18.7833460406716));
#6875=CARTESIAN_POINT('Ctrl Pts',(39.851064662347,25.8753522223739,-19.7589869236018));
#6876=CARTESIAN_POINT('Ctrl Pts',(40.5348978091247,24.7914975149837,-20.));
#6877=CARTESIAN_POINT('Ctrl Pts',(41.737515550397,22.7085024850163,-20.));
#6878=CARTESIAN_POINT('Ctrl Pts',(42.3342446876194,21.5743582542619,-19.7589869236018));
#6879=CARTESIAN_POINT('Ctrl Pts',(43.3528556940864,19.4466220872107,-18.7833460406716));
#6880=CARTESIAN_POINT('Ctrl Pts',(43.7770332891568,18.4540478889237,-18.0488971505472));
#6881=CARTESIAN_POINT('Ctrl Pts',(44.4126169403029,16.8671297869121,-16.3567939349068));
#6882=CARTESIAN_POINT('Ctrl Pts',(44.6671562458774,16.1660633967477,-15.285131228321));
#6883=CARTESIAN_POINT('Ctrl Pts',(44.8500732860069,15.6436626769858,-13.9740238156547));
#6884=CARTESIAN_POINT('Ctrl Pts',(44.8677973776325,15.592733198364,-13.8375514406701));
#6885=CARTESIAN_POINT('Ctrl Pts',(44.8843882284502,15.5448285084707,-13.6999999995594));
#6886=CARTESIAN_POINT('Origin',(64.8763042894819,-37.4563517455605,-10.1446929450314));
#6887=CARTESIAN_POINT('',(64.546913315136,-37.2661777778532,8.74430728697821));
#6888=CARTESIAN_POINT('Ctrl Pts',(41.1362066797608,-23.75,12.8760226223596));
#6889=CARTESIAN_POINT('Ctrl Pts',(41.6213849004307,-24.0301177763087,12.8188841518426));
#6890=CARTESIAN_POINT('Ctrl Pts',(42.1067981334103,-24.3103712370303,12.7597849746512));
#6891=CARTESIAN_POINT('Ctrl Pts',(50.0094003992337,-28.872940782502,11.7664507792465));
#6892=CARTESIAN_POINT('Ctrl Pts',(57.1420186287864,-32.9909598373684,10.4300576617524));
#6893=CARTESIAN_POINT('Ctrl Pts',(64.546913315136,-37.2661777778532,8.74430728697821));
#6894=CARTESIAN_POINT('',(7.84983366253142E-32,1.28197512425571E-15,-33.7));
#6895=CARTESIAN_POINT('',(0.,0.,-23.7));
#6896=CARTESIAN_POINT('',(41.7723444425305,-24.1172743085767,-33.7));
#6897=CARTESIAN_POINT('',(38.2552470336014,-22.0866771727654,-33.7));
#6898=CARTESIAN_POINT('',(64.546913315136,-37.2661777778532,-29.6443072869782));
#6899=CARTESIAN_POINT('Ctrl Pts',(64.546913315136,-37.2661777778532,-29.6443072869782));
#6900=CARTESIAN_POINT('Ctrl Pts',(60.7215427538799,-35.057599054562,-30.5151663782189));
#6901=CARTESIAN_POINT('Ctrl Pts',(56.9358735727597,-32.8719419337793,-31.3002945180262));
#6902=CARTESIAN_POINT('Ctrl Pts',(49.3230860935529,-28.4766970333758,-32.6671825705859));
#6903=CARTESIAN_POINT('Ctrl Pts',(45.563622389302,-26.306169651718,-33.2403365043153));
#6904=CARTESIAN_POINT('Ctrl Pts',(41.7723444425305,-24.1172743085767,-33.7));
#6905=CARTESIAN_POINT('Ctrl Pts',(64.546913315136,-37.2661777778532,8.74430728697821));
#6906=CARTESIAN_POINT('Ctrl Pts',(64.9313513798456,-37.488133198,-4.06127451128575));
#6907=CARTESIAN_POINT('Ctrl Pts',(64.9313513798456,-37.488133198,-16.8387254887147));
#6908=CARTESIAN_POINT('Ctrl Pts',(64.546913315136,-37.2661777778532,-29.6443072869782));
#6909=CARTESIAN_POINT('Origin',(2.66453525910038E-14,-26.8680103998811,
-33.7));
#6910=CARTESIAN_POINT('',(3.78719196887447E-15,48.2345486171535,-33.7));
#6911=CARTESIAN_POINT('',(-1.645244873688E-15,-26.8688878268164,-33.7));
#6912=CARTESIAN_POINT('',(26.9999378706484,48.234735806834,-33.6999999998624));
#6913=CARTESIAN_POINT('Ctrl Pts',(4.62086965913322E-15,48.2345486171535,
-33.7));
#6914=CARTESIAN_POINT('Ctrl Pts',(0.0189367641170997,48.2345486184314,-33.7));
#6915=CARTESIAN_POINT('Ctrl Pts',(0.0378735295556937,48.2345486199855,-33.7));
#6916=CARTESIAN_POINT('Ctrl Pts',(9.03794275933648,48.2345494899177,-33.7));
#6917=CARTESIAN_POINT('Ctrl Pts',(18.0188107086693,48.2346124914864,-33.7));
#6918=CARTESIAN_POINT('Ctrl Pts',(26.999937872162,48.2347358042123,-33.7));
#6919=CARTESIAN_POINT('',(125.962364132663,81.8267854807369,-33.7));
#6920=CARTESIAN_POINT('Ctrl Pts',(26.999937872162,48.2347358042123,-33.7));
#6921=CARTESIAN_POINT('Ctrl Pts',(45.639267196428,50.2099670327964,-33.7));
#6922=CARTESIAN_POINT('Ctrl Pts',(69.7732328380851,58.0185692100003,-33.7000000003365));
#6923=CARTESIAN_POINT('Ctrl Pts',(109.536684981176,74.5786076806203,-33.7000000003365));
#6924=CARTESIAN_POINT('Ctrl Pts',(117.848588711327,78.1969242001951,-33.7));
#6925=CARTESIAN_POINT('Ctrl Pts',(125.962364132663,81.8267854807369,-33.7));
#6926=CARTESIAN_POINT('',(133.845257002669,68.1732145192631,-33.7));
#6927=CARTESIAN_POINT('',(135.720905456526,64.9244961000445,-33.7));
#6928=CARTESIAN_POINT('',(55.2724754873597,-0.734735804212407,-33.7));
#6929=CARTESIAN_POINT('Ctrl Pts',(133.845257002669,68.173214519263,-33.7));
#6930=CARTESIAN_POINT('Ctrl Pts',(113.701656650143,53.5929222074137,-33.7));
#6931=CARTESIAN_POINT('Ctrl Pts',(95.8627044017003,39.8243329453471,-33.7));
#6932=CARTESIAN_POINT('Ctrl Pts',(69.6516225194816,16.4600469972012,-33.7));
#6933=CARTESIAN_POINT('Ctrl Pts',(61.2357597971389,7.45823991245992,-33.7));
#6934=CARTESIAN_POINT('Ctrl Pts',(55.2724754873597,-0.73473580421239,-33.7));
#6935=CARTESIAN_POINT('Ctrl Pts',(55.2724754873597,-0.734735804212413,-33.7));
#6936=CARTESIAN_POINT('Ctrl Pts',(50.7723249787023,-8.52897312277113,-33.7));
#6937=CARTESIAN_POINT('Ctrl Pts',(46.2723823152452,-16.3229788623412,-33.7));
#6938=CARTESIAN_POINT('Ctrl Pts',(41.7723444425305,-24.1172743085766,-33.7));
#6939=CARTESIAN_POINT('Origin',(0.,0.,0.));
#6940=CARTESIAN_POINT('Ctrl Pts',(44.8843882284502,15.5448285084707,-13.6999999995594));
#6941=CARTESIAN_POINT('Ctrl Pts',(45.0121521802503,15.1759208160461,-12.6407345112981));
#6942=CARTESIAN_POINT('Ctrl Pts',(45.0712234582845,14.9944928548245,-11.5144605437425));
#6943=CARTESIAN_POINT('Ctrl Pts',(45.0712234582845,14.9944928548245,-10.45));
#6944=CARTESIAN_POINT('Ctrl Pts',(64.5341212580455,-37.2883342706672,8.74430728697822));
#6945=CARTESIAN_POINT('Ctrl Pts',(66.5078852820074,-33.8696746990136,8.74430728697822));
#6946=CARTESIAN_POINT('Ctrl Pts',(68.4816493059693,-30.45101512736,8.74430728697822));
#6947=CARTESIAN_POINT('Ctrl Pts',(70.4554133299312,-27.0323555557064,8.74430728697822));
#6948=CARTESIAN_POINT('Ctrl Pts',(61.3548740805372,-35.4766869249032,9.46571892705831));
#6949=CARTESIAN_POINT('Ctrl Pts',(63.6891152319471,-31.4511370647291,9.46393716451218));
#6950=CARTESIAN_POINT('Ctrl Pts',(66.0247231460185,-27.4267491761071,9.4619850666719));
#6951=CARTESIAN_POINT('Ctrl Pts',(68.3589642974285,-23.401199315933,9.46020330412576));
#6952=CARTESIAN_POINT('Ctrl Pts',(57.1908434209969,-33.0900523901094,10.3410897471298));
#6953=CARTESIAN_POINT('Ctrl Pts',(59.9933273302322,-28.2663080999075,10.3385605229888));
#6954=CARTESIAN_POINT('Ctrl Pts',(62.7946527769282,-23.4413178616776,10.3362668903117));
#6955=CARTESIAN_POINT('Ctrl Pts',(65.5971366861635,-18.6175735714756,10.3337376661707));
#6956=CARTESIAN_POINT('Ctrl Pts',(50.9827282790828,-29.4921168651128,11.4726975728609));
#6957=CARTESIAN_POINT('Ctrl Pts',(54.4661940378715,-23.4633900525588,11.4724338309202));
#6958=CARTESIAN_POINT('Ctrl Pts',(57.9501186399923,-17.4348162823134,11.4721485215869));
#6959=CARTESIAN_POINT('Ctrl Pts',(61.433584398781,-11.4060894697594,11.4718847796462));
#6960=CARTESIAN_POINT('Ctrl Pts',(45.807432398693,-26.4639684051001,12.2992948189942));
#6961=CARTESIAN_POINT('Ctrl Pts',(49.8482616451916,-19.4214410436187,12.3022994829508));
#6962=CARTESIAN_POINT('Ctrl Pts',(53.8885638293343,-12.3791794204528,12.305302009236));
#6963=CARTESIAN_POINT('Ctrl Pts',(57.9293930758329,-5.33665205897136,12.3083066731926));
#6964=CARTESIAN_POINT('Ctrl Pts',(37.5159267970448,-21.6432938402939,13.3523415969698));
#6965=CARTESIAN_POINT('Ctrl Pts',(42.4602000787507,-12.9873301677631,13.3564433329806));
#6966=CARTESIAN_POINT('Ctrl Pts',(47.4066066519147,-4.3303475384997,13.3603999010093));
#6967=CARTESIAN_POINT('Ctrl Pts',(52.3508799336206,4.32561613403105,13.3645016370201));
#6968=CARTESIAN_POINT('Ctrl Pts',(29.0418150672144,-16.7751324454878,13.9815246215365));
#6969=CARTESIAN_POINT('Ctrl Pts',(34.9344203526425,-6.48857352673949,13.9830674189889));
#6970=CARTESIAN_POINT('Ctrl Pts',(40.8248094652078,3.79650513488261,13.9847446572228));
#6971=CARTESIAN_POINT('Ctrl Pts',(46.7174147506359,14.0830640536309,13.9862874546752));
#6972=CARTESIAN_POINT('Ctrl Pts',(22.769442907105,-13.1592313888562,14.098548058332));
#6973=CARTESIAN_POINT('Ctrl Pts',(29.3556329860707,-1.6633768436165,14.0991599548292));
#6974=CARTESIAN_POINT('Ctrl Pts',(35.9468825647334,9.83470263385566,14.0993781889425));
#6975=CARTESIAN_POINT('Ctrl Pts',(42.533072643699,21.3305571790954,14.0999900854397));
#6976=CARTESIAN_POINT('Ctrl Pts',(20.6734541638261,-11.9525955666776,14.0999265706225));
#6977=CARTESIAN_POINT('Ctrl Pts',(27.4945516184289,-0.0520420591002457,
14.0999510464429));
#6978=CARTESIAN_POINT('Ctrl Pts',(34.3156490730317,11.8485114484771,14.0999755222634));
#6979=CARTESIAN_POINT('Ctrl Pts',(41.1367465276345,23.7490649560545,14.0999999980838));
#6980=CARTESIAN_POINT('',(70.4554133299312,-27.0323555557064,8.74430728697822));
#6981=CARTESIAN_POINT('',(58.6384133003408,-47.5,8.74430728697821));
#6982=CARTESIAN_POINT('',(59.2305201013644,-7.59027017429286,11.9857023437641));
#6983=CARTESIAN_POINT('Ctrl Pts',(59.2311964404235,-7.59144162790641,11.9852892264512));
#6984=CARTESIAN_POINT('Ctrl Pts',(60.1974643654483,-9.2650667677734,11.7638665569822));
#6985=CARTESIAN_POINT('Ctrl Pts',(61.1635330750289,-10.9383468563695,11.5264204945845));
#6986=CARTESIAN_POINT('Ctrl Pts',(62.1252054855583,-12.6040123316438,11.2747246584436));
#6987=CARTESIAN_POINT('Ctrl Pts',(62.8214351612418,-13.8099175036648,11.0925024084877));
#6988=CARTESIAN_POINT('Ctrl Pts',(63.5153605424722,-15.0118315206175,10.9028112229084));
#6989=CARTESIAN_POINT('Ctrl Pts',(64.2084188040991,-16.2122436423606,10.7059469360962));
#6990=CARTESIAN_POINT('Ctrl Pts',(66.2875935889797,-19.81348000759,10.1153540756594));
#6991=CARTESIAN_POINT('Ctrl Pts',(68.3589642974285,-23.401199315933,9.46020330412576));
#6992=CARTESIAN_POINT('Ctrl Pts',(70.4554133299312,-27.0323555557064,8.74430728697822));
#6993=CARTESIAN_POINT('Ctrl Pts',(41.1367465312027,23.7490649498742,14.0999999980838));
#6994=CARTESIAN_POINT('Ctrl Pts',(42.5330726460752,21.3305571749797,14.0999900853751));
#6995=CARTESIAN_POINT('Ctrl Pts',(43.9278533472033,18.9147261352093,14.0620892084526));
#6996=CARTESIAN_POINT('Ctrl Pts',(45.3271625794682,16.4910514494262,13.9850064724326));
#6997=CARTESIAN_POINT('Ctrl Pts',(48.1257810463821,11.6437020737309,13.8308410002614));
#6998=CARTESIAN_POINT('Ctrl Pts',(50.9425136378744,6.764978113931,13.5199480914339));
#6999=CARTESIAN_POINT('Ctrl Pts',(53.7409288824426,1.91798072966356,13.0642521338822));
#7000=CARTESIAN_POINT('Ctrl Pts',(55.1401365047268,-0.505517962470166,12.8364041551063));
#7001=CARTESIAN_POINT('Ctrl Pts',(56.5347647902798,-2.92108501072077,12.5723554141495));
#7002=CARTESIAN_POINT('Ctrl Pts',(57.932917197646,-5.34275601700367,12.2730466649618));
#7003=CARTESIAN_POINT('Ctrl Pts',(58.3654654065417,-6.09195149153394,12.180449132185));
#7004=CARTESIAN_POINT('Ctrl Pts',(58.7983509112255,-6.84173117950633,12.084476843116));
#7005=CARTESIAN_POINT('Ctrl Pts',(59.2311964404235,-7.59144162790642,11.9852892264512));
#7006=CARTESIAN_POINT('Ctrl Pts',(118.237894830286,95.2059587739598,-2.81271383059515));
#7007=CARTESIAN_POINT('Ctrl Pts',(82.7642632300539,88.3147577012086,1.03962654192931));
#7008=CARTESIAN_POINT('Ctrl Pts',(47.2906316298222,81.4235566284575,4.89196691445376));
#7009=CARTESIAN_POINT('Ctrl Pts',(11.8170000295904,74.5323555557064,8.74430728697821));
#7010=CARTESIAN_POINT('Ctrl Pts',(118.694115559479,94.4157612915309,-0.025214466888771));
#7011=CARTESIAN_POINT('Ctrl Pts',(83.930234004147,86.295237080339,3.1921343952605));
#7012=CARTESIAN_POINT('Ctrl Pts',(49.1658276729764,78.1756218075623,6.40966655666929));
#7013=CARTESIAN_POINT('Ctrl Pts',(14.4019461176445,70.0550975963704,9.62701541881856));
#7014=CARTESIAN_POINT('Ctrl Pts',(120.111383997652,91.9609803486511,5.21807448146185));
#7015=CARTESIAN_POINT('Ctrl Pts',(86.6514816965157,81.5818978171768,7.24102670897361));
#7016=CARTESIAN_POINT('Ctrl Pts',(53.1916024718215,71.2027753161322,9.26443802495116));
#7017=CARTESIAN_POINT('Ctrl Pts',(19.7317001706851,60.823692784658,11.2873902524629));
#7018=CARTESIAN_POINT('Ctrl Pts',(123.481367222589,86.1239981824062,11.0948046652485));
#7019=CARTESIAN_POINT('Ctrl Pts',(91.6943181073223,72.8474489394016,11.7796147257967));
#7020=CARTESIAN_POINT('Ctrl Pts',(59.9073392119433,59.5707780719842,12.4635447501139));
#7021=CARTESIAN_POINT('Ctrl Pts',(28.1202900966769,46.2942288289797,13.148354810662));
#7022=CARTESIAN_POINT('Ctrl Pts',(127.668454166893,78.8717508591632,14.2289104819421));
#7023=CARTESIAN_POINT('Ctrl Pts',(97.3681702034616,63.0200488342569,14.1992547807742));
#7024=CARTESIAN_POINT('Ctrl Pts',(67.0679134972328,47.1682995984917,14.170477353783));
#7025=CARTESIAN_POINT('Ctrl Pts',(36.7676295338017,31.3165975735854,14.140821652615));
#7026=CARTESIAN_POINT('Ctrl Pts',(132.139257434439,71.1280924491282,14.231500503013));
#7027=CARTESIAN_POINT('Ctrl Pts',(103.261139649054,52.8131263470396,14.2018679001504));
#7028=CARTESIAN_POINT('Ctrl Pts',(74.3829302586712,34.4983189094621,14.1712744288167));
#7029=CARTESIAN_POINT('Ctrl Pts',(45.5048124732866,16.1833528073736,14.1416418259541));
#7030=CARTESIAN_POINT('Ctrl Pts',(136.325597364943,63.8771389917402,11.0923846981879));
#7031=CARTESIAN_POINT('Ctrl Pts',(108.934253918556,42.987004195118,11.7771634619357));
#7032=CARTESIAN_POINT('Ctrl Pts',(81.5432588024287,22.0962660727889,12.4628097240117));
#7033=CARTESIAN_POINT('Ctrl Pts',(54.1519153560416,1.20613127616666,13.1475884877595));
#7034=CARTESIAN_POINT('Ctrl Pts',(139.69664309239,58.0383165171655,5.21957048612501));
#7035=CARTESIAN_POINT('Ctrl Pts',(113.978135839254,34.2507444410909,7.24258430444138));
#7036=CARTESIAN_POINT('Ctrl Pts',(88.2593489942965,10.4636566322586,9.26485016895656));
#7037=CARTESIAN_POINT('Ctrl Pts',(62.5408417411614,-13.3239154438161,11.2878639872729));
#7038=CARTESIAN_POINT('Ctrl Pts',(141.113505575853,55.584238708469,-0.0252144668887311));
#7039=CARTESIAN_POINT('Ctrl Pts',(116.698990532341,29.5380858726518,3.19210014111911));
#7040=CARTESIAN_POINT('Ctrl Pts',(92.2849822853884,3.49105523944685,6.40970081081073));
#7041=CARTESIAN_POINT('Ctrl Pts',(67.8704672418771,-22.5550975963704,9.62701541881857));
#7042=CARTESIAN_POINT('Ctrl Pts',(141.569726305046,54.7940412260402,-2.81271383059511));
#7043=CARTESIAN_POINT('Ctrl Pts',(117.864955313341,27.5185756321246,1.03962654192934));
#7044=CARTESIAN_POINT('Ctrl Pts',(94.1601843216361,0.243110038209076,4.89196691445378));
#7045=CARTESIAN_POINT('Ctrl Pts',(70.4554133299312,-27.0323555557065,8.74430728697822));
#7046=CARTESIAN_POINT('',(11.8170000295905,74.5323555557064,8.74430728697821));
#7047=CARTESIAN_POINT('',(23.0418959493729,55.0902655129707,11.985702960471));
#7048=CARTESIAN_POINT('Ctrl Pts',(11.8170000295905,74.5323555557064,8.74430728697821));
#7049=CARTESIAN_POINT('Ctrl Pts',(14.4019461176445,70.0550975963704,9.62701541881856));
#7050=CARTESIAN_POINT('Ctrl Pts',(17.0668231441648,65.4393951905142,10.4572028356407));
#7051=CARTESIAN_POINT('Ctrl Pts',(19.7973599784236,60.7099666616397,11.1824573037517));
#7052=CARTESIAN_POINT('Ctrl Pts',(20.8692257390004,58.8534407054271,11.4671542257343));
#7053=CARTESIAN_POINT('Ctrl Pts',(21.9512092584287,56.9793902768252,11.7356816475737));
#7054=CARTESIAN_POINT('Ctrl Pts',(23.0419474216875,55.0901763603065,11.9856310949556));
#7055=CARTESIAN_POINT('Ctrl Pts',(23.0419474216875,55.0901763603065,11.9856310949556));
#7056=CARTESIAN_POINT('Ctrl Pts',(24.7298228132708,52.1666904252391,12.3724182594526));
#7057=CARTESIAN_POINT('Ctrl Pts',(26.4386624016371,49.2068934362035,12.7147179131045));
#7058=CARTESIAN_POINT('Ctrl Pts',(28.1634150151991,46.219534279027,13.0036051912877));
#7059=CARTESIAN_POINT('Ctrl Pts',(31.0027365757185,41.3016850771816,13.479177091313));
#7060=CARTESIAN_POINT('Ctrl Pts',(33.8851830547601,36.3091413253835,13.809999371964));
#7061=CARTESIAN_POINT('Ctrl Pts',(36.7826034508617,31.2906619884491,13.975547207846));
#7062=CARTESIAN_POINT('Ctrl Pts',(38.2311354535741,28.7817309633617,14.0583109443675));
#7063=CARTESIAN_POINT('Ctrl Pts',(39.6834100146917,26.2663176369663,14.0997662336772));
#7064=CARTESIAN_POINT('Ctrl Pts',(41.1356801097565,23.7509120460012,14.0998458746848));
#7065=CARTESIAN_POINT('',(141.569726305046,54.7940412260402,-2.81271383059511));
#7066=CARTESIAN_POINT('',(141.569726305046,54.7940412260402,-2.81271383059511));
#7067=CARTESIAN_POINT('',(118.237894830286,95.2059587739598,-2.81271383059514));
#7068=CARTESIAN_POINT('Origin',(129.903810567666,75.,-10.45));
#7069=CARTESIAN_POINT('',(118.237894830286,95.2059587739598,-2.81271383059514));
#7070=CARTESIAN_POINT('Ctrl Pts',(118.237894830286,95.2059587739598,-18.0872861694049));
#7071=CARTESIAN_POINT('Ctrl Pts',(82.7642632300539,88.3147577012086,-21.9396265419293));
#7072=CARTESIAN_POINT('Ctrl Pts',(47.2906316298222,81.4235566284575,-25.7919669144538));
#7073=CARTESIAN_POINT('Ctrl Pts',(11.8170000295905,74.5323555557064,-29.6443072869782));
#7074=CARTESIAN_POINT('Ctrl Pts',(117.777707068662,96.0030273581132,-15.2755483183443));
#7075=CARTESIAN_POINT('Ctrl Pts',(82.4091440987943,88.92984207929,-17.6379937068398));
#7076=CARTESIAN_POINT('Ctrl Pts',(47.0398368749441,81.8579458861782,-20.0006845948531));
#7077=CARTESIAN_POINT('Ctrl Pts',(11.6712739050763,74.784760607355,-22.3631299833487));
#7078=CARTESIAN_POINT('Ctrl Pts',(117.422569682381,96.6181433548197,-10.061845240821));
#7079=CARTESIAN_POINT('Ctrl Pts',(82.1345770642908,89.4054061331337,-9.88399251704265));
#7080=CARTESIAN_POINT('Ctrl Pts',(46.8468063508439,82.1922845613314,-9.70608784368911));
#7081=CARTESIAN_POINT('Ctrl Pts',(11.5588137327539,74.9795473396454,-9.52823511991077));
#7082=CARTESIAN_POINT('Ctrl Pts',(117.892754009068,95.8037602120748,-4.92151721889062));
#7083=CARTESIAN_POINT('Ctrl Pts',(82.4977630738495,88.7763495119798,-2.18659155040951));
#7084=CARTESIAN_POINT('Ctrl Pts',(47.1026963714234,81.7490700445379,0.54849864077496));
#7085=CARTESIAN_POINT('Ctrl Pts',(11.7077054362049,74.7216593444429,3.28342430925607));
#7086=CARTESIAN_POINT('Ctrl Pts',(118.237894830286,95.2059587739598,-2.81271383059514));
#7087=CARTESIAN_POINT('Ctrl Pts',(82.7642632300539,88.3147577012086,1.03962654192931));
#7088=CARTESIAN_POINT('Ctrl Pts',(47.2906316298222,81.4235566284575,4.89196691445376));
#7089=CARTESIAN_POINT('Ctrl Pts',(11.8170000295905,74.5323555557064,8.74430728697821));
#7090=CARTESIAN_POINT('',(11.8170000295905,74.5323555557064,-29.6443072869782));
#7091=CARTESIAN_POINT('Ctrl Pts',(11.8170000295905,74.5323555557064,-29.6443072869782));
#7092=CARTESIAN_POINT('Ctrl Pts',(11.6712739050763,74.784760607355,-22.3631299833487));
#7093=CARTESIAN_POINT('Ctrl Pts',(11.6070109494635,74.8960673115209,-15.0289043470985));
#7094=CARTESIAN_POINT('Ctrl Pts',(11.6280873818583,74.8595618597708,-7.70226579142653));
#7095=CARTESIAN_POINT('Ctrl Pts',(11.6438947061545,74.8321827709582,-2.20728687467258));
#7096=CARTESIAN_POINT('Ctrl Pts',(11.7077054362049,74.7216593444429,3.28342430925607));
#7097=CARTESIAN_POINT('Ctrl Pts',(11.8170000295905,74.5323555557064,8.74430728697821));
#7098=CARTESIAN_POINT('',(118.237894830286,95.2059587739598,-18.0872861694049));
#7099=CARTESIAN_POINT('Origin',(129.903810567666,75.,-10.45));
#7100=CARTESIAN_POINT('',(118.237894830286,95.2059587739598,-18.0872861694049));
#7101=CARTESIAN_POINT('Origin',(129.903810567666,75.,-10.45));
#7102=CARTESIAN_POINT('Origin',(129.903810567666,75.,-10.45));
#7103=CARTESIAN_POINT('',(141.569726305046,54.7940412260402,-18.0872861694049));
#7104=CARTESIAN_POINT('Origin',(129.903810567666,75.,-10.45));
#7105=CARTESIAN_POINT('Origin',(129.903810567666,75.,-10.45));
#7106=CARTESIAN_POINT('',(127.603810567666,78.9837168574084,3.6));
#7107=CARTESIAN_POINT('',(127.603810567666,78.9837168574084,-2.080860259262));
#7108=CARTESIAN_POINT('',(127.603810567666,78.9837168574084,-3.425));
#7109=CARTESIAN_POINT('',(132.203810567666,71.0162831425915,-2.080860259262));
#7110=CARTESIAN_POINT('Origin',(129.903810567666,75.,-10.45));
#7111=CARTESIAN_POINT('',(132.203810567666,71.0162831425915,3.6));
#7112=CARTESIAN_POINT('',(132.203810567666,71.0162831425915,-6.265430129631));
#7113=CARTESIAN_POINT('',(131.053810567666,73.0081415712958,3.6));
#7114=CARTESIAN_POINT('Ctrl Pts',(125.962364132663,81.8267854807368,-33.7));
#7115=CARTESIAN_POINT('Ctrl Pts',(95.0451496527948,67.0436384550387,-33.9961111111111));
#7116=CARTESIAN_POINT('Ctrl Pts',(64.127935172927,52.2604914293406,-34.2922222222222));
#7117=CARTESIAN_POINT('Ctrl Pts',(33.2107206930592,37.4773444036424,-34.5883333333333));
#7118=CARTESIAN_POINT('Ctrl Pts',(123.908460209378,85.3842514297312,-32.307251217846));
#7119=CARTESIAN_POINT('Ctrl Pts',(92.2566193183822,71.8735146726883,-32.9187771821924));
#7120=CARTESIAN_POINT('Ctrl Pts',(60.6030846335449,58.365711652637,-33.5357702546382));
#7121=CARTESIAN_POINT('Ctrl Pts',(28.9512437425492,44.8549748955941,-34.1472962189846));
#7122=CARTESIAN_POINT('Ctrl Pts',(120.649746374957,91.028509358275,-27.9208149164378));
#7123=CARTESIAN_POINT('Ctrl Pts',(87.6341665183591,79.8798377779174,-29.5336219452798));
#7124=CARTESIAN_POINT('Ctrl Pts',(54.619017979009,68.7304191341717,-31.14545102803));
#7125=CARTESIAN_POINT('Ctrl Pts',(21.6034381224108,57.5817475538141,-32.758258056872));
#7126=CARTESIAN_POINT('Ctrl Pts',(118.743902960176,94.3295269839474,-21.1789855373681));
#7127=CARTESIAN_POINT('Ctrl Pts',(84.0574367212373,86.0749155114777,-24.3273898648831));
#7128=CARTESIAN_POINT('Ctrl Pts',(49.3705077074295,77.8211055885946,-27.4749410926516));
#7129=CARTESIAN_POINT('Ctrl Pts',(14.6840414684912,69.5664941161249,-30.6233454201666));
#7130=CARTESIAN_POINT('Ctrl Pts',(118.237894830286,95.2059587739598,-18.0872861694049));
#7131=CARTESIAN_POINT('Ctrl Pts',(82.7642632300539,88.3147577012086,-21.9396265419293));
#7132=CARTESIAN_POINT('Ctrl Pts',(47.2906316298222,81.4235566284575,-25.7919669144538));
#7133=CARTESIAN_POINT('Ctrl Pts',(11.8170000295904,74.5323555557064,-29.6443072869782));
#7134=CARTESIAN_POINT('',(23.0418932581573,55.0902701742928,-32.8857023437641));
#7135=CARTESIAN_POINT('Ctrl Pts',(26.9999376941176,48.2347361125943,-33.7000000012104));
#7136=CARTESIAN_POINT('Ctrl Pts',(25.6805698441004,50.519948262697,-33.4600484130744));
#7137=CARTESIAN_POINT('Ctrl Pts',(24.3619906914336,52.8037943489169,-33.188281735117));
#7138=CARTESIAN_POINT('Ctrl Pts',(23.0415379697178,55.0908855519214,-32.885669239581));
#7139=CARTESIAN_POINT('Ctrl Pts',(23.0421167412264,55.0898830902625,-32.8850516173255));
#7140=CARTESIAN_POINT('Ctrl Pts',(22.2545247263045,56.4540324757427,-32.7049164064171));
#7141=CARTESIAN_POINT('Ctrl Pts',(21.471513496054,57.8102477094337,-32.5150674952531));
#7142=CARTESIAN_POINT('Ctrl Pts',(20.6936402472788,59.1575636981609,-32.3162731848664));
#7143=CARTESIAN_POINT('Ctrl Pts',(17.6494971773139,64.4301741608488,-31.5383079787546));
#7144=CARTESIAN_POINT('Ctrl Pts',(14.6840414684913,69.5664941161249,-30.6233454201666));
#7145=CARTESIAN_POINT('Ctrl Pts',(11.8170000295905,74.5323555557064,-29.6443072869782));
#7146=CARTESIAN_POINT('Ctrl Pts',(141.569726305046,54.7940412260402,-2.81271383059511));
#7147=CARTESIAN_POINT('Ctrl Pts',(117.864955313341,27.5185756321246,1.03962654192933));
#7148=CARTESIAN_POINT('Ctrl Pts',(94.1601843216361,0.243110038209089,4.89196691445378));
#7149=CARTESIAN_POINT('Ctrl Pts',(70.4554133299312,-27.0323555557064,8.74430728697822));
#7150=CARTESIAN_POINT('Ctrl Pts',(142.02991406667,53.9969726418867,-5.62445168165576));
#7151=CARTESIAN_POINT('Ctrl Pts',(118.220074444601,26.9034912540432,-3.26200629316018));
#7152=CARTESIAN_POINT('Ctrl Pts',(94.4109790765143,-0.191279219511573,-0.899315405146878));
#7153=CARTESIAN_POINT('Ctrl Pts',(70.6011394544453,-27.284760607355,1.4631299833487));
#7154=CARTESIAN_POINT('Ctrl Pts',(142.385056991449,53.3818470522193,-10.8381551440708));
#7155=CARTESIAN_POINT('Ctrl Pts',(118.494647017603,26.4279176072387,-11.0160078678492));
#7156=CARTESIAN_POINT('Ctrl Pts',(94.6040113544723,-0.525620932435755,-11.1939122781933));
#7157=CARTESIAN_POINT('Ctrl Pts',(70.7136013806257,-27.4795503774164,-11.3717650019716));
#7158=CARTESIAN_POINT('Ctrl Pts',(141.914867126264,54.1962397879251,-15.9784827811094));
#7159=CARTESIAN_POINT('Ctrl Pts',(118.131455469546,27.0569838213534,-18.7134084495905));
#7160=CARTESIAN_POINT('Ctrl Pts',(94.348119580035,-0.0824033778712341,-21.448498640775));
#7161=CARTESIAN_POINT('Ctrl Pts',(70.5647079233168,-27.2216593444429,-24.1834243092561));
#7162=CARTESIAN_POINT('Ctrl Pts',(141.569726305046,54.7940412260402,-18.0872861694049));
#7163=CARTESIAN_POINT('Ctrl Pts',(117.864955313341,27.5185756321246,-21.9396265419293));
#7164=CARTESIAN_POINT('Ctrl Pts',(94.1601843216361,0.243110038209089,-25.7919669144538));
#7165=CARTESIAN_POINT('Ctrl Pts',(70.4554133299312,-27.0323555557064,-29.6443072869782));
#7166=CARTESIAN_POINT('',(70.4554133299312,-27.0323555557064,-29.6443072869782));
#7167=CARTESIAN_POINT('Ctrl Pts',(70.4554133299312,-27.0323555557064,8.74430728697822));
#7168=CARTESIAN_POINT('Ctrl Pts',(70.6011394544454,-27.284760607355,1.46312998334869));
#7169=CARTESIAN_POINT('Ctrl Pts',(70.6654034122627,-27.3960690473901,-5.87109572254864));
#7170=CARTESIAN_POINT('Ctrl Pts',(70.6443268366958,-27.3595633476586,-13.197734268271));
#7171=CARTESIAN_POINT('Ctrl Pts',(70.6285194050206,-27.3321840728601,-18.6927131775627));
#7172=CARTESIAN_POINT('Ctrl Pts',(70.5647079233168,-27.2216593444429,-24.1834243092561));
#7173=CARTESIAN_POINT('Ctrl Pts',(70.4554133299312,-27.0323555557064,-29.6443072869782));
#7174=CARTESIAN_POINT('',(141.569726305046,54.7940412260402,-18.0872861694049));
#7175=CARTESIAN_POINT('Ctrl Pts',(64.546913315136,-37.2661777778532,-29.6443072869782));
#7176=CARTESIAN_POINT('Ctrl Pts',(66.5164133200677,-33.8549037038043,-29.6443072869782));
#7177=CARTESIAN_POINT('Ctrl Pts',(68.4859133249995,-30.4436296297554,-29.6443072869782));
#7178=CARTESIAN_POINT('Ctrl Pts',(70.4554133299312,-27.0323555557064,-29.6443072869782));
#7179=CARTESIAN_POINT('Ctrl Pts',(64.9313513798456,-37.488133198,-16.8387254887147));
#7180=CARTESIAN_POINT('Ctrl Pts',(66.8580157804092,-34.1510525670895,-16.8387254887145));
#7181=CARTESIAN_POINT('Ctrl Pts',(68.7850409725072,-30.8133470269106,-16.8387254887143));
#7182=CARTESIAN_POINT('Ctrl Pts',(70.7117053730709,-27.4762663960001,-16.8387254887141));
#7183=CARTESIAN_POINT('Ctrl Pts',(64.9313513798456,-37.488133198,-4.06127451128575));
#7184=CARTESIAN_POINT('Ctrl Pts',(66.8580157804093,-34.1510525670895,-4.0612745112858));
#7185=CARTESIAN_POINT('Ctrl Pts',(68.7850409725073,-30.8133470269106,-4.06127451128577));
#7186=CARTESIAN_POINT('Ctrl Pts',(70.7117053730709,-27.4762663960001,-4.06127451128581));
#7187=CARTESIAN_POINT('Ctrl Pts',(64.546913315136,-37.2661777778532,8.74430728697821));
#7188=CARTESIAN_POINT('Ctrl Pts',(66.5164133200677,-33.8549037038043,8.74430728697821));
#7189=CARTESIAN_POINT('Ctrl Pts',(68.4859133249995,-30.4436296297554,8.74430728697822));
#7190=CARTESIAN_POINT('Ctrl Pts',(70.4554133299312,-27.0323555557064,8.74430728697822));
#7191=CARTESIAN_POINT('',(58.6384133003408,-47.5,-29.6443072869782));
#7192=CARTESIAN_POINT('Ctrl Pts',(27.0567897563239,48.1362654523379,-33.7103198224023));
#7193=CARTESIAN_POINT('Ctrl Pts',(18.0378598375493,48.1690265072763,-33.7068798816016));
#7194=CARTESIAN_POINT('Ctrl Pts',(9.01892991877465,48.2017875622148,-33.7034399408008));
#7195=CARTESIAN_POINT('Ctrl Pts',(1.33226762955019E-14,48.2345486171533,
-33.7));
#7196=CARTESIAN_POINT('Ctrl Pts',(25.6001374348296,50.6592612821291,-33.4464144018246));
#7197=CARTESIAN_POINT('Ctrl Pts',(17.0643824794382,50.6866002042336,-33.4432195980346));
#7198=CARTESIAN_POINT('Ctrl Pts',(8.52902309265626,50.7132543405882,-33.4400627070616));
#7199=CARTESIAN_POINT('Ctrl Pts',(-0.00673186273515316,50.7405932626927,
-33.4368679032716));
#7200=CARTESIAN_POINT('Ctrl Pts',(23.4166708700874,54.4411363088906,-32.9923621444824));
#7201=CARTESIAN_POINT('Ctrl Pts',(15.6035424126432,54.4561729252284,-32.9902187487065));
#7202=CARTESIAN_POINT('Ctrl Pts',(7.7902366287011,54.4715103989999,-32.9880209940764));
#7203=CARTESIAN_POINT('Ctrl Pts',(-0.0228918287430794,54.4865470153377,
-32.9858775983005));
#7204=CARTESIAN_POINT('Ctrl Pts',(18.3083986006843,63.288923418392,-31.7360752523554));
#7205=CARTESIAN_POINT('Ctrl Pts',(12.1825587883173,63.2719781199991,-31.7384729045262));
#7206=CARTESIAN_POINT('Ctrl Pts',(6.05740688160748,63.2538442394936,-31.7409802616585));
#7207=CARTESIAN_POINT('Ctrl Pts',(-0.0684329307594747,63.2368989411007,
-31.7433779138294));
#7208=CARTESIAN_POINT('Ctrl Pts',(14.7307458811054,69.4855997005395,-30.6392940563868));
#7209=CARTESIAN_POINT('Ctrl Pts',(9.80257960871085,69.4728920936138,-30.6418869817385));
#7210=CARTESIAN_POINT('Ctrl Pts',(4.87482533791423,69.4594271935197,-30.6443664907393));
#7211=CARTESIAN_POINT('Ctrl Pts',(-0.0533409344803427,69.446719586594,-30.646959416091));
#7212=CARTESIAN_POINT('Ctrl Pts',(11.8170000295905,74.5323555557064,-29.6443072869782));
#7213=CARTESIAN_POINT('Ctrl Pts',(7.86973910345745,74.5323555557064,-29.6443072869782));
#7214=CARTESIAN_POINT('Ctrl Pts',(3.9224781773244,74.5323555557064,-29.6443072869782));
#7215=CARTESIAN_POINT('Ctrl Pts',(-0.0247827488086605,74.5323555557064,
-29.6443072869782));
#7216=CARTESIAN_POINT('',(4.44089209850063E-15,74.5323555557064,-29.6443072869782));
#7217=CARTESIAN_POINT('Ctrl Pts',(4.97104484100022E-15,74.5323555557064,
-29.6443072869782));
#7218=CARTESIAN_POINT('Ctrl Pts',(4.70057195458583E-15,70.1151981091235,
-30.515166378219));
#7219=CARTESIAN_POINT('Ctrl Pts',(2.49565167706093E-15,65.7438838675584,
-31.3002945180262));
#7220=CARTESIAN_POINT('Ctrl Pts',(1.95038784278304E-15,56.9533940667517,
-32.6671825705859));
#7221=CARTESIAN_POINT('Ctrl Pts',(3.32531294881462E-15,52.6123393034359,
-33.2403365043153));
#7222=CARTESIAN_POINT('Ctrl Pts',(3.05725058124997E-15,48.2345486171535,
-33.7));
#7223=CARTESIAN_POINT('',(11.8170000295905,74.5323555557064,-29.6443072869782));
#7224=CARTESIAN_POINT('Ctrl Pts',(41.6360788931162,-24.1558667529342,-33.7103448708152));
#7225=CARTESIAN_POINT('Ctrl Pts',(46.1815444245307,-16.3488231033602,-33.7068965805435));
#7226=CARTESIAN_POINT('Ctrl Pts',(50.7270099559452,-8.54177945378632,-33.7034482902717));
#7227=CARTESIAN_POINT('Ctrl Pts',(55.2724754873597,-0.734735804212393,-33.7));
#7228=CARTESIAN_POINT('Ctrl Pts',(46.0055134840849,-26.6506344268137,-33.1840807517522));
#7229=CARTESIAN_POINT('Ctrl Pts',(50.05753552943,-19.6779140401287,-33.1807311570106));
#7230=CARTESIAN_POINT('Ctrl Pts',(54.1059138481614,-12.705220217572,-33.1785715519724));
#7231=CARTESIAN_POINT('Ctrl Pts',(58.1579358935065,-5.73249983088704,-33.1752219572308));
#7232=CARTESIAN_POINT('Ctrl Pts',(53.6356530012838,-30.9606010203687,-31.9941489658044));
#7233=CARTESIAN_POINT('Ctrl Pts',(56.8033849851993,-25.4292851725799,-31.9972768831804));
#7234=CARTESIAN_POINT('Ctrl Pts',(59.9751322008013,-19.8979647511395,-31.9997465699058));
#7235=CARTESIAN_POINT('Ctrl Pts',(63.1428641847168,-14.3666489033507,-32.0028744872818));
#7236=CARTESIAN_POINT('Ctrl Pts',(61.2283294999699,-35.3573891750665,-30.3990851654122));
#7237=CARTESIAN_POINT('Ctrl Pts',(63.5629068878268,-31.2965096370205,-30.4009596913182));
#7238=CARTESIAN_POINT('Ctrl Pts',(65.8936333272913,-27.2356070061981,-30.4029785490136));
#7239=CARTESIAN_POINT('Ctrl Pts',(68.2282107151483,-23.1747274681521,-30.4048530749196));
#7240=CARTESIAN_POINT('Ctrl Pts',(64.5371851348467,-37.2830274803795,-29.6443072869782));
#7241=CARTESIAN_POINT('Ctrl Pts',(66.5099278665415,-33.8661368388218,-29.6443072869782));
#7242=CARTESIAN_POINT('Ctrl Pts',(68.4826705982364,-30.4492461972641,-29.6443072869782));
#7243=CARTESIAN_POINT('Ctrl Pts',(70.4554133299312,-27.0323555557064,-29.6443072869782));
#7244=CARTESIAN_POINT('',(59.2305174101487,-7.59026551297046,-32.885702960471));
#7245=CARTESIAN_POINT('Ctrl Pts',(59.2305341357186,-7.59029448250737,-32.8859269292124));
#7246=CARTESIAN_POINT('Ctrl Pts',(57.9144677084486,-5.31080056434008,-33.1874869324021));
#7247=CARTESIAN_POINT('Ctrl Pts',(56.5973645364997,-3.02951095171451,-33.4590427230909));
#7248=CARTESIAN_POINT('Ctrl Pts',(55.2724754873597,-0.734735804212394,-33.7));
#7249=CARTESIAN_POINT('Ctrl Pts',(70.4554133299312,-27.0323555557064,-29.6443072869782));
#7250=CARTESIAN_POINT('Ctrl Pts',(68.2282107151483,-23.1747274681521,-30.4048530749196));
#7251=CARTESIAN_POINT('Ctrl Pts',(66.0487764878205,-19.3998366546658,-31.0897193945034));
#7252=CARTESIAN_POINT('Ctrl Pts',(63.8877864268803,-15.656892074466,-31.6964007042562));
#7253=CARTESIAN_POINT('Ctrl Pts',(62.3294543216834,-12.9577816931993,-32.133890436254));
#7254=CARTESIAN_POINT('Ctrl Pts',(60.7807134293349,-10.2752837798921,-32.5307229189579));
#7255=CARTESIAN_POINT('Ctrl Pts',(59.2305341357186,-7.59029448250741,-32.8859269292124));
#7256=CARTESIAN_POINT('Ctrl Pts',(141.569726305046,54.7940412260402,-18.0872861694049));
#7257=CARTESIAN_POINT('Ctrl Pts',(117.864955313341,27.5185756321246,-21.9396265419293));
#7258=CARTESIAN_POINT('Ctrl Pts',(94.1601843216361,0.243110038209076,-25.7919669144538));
#7259=CARTESIAN_POINT('Ctrl Pts',(70.4554133299312,-27.0323555557065,-29.6443072869782));
#7260=CARTESIAN_POINT('Ctrl Pts',(141.063718175156,55.6704730160525,-21.1789855373681));
#7261=CARTESIAN_POINT('Ctrl Pts',(116.571781822158,29.7584178218556,-24.3273898648831));
#7262=CARTESIAN_POINT('Ctrl Pts',(92.0803082440288,3.84556107807204,-27.4749410926516));
#7263=CARTESIAN_POINT('Ctrl Pts',(67.5883718910304,-22.0664941161249,-30.6233454201666));
#7264=CARTESIAN_POINT('Ctrl Pts',(139.157879970142,58.9714816181425,-27.9208270192917));
#7265=CARTESIAN_POINT('Ctrl Pts',(112.995057234804,35.9534865318334,-29.5336340481337));
#7266=CARTESIAN_POINT('Ctrl Pts',(86.8317996222091,12.9362446750271,-31.1454548606004));
#7267=CARTESIAN_POINT('Ctrl Pts',(60.6689768868707,-10.081750411282,-32.7582618894424));
#7268=CARTESIAN_POINT('Ctrl Pts',(135.899160925954,64.6157485702687,-32.307251217846));
#7269=CARTESIAN_POINT('Ctrl Pts',(108.372599225013,43.9598186606449,-32.9187771821924));
#7270=CARTESIAN_POINT('Ctrl Pts',(80.8477313179134,23.3009550140296,-33.5357702546382));
#7271=CARTESIAN_POINT('Ctrl Pts',(53.3211696169724,2.6450251044058,-34.1472962189846));
#7272=CARTESIAN_POINT('Ctrl Pts',(133.845257002669,68.1732145192631,-33.7));
#7273=CARTESIAN_POINT('Ctrl Pts',(105.5840688906,48.7896948782945,-33.9961111111111));
#7274=CARTESIAN_POINT('Ctrl Pts',(77.3228807785314,29.406175237326,-34.2922222222222));
#7275=CARTESIAN_POINT('Ctrl Pts',(49.0616926664625,10.0226555963575,-34.5883333333333));
#7276=CARTESIAN_POINT('Origin',(129.903810567666,75.,-10.45));
#7277=CARTESIAN_POINT('',(127.603810567666,78.9837168574084,-2.08086025926201));
#7278=CARTESIAN_POINT('',(132.203810567666,71.0162831425915,-2.080860259262));
#7279=CARTESIAN_POINT('Origin',(132.203810567666,71.0162831425915,-2.080860259262));
#7280=CARTESIAN_POINT('',(132.203810567666,71.0162831425915,3.6));
#7281=CARTESIAN_POINT('Origin',(132.203810567666,71.0162831425915,3.6));
#7282=CARTESIAN_POINT('',(127.603810567666,78.9837168574084,3.6));
#7283=CARTESIAN_POINT('Origin',(127.603810567666,78.9837168574084,3.6));
#7284=CARTESIAN_POINT('Ctrl Pts',(11.8170000295905,74.5323555557064,8.74430728697821));
#7285=CARTESIAN_POINT('Ctrl Pts',(7.86544591559881,74.5323555557064,8.74430728697821));
#7286=CARTESIAN_POINT('Ctrl Pts',(3.91389180160714,74.5323555557064,8.74430728697821));
#7287=CARTESIAN_POINT('Ctrl Pts',(-0.0376623123845299,74.5323555557064,
8.74430728697821));
#7288=CARTESIAN_POINT('Ctrl Pts',(13.2433214656475,72.061894360531,9.23136794021356));
#7289=CARTESIAN_POINT('Ctrl Pts',(8.8170269319577,72.0663465376748,9.23034786993999));
#7290=CARTESIAN_POINT('Ctrl Pts',(4.39492007882485,72.0762067524604,9.22868850559779));
#7291=CARTESIAN_POINT('Ctrl Pts',(-0.0313744548649875,72.0806589296042,
9.22766843532423));
#7292=CARTESIAN_POINT('Ctrl Pts',(17.4613211549382,64.7561045923699,10.5997389574128));
#7293=CARTESIAN_POINT('Ctrl Pts',(11.6357560132406,64.7791574360783,10.5959793054352));
#7294=CARTESIAN_POINT('Ctrl Pts',(5.80778379352292,64.7986447690938,10.5926504135853));
#7295=CARTESIAN_POINT('Ctrl Pts',(-0.0177813481746518,64.8216976128022,
10.5888907616076));
#7296=CARTESIAN_POINT('Ctrl Pts',(22.9514830528896,55.2468652433392,12.0428538240904));
#7297=CARTESIAN_POINT('Ctrl Pts',(15.2690915410532,55.2336484120794,12.0453044762549));
#7298=CARTESIAN_POINT('Ctrl Pts',(7.58690874412171,55.2213994682246,12.0476078974211));
#7299=CARTESIAN_POINT('Ctrl Pts',(-0.0954827677147135,55.2081826369648,
12.0500585495856));
#7300=CARTESIAN_POINT('Ctrl Pts',(28.4678881336856,45.6921713682694,13.0903790001145));
#7301=CARTESIAN_POINT('Ctrl Pts',(18.9235032035262,45.6504575370994,13.0943838260748));
#7302=CARTESIAN_POINT('Ctrl Pts',(9.38131949790242,45.6085980334963,13.0983733648361));
#7303=CARTESIAN_POINT('Ctrl Pts',(-0.163065432256985,45.5668842023263,13.1023781907964));
#7304=CARTESIAN_POINT('Ctrl Pts',(34.1143492087592,35.9122139032819,13.8667019863091));
#7305=CARTESIAN_POINT('Ctrl Pts',(22.6835978238578,35.8702755685309,13.8688702436174));
#7306=CARTESIAN_POINT('Ctrl Pts',(11.2500798008638,35.8295403160988,13.8709765465501));
#7307=CARTESIAN_POINT('Ctrl Pts',(-0.180671584037666,35.7876019813478,13.8731448038585));
#7308=CARTESIAN_POINT('Ctrl Pts',(38.3288517013608,28.6124814574702,14.0999802158388));
#7309=CARTESIAN_POINT('Ctrl Pts',(25.4849214969,28.5691480722596,14.1009291221025));
#7310=CARTESIAN_POINT('Ctrl Pts',(12.647147810941,28.5265633746389,14.10171275415));
#7311=CARTESIAN_POINT('Ctrl Pts',(-0.196782393519906,28.4832299894282,14.1026616604137));
#7312=CARTESIAN_POINT('Ctrl Pts',(41.1356707220635,23.7509283059625,14.0999999981113));
#7313=CARTESIAN_POINT('Ctrl Pts',(27.3552084087767,23.7078513376622,14.0999758491678));
#7314=CARTESIAN_POINT('Ctrl Pts',(13.5747460954899,23.6647743693618,14.0999517002243));
#7315=CARTESIAN_POINT('Ctrl Pts',(-0.205716217796872,23.6216974010615,14.0999275512809));
#7316=CARTESIAN_POINT('',(4.44089209850063E-15,74.5323555557064,8.74430728697821));
#7317=CARTESIAN_POINT('Ctrl Pts',(2.14435578797955E-15,47.5,12.8760226223596));
#7318=CARTESIAN_POINT('Ctrl Pts',(2.17866032179362E-15,48.0602355526173,
12.8188841518426));
#7319=CARTESIAN_POINT('Ctrl Pts',(-6.38381693212382E-12,48.6207424740717,
12.7597849746512));
#7320=CARTESIAN_POINT('Ctrl Pts',(-6.38325493269416E-12,57.7458815650147,
11.7664507792465));
#7321=CARTESIAN_POINT('Ctrl Pts',(3.86355780989924E-15,65.9819196747349,
10.4300576617528));
#7322=CARTESIAN_POINT('Ctrl Pts',(4.38712100654656E-15,74.5323555557064,
8.74430728697821));
#7323=CARTESIAN_POINT('',(11.8170000295905,74.5323555557064,8.74430728697821));
#7324=CARTESIAN_POINT('Ctrl Pts',(11.8170000295905,74.5323555557064,-29.6443072869782));
#7325=CARTESIAN_POINT('Ctrl Pts',(7.87800001972699,74.5323555557064,-29.6443072869782));
#7326=CARTESIAN_POINT('Ctrl Pts',(3.9390000098635,74.5323555557064,-29.6443072869782));
#7327=CARTESIAN_POINT('Ctrl Pts',(4.44089209850063E-15,74.5323555557064,
-29.6443072869782));
#7328=CARTESIAN_POINT('Ctrl Pts',(11.5607079864508,74.976266396,-16.8387254887153));
#7329=CARTESIAN_POINT('Ctrl Pts',(7.70737918532339,74.976266396,-16.8387254887151));
#7330=CARTESIAN_POINT('Ctrl Pts',(3.85332880112741,74.976266396,-16.8387254887149));
#7331=CARTESIAN_POINT('Ctrl Pts',(1.79948648574661E-14,74.976266396,-16.8387254887147));
#7332=CARTESIAN_POINT('Ctrl Pts',(11.5607079864508,74.976266396,-4.0612745112857));
#7333=CARTESIAN_POINT('Ctrl Pts',(7.70737918532337,74.976266396,-4.06127451128575));
#7334=CARTESIAN_POINT('Ctrl Pts',(3.85332880112739,74.9762663960001,-4.06127451128571));
#7335=CARTESIAN_POINT('Ctrl Pts',(4.09394740330526E-15,74.9762663960001,
-4.06127451128575));
#7336=CARTESIAN_POINT('Ctrl Pts',(11.8170000295905,74.5323555557064,8.74430728697821));
#7337=CARTESIAN_POINT('Ctrl Pts',(7.87800001972699,74.5323555557064,8.74430728697821));
#7338=CARTESIAN_POINT('Ctrl Pts',(3.93900000986349,74.5323555557064,8.74430728697821));
#7339=CARTESIAN_POINT('Ctrl Pts',(1.11022302462516E-15,74.5323555557064,
8.74430728697821));
#7340=CARTESIAN_POINT('Ctrl Pts',(1.21430643318377E-14,74.5323555557064,
8.74430728697821));
#7341=CARTESIAN_POINT('Ctrl Pts',(1.49417515397469E-14,74.9762663960001,
-4.06127451128576));
#7342=CARTESIAN_POINT('Ctrl Pts',(2.88657986402541E-14,74.976266396,-16.8387254887147));
#7343=CARTESIAN_POINT('Ctrl Pts',(1.55431223447522E-14,74.5323555557064,
-29.6443072869782));
#7344=CARTESIAN_POINT('Origin',(-1.64529860059239E-15,-26.8697652537517,
-10.1446929450314));
#7345=CARTESIAN_POINT('Origin',(-70.7254079757305,40.8333333333334,25.));
#7346=CARTESIAN_POINT('',(-68.4306240272771,41.825396977458,14.0841524421151));
#7347=CARTESIAN_POINT('',(-68.2253924768016,40.8333601794557,14.0938664688432));
#7348=CARTESIAN_POINT('Ctrl Pts',(-68.4306240272771,41.825396977458,14.0841524421151));
#7349=CARTESIAN_POINT('Ctrl Pts',(-68.3660697199421,41.6760658987433,14.0857137571597));
#7350=CARTESIAN_POINT('Ctrl Pts',(-68.3163934648142,41.5211572692968,14.0873376857027));
#7351=CARTESIAN_POINT('Ctrl Pts',(-68.2820975278163,41.3629049387283,14.0889162099809));
#7352=CARTESIAN_POINT('Ctrl Pts',(-68.2478015908184,41.2046526081598,14.0904947342591));
#7353=CARTESIAN_POINT('Ctrl Pts',(-68.228885942157,41.0430566280727,14.0920273848255));
#7354=CARTESIAN_POINT('Ctrl Pts',(-68.225826909216,40.8803957749441,14.0934125912236));
#7355=CARTESIAN_POINT('Ctrl Pts',(-68.2255320371585,40.8647162640126,14.0935461166444));
#7356=CARTESIAN_POINT('Ctrl Pts',(-68.2253848783841,40.8490414339066,14.0936781567409));
#7357=CARTESIAN_POINT('Ctrl Pts',(-68.2253849285531,40.8333732539852,14.0938086346908));
#7358=CARTESIAN_POINT('Ctrl Pts',(-68.2253849285531,40.8333732539852,14.0938086346908));
#7359=CARTESIAN_POINT('Ctrl Pts',(-68.2253849153724,40.6604681286455,14.0952485125307));
#7360=CARTESIAN_POINT('Ctrl Pts',(-68.2433204996378,40.488370943299,14.0964957947875));
#7361=CARTESIAN_POINT('Ctrl Pts',(-68.2787051086202,40.3198021012101,14.0974629945919));
#7362=CARTESIAN_POINT('Ctrl Pts',(-68.3078226709121,40.1810888611561,14.0982588914906));
#7363=CARTESIAN_POINT('Ctrl Pts',(-68.3487551379841,40.044765862676,14.0988655427353));
#7364=CARTESIAN_POINT('Ctrl Pts',(-68.4012209216956,39.9123670745698,14.0992502628688));
#7365=CARTESIAN_POINT('Ctrl Pts',(-68.4699509301565,39.7389250866106,14.0997542450103));
#7366=CARTESIAN_POINT('Ctrl Pts',(-68.5577110575015,39.5741455980419,14.0998697062993));
#7367=CARTESIAN_POINT('Ctrl Pts',(-68.6626045384714,39.4209495253016,14.0995921489721));
#7368=CARTESIAN_POINT('Ctrl Pts',(-68.7444490789177,39.3014162420539,14.0993755811579));
#7369=CARTESIAN_POINT('Ctrl Pts',(-68.8367243402845,39.1889355050523,14.0989207946151));
#7370=CARTESIAN_POINT('Ctrl Pts',(-68.9385315052376,39.0848910203681,14.0982473552589));
#7371=CARTESIAN_POINT('Ctrl Pts',(-69.0562880115538,38.9645466907374,14.0974684133659));
#7372=CARTESIAN_POINT('Ctrl Pts',(-69.1856180118152,38.8566908288262,14.0964045675084));
#7373=CARTESIAN_POINT('Ctrl Pts',(-69.3243980980444,38.7627856889378,14.0951314440841));
#7374=CARTESIAN_POINT('Ctrl Pts',(-69.4564290877655,38.6734473054836,14.0939202346784));
#7375=CARTESIAN_POINT('Ctrl Pts',(-69.5970132767552,38.5967359039396,14.0925200922056));
#7376=CARTESIAN_POINT('Ctrl Pts',(-69.744341802318,38.5338767090715,14.0910160483572));
#7377=CARTESIAN_POINT('Ctrl Pts',(-69.8951265497902,38.4695428824192,14.0894767207152));
#7378=CARTESIAN_POINT('Ctrl Pts',(-70.0515145531158,38.4203406172534,14.0878444895932));
#7379=CARTESIAN_POINT('Ctrl Pts',(-70.2111809155565,38.3867790947132,14.0862288478595));
#7380=CARTESIAN_POINT('Ctrl Pts',(-70.3708472779972,38.353217572173,14.0846132061258));
#7381=CARTESIAN_POINT('Ctrl Pts',(-70.5337920608532,38.3352966860833,14.0830146763738));
#7382=CARTESIAN_POINT('Ctrl Pts',(-70.6977170924488,38.333479328417,14.0815430973091));
#7383=CARTESIAN_POINT('Ctrl Pts',(-70.8713887493922,38.3315539146222,14.0799840213583));
#7384=CARTESIAN_POINT('Ctrl Pts',(-71.0443777437132,38.3477286122016,14.0785851737437));
#7385=CARTESIAN_POINT('Ctrl Pts',(-71.213912983992,38.3815063236886,14.0774548200089));
#7386=CARTESIAN_POINT('Ctrl Pts',(-71.3633015318698,38.4112700663852,14.0764587916743));
#7387=CARTESIAN_POINT('Ctrl Pts',(-71.5100090205729,38.4547006396692,14.0756712213652));
#7388=CARTESIAN_POINT('Ctrl Pts',(-71.6521531276094,38.5114343653742,14.0751467113336));
#7389=CARTESIAN_POINT('Ctrl Pts',(-71.8169569666295,38.5772122297755,14.0745385871657));
#7390=CARTESIAN_POINT('Ctrl Pts',(-71.9738818228773,38.6601883634718,14.0742924956824));
#7391=CARTESIAN_POINT('Ctrl Pts',(-72.1204213089525,38.7587249828047,14.0744301292446));
#7392=CARTESIAN_POINT('Ctrl Pts',(-72.2473796212753,38.8440947573792,14.0745493716771));
#7393=CARTESIAN_POINT('Ctrl Pts',(-72.3665429258103,38.9411437791867,14.0749559547085));
#7394=CARTESIAN_POINT('Ctrl Pts',(-72.4762787301347,39.0488114304548,14.07563266937));
#7395=CARTESIAN_POINT('Ctrl Pts',(-72.5942439441767,39.164553394579,14.0763601328482));
#7396=CARTESIAN_POINT('Ctrl Pts',(-72.7001532502046,39.2914383079034,14.0773927342991));
#7397=CARTESIAN_POINT('Ctrl Pts',(-72.7926510252222,39.4274511355628,14.0786547225236));
#7398=CARTESIAN_POINT('Ctrl Pts',(-72.8823501588811,39.5593487169394,14.0798785276411));
#7399=CARTESIAN_POINT('Ctrl Pts',(-72.9594371875204,39.6998299781036,14.081317531817));
#7400=CARTESIAN_POINT('Ctrl Pts',(-73.0226565839292,39.8470906804086,14.0828759579237));
#7401=CARTESIAN_POINT('Ctrl Pts',(-73.0875379030278,39.9982225981376,14.084475352212));
#7402=CARTESIAN_POINT('Ctrl Pts',(-73.1371820703031,40.1550313971989,14.0861835712839));
#7403=CARTESIAN_POINT('Ctrl Pts',(-73.1711079316697,40.3151607323794,14.0878731736863));
#7404=CARTESIAN_POINT('Ctrl Pts',(-73.2050337930363,40.4752900675599,14.0895627760887));
#7405=CARTESIAN_POINT('Ctrl Pts',(-73.2232412794955,40.6387400583692,14.0912330222014));
#7406=CARTESIAN_POINT('Ctrl Pts',(-73.2252227506532,40.8032002352263,14.0927571419325));
#7407=CARTESIAN_POINT('Ctrl Pts',(-73.2272598044523,40.9722737171991,14.0943240150493));
#7408=CARTESIAN_POINT('Ctrl Pts',(-73.2121300598353,41.1407158751948,14.0957187134203));
#7409=CARTESIAN_POINT('Ctrl Pts',(-73.1803166148745,41.30596358754,14.096831821082));
#7410=CARTESIAN_POINT('Ctrl Pts',(-73.1503178277872,41.4617854718224,14.0978814364188));
#7411=CARTESIAN_POINT('Ctrl Pts',(-73.1054838804951,41.6147677635782,14.098680473299));
#7412=CARTESIAN_POINT('Ctrl Pts',(-73.0462048205967,41.7627873984999,14.0991673187285));
#7413=CARTESIAN_POINT('Ctrl Pts',(-72.9825367060711,41.9217664896725,14.0996902104648));
#7414=CARTESIAN_POINT('Ctrl Pts',(-72.902856556114,42.0733988126021,14.0998464542503));
#7415=CARTESIAN_POINT('Ctrl Pts',(-72.8086302055937,42.2154297755885,14.0996285442829));
#7416=CARTESIAN_POINT('Ctrl Pts',(-72.7230750681151,42.3443902892602,14.0994306875568));
#7417=CARTESIAN_POINT('Ctrl Pts',(-72.6255274474876,42.4654358480564,14.098925081356));
#7418=CARTESIAN_POINT('Ctrl Pts',(-72.5170870185987,42.5768745787012,14.0981431288764));
#7419=CARTESIAN_POINT('Ctrl Pts',(-72.4001871647372,42.6970066314822,14.0973001763769));
#7420=CARTESIAN_POINT('Ctrl Pts',(-72.2717980477707,42.8047694676538,14.0961450630559));
#7421=CARTESIAN_POINT('Ctrl Pts',(-72.1339916024925,42.8987550529668,14.0947740909858));
#7422=CARTESIAN_POINT('Ctrl Pts',(-71.9995133924458,42.99047074346,14.0934362299761));
#7423=CARTESIAN_POINT('Ctrl Pts',(-71.8560670440111,43.069066980895,14.0918935685575));
#7424=CARTESIAN_POINT('Ctrl Pts',(-71.7055983615446,43.133199981625,14.0902607939527));
#7425=CARTESIAN_POINT('Ctrl Pts',(-71.5551277464298,43.1973338060915,14.0886279983764));
#7426=CARTESIAN_POINT('Ctrl Pts',(-71.399095585533,43.2463796655789,14.0869227469905));
#7427=CARTESIAN_POINT('Ctrl Pts',(-71.2397849109289,43.2798770098404,14.0852714484944));
#7428=CARTESIAN_POINT('Ctrl Pts',(-71.0804742363247,43.313374354102,14.0836201499984));
#7429=CARTESIAN_POINT('Ctrl Pts',(-70.9178850706357,43.3313231439545,14.0820234813394));
#7430=CARTESIAN_POINT('Ctrl Pts',(-70.7543264414477,43.3332178036046,14.0805992719577));
#7431=CARTESIAN_POINT('Ctrl Pts',(-70.5865692394878,43.3351610994317,14.079138502923));
#7432=CARTESIAN_POINT('Ctrl Pts',(-70.4194481053487,43.3202006936986,14.0778750658923));
#7433=CARTESIAN_POINT('Ctrl Pts',(-70.2554431318492,43.2888131340527,14.0768980988161));
#7434=CARTESIAN_POINT('Ctrl Pts',(-70.1005142070898,43.2591625645426,14.0759751971784));
#7435=CARTESIAN_POINT('Ctrl Pts',(-69.9483665355855,43.2148519193479,14.0753078812074));
#7436=CARTESIAN_POINT('Ctrl Pts',(-69.8011058775428,43.1562568644205,14.0749409707509));
#7437=CARTESIAN_POINT('Ctrl Pts',(-69.6342497182311,43.0898647543363,14.0745252367023));
#7438=CARTESIAN_POINT('Ctrl Pts',(-69.4754350506243,43.0058491027141,14.0745005052614));
#7439=CARTESIAN_POINT('Ctrl Pts',(-69.3272677410748,42.905895725937,14.0748564294621));
#7440=CARTESIAN_POINT('Ctrl Pts',(-69.2046794323869,42.8231978930345,14.0751509083583));
#7441=CARTESIAN_POINT('Ctrl Pts',(-69.0893798606262,42.7295896912071,14.0757048239287));
#7442=CARTESIAN_POINT('Ctrl Pts',(-68.9828426284136,42.6260297856579,14.076485770903));
#7443=CARTESIAN_POINT('Ctrl Pts',(-68.8611366803994,42.5077250745314,14.077377908702));
#7444=CARTESIAN_POINT('Ctrl Pts',(-68.7520845612812,42.3776294596343,14.0785568685596));
#7445=CARTESIAN_POINT('Ctrl Pts',(-68.6571847396222,42.2378823042995,14.0799282284205));
#7446=CARTESIAN_POINT('Ctrl Pts',(-68.5690698487224,42.108126471985,14.0812015419253));
#7447=CARTESIAN_POINT('Ctrl Pts',(-68.4931559708248,41.9700497972247,14.0826400401043));
#7448=CARTESIAN_POINT('Ctrl Pts',(-68.4306240272771,41.825396977458,14.0841524421151));
#7449=CARTESIAN_POINT('',(-68.2254079757305,40.8333333333334,3.6));
#7450=CARTESIAN_POINT('',(-68.2254079757305,40.8333333333334,25.));
#7451=CARTESIAN_POINT('Origin',(-70.7254079757305,40.8333333333334,3.6));
#7452=CARTESIAN_POINT('Origin',(-100.314609271699,57.9166666666668,25.));
#7453=CARTESIAN_POINT('',(-98.0301473662464,58.9323535537493,14.0646800165887));
#7454=CARTESIAN_POINT('',(-97.8145788364539,57.9167193824142,14.0865795790501));
#7455=CARTESIAN_POINT('Ctrl Pts',(-98.0301473662464,58.9323535537493,14.0646800165887));
#7456=CARTESIAN_POINT('Ctrl Pts',(-97.9681577504272,58.7929164161425,14.0678940503306));
#7457=CARTESIAN_POINT('Ctrl Pts',(-97.9190847567391,58.6481441630672,14.0712499092443));
#7458=CARTESIAN_POINT('Ctrl Pts',(-97.8835184898287,58.4998552457493,14.0745488290614));
#7459=CARTESIAN_POINT('Ctrl Pts',(-97.8778631634524,58.4762760990389,14.0750733842052));
#7460=CARTESIAN_POINT('Ctrl Pts',(-97.8725492820699,58.452608131228,14.0755965011022));
#7461=CARTESIAN_POINT('Ctrl Pts',(-97.8675791569342,58.428858758934,14.076117386783));
#7462=CARTESIAN_POINT('Ctrl Pts',(-97.8366755300244,58.2811880825073,14.0793561898924));
#7463=CARTESIAN_POINT('Ctrl Pts',(-97.8192086052477,58.1310546852787,14.0824921213817));
#7464=CARTESIAN_POINT('Ctrl Pts',(-97.8153764640007,57.9802963188312,14.085348026977));
#7465=CARTESIAN_POINT('Ctrl Pts',(-97.8149270382686,57.9626156842074,14.0856829617773));
#7466=CARTESIAN_POINT('Ctrl Pts',(-97.8146651198586,57.9449265006985,14.0860140681982));
#7467=CARTESIAN_POINT('Ctrl Pts',(-97.8145910068525,57.9272317698256,14.0863410801563));
#7468=CARTESIAN_POINT('Ctrl Pts',(-97.814576352223,57.9237329274818,14.0864057413989));
#7469=CARTESIAN_POINT('Ctrl Pts',(-97.8145690476921,57.9202344262312,14.086470232307));
#7470=CARTESIAN_POINT('Ctrl Pts',(-97.8145690781888,57.9167362843397,14.0865345509884));
#7471=CARTESIAN_POINT('Ctrl Pts',(-97.8145690781888,57.9167362843397,14.0865345509884));
#7472=CARTESIAN_POINT('Ctrl Pts',(-97.8145702401086,57.7653423236424,14.08931815856));
#7473=CARTESIAN_POINT('Ctrl Pts',(-97.8283184579934,57.6146211853392,14.091776145076));
#7474=CARTESIAN_POINT('Ctrl Pts',(-97.8554676051533,57.4663828118621,14.0937768892608));
#7475=CARTESIAN_POINT('Ctrl Pts',(-97.882732259316,57.3175137530045,14.0957861456822));
#7476=CARTESIAN_POINT('Ctrl Pts',(-97.9235118242596,57.1711491331239,14.0973338272327));
#7477=CARTESIAN_POINT('Ctrl Pts',(-97.977439550869,57.0291501290593,14.0983279491549));
#7478=CARTESIAN_POINT('Ctrl Pts',(-97.9860387478371,57.0065072794159,14.0984864696555));
#7479=CARTESIAN_POINT('Ctrl Pts',(-97.994972232584,56.983975481514,14.0986310071804));
#7480=CARTESIAN_POINT('Ctrl Pts',(-98.0042384883922,56.9615623329951,14.0987612954272));
#7481=CARTESIAN_POINT('Ctrl Pts',(-98.0628077524297,56.8198954461005,14.0995848089247));
#7482=CARTESIAN_POINT('Ctrl Pts',(-98.1341423488666,56.6842530435378,14.0998273420189));
#7483=CARTESIAN_POINT('Ctrl Pts',(-98.2171733636694,56.5562440596423,14.099482793214));
#7484=CARTESIAN_POINT('Ctrl Pts',(-98.3000599760953,56.4284577010101,14.0991388436269));
#7485=CARTESIAN_POINT('Ctrl Pts',(-98.3946019505092,56.3082789403481,14.0982099379853));
#7486=CARTESIAN_POINT('Ctrl Pts',(-98.4997389010389,56.1973032036975,14.0967415060557));
#7487=CARTESIAN_POINT('Ctrl Pts',(-98.5121926269085,56.1841578595016,14.0965675667449));
#7488=CARTESIAN_POINT('Ctrl Pts',(-98.5247950182032,56.1711416295765,14.0963861155668));
#7489=CARTESIAN_POINT('Ctrl Pts',(-98.53754431946,56.1582571535718,14.0961972745765));
#7490=CARTESIAN_POINT('Ctrl Pts',(-98.6439934269027,56.0506794171179,14.094620564256));
#7491=CARTESIAN_POINT('Ctrl Pts',(-98.7597473726304,55.9532308999983,14.0925393444657));
#7492=CARTESIAN_POINT('Ctrl Pts',(-98.8832602903302,55.8669763567358,14.0900744186281));
#7493=CARTESIAN_POINT('Ctrl Pts',(-99.0066180799617,55.7808301462772,14.0876125886545));
#7494=CARTESIAN_POINT('Ctrl Pts',(-99.1377151351534,55.705850204834,14.0847685232217));
#7495=CARTESIAN_POINT('Ctrl Pts',(-99.2750309495167,55.6430634313566,14.0816969102359));
#7496=CARTESIAN_POINT('Ctrl Pts',(-99.289896508994,55.6362662498386,14.0813643830194));
#7497=CARTESIAN_POINT('Ctrl Pts',(-99.3048349720295,55.6296119342797,14.0810292174998));
#7498=CARTESIAN_POINT('Ctrl Pts',(-99.3198444248395,55.6231017609271,14.0806916298169));
#7499=CARTESIAN_POINT('Ctrl Pts',(-99.4593292359224,55.56260186718,14.0775543832586));
#7500=CARTESIAN_POINT('Ctrl Pts',(-99.6037057737206,55.5150875846006,14.0742350292193));
#7501=CARTESIAN_POINT('Ctrl Pts',(-99.7511168601357,55.4809793642317,14.0709261706497));
#7502=CARTESIAN_POINT('Ctrl Pts',(-99.9002315330743,55.4464769652024,14.0675790725758));
#7503=CARTESIAN_POINT('Ctrl Pts',(-100.052451317365,55.4256922463374,14.064243543403));
#7504=CARTESIAN_POINT('Ctrl Pts',(-100.205880399425,55.4190145053894,14.0611205100384));
#7505=CARTESIAN_POINT('Ctrl Pts',(-100.231937800672,55.4178804011311,14.0605901142855));
#7506=CARTESIAN_POINT('Ctrl Pts',(-100.258030142664,55.4171530857167,14.0600658333606));
#7507=CARTESIAN_POINT('Ctrl Pts',(-100.284148211934,55.416834339148,14.0595486271571));
#7508=CARTESIAN_POINT('Ctrl Pts',(-100.438030402138,55.4149563511691,14.056501356604));
#7509=CARTESIAN_POINT('Ctrl Pts',(-100.591465691252,55.4272881148181,14.0537291415127));
#7510=CARTESIAN_POINT('Ctrl Pts',(-100.74251582853,55.4535272176877,14.0514018629755));
#7511=CARTESIAN_POINT('Ctrl Pts',(-100.880833082779,55.4775544759759,14.0492707641036));
#7512=CARTESIAN_POINT('Ctrl Pts',(-101.0171508017,55.5132424600134,14.0475128971302));
#7513=CARTESIAN_POINT('Ctrl Pts',(-101.149993157417,55.560337453745,14.0462294720231));
#7514=CARTESIAN_POINT('Ctrl Pts',(-101.288441192239,55.6094197610929,14.0448918889686));
#7515=CARTESIAN_POINT('Ctrl Pts',(-101.422070463618,55.6705290109561,14.0440812205944));
#7516=CARTESIAN_POINT('Ctrl Pts',(-101.549389299262,55.7428490525282,14.0438465307196));
#7517=CARTESIAN_POINT('Ctrl Pts',(-101.654542624266,55.8025785717092,14.0436526990642));
#7518=CARTESIAN_POINT('Ctrl Pts',(-101.755391645419,55.8699549006541,14.0438509518909));
#7519=CARTESIAN_POINT('Ctrl Pts',(-101.851095981341,55.9445182873331,14.0444420478433));
#7520=CARTESIAN_POINT('Ctrl Pts',(-101.964988313781,56.0332519684325,14.0451454777983));
#7521=CARTESIAN_POINT('Ctrl Pts',(-102.070780257371,56.131535831854,14.046401555897));
#7522=CARTESIAN_POINT('Ctrl Pts',(-102.167384198873,56.2381723895304,14.0481415791807));
#7523=CARTESIAN_POINT('Ctrl Pts',(-102.253578187208,56.3333178884146,14.0496940991327));
#7524=CARTESIAN_POINT('Ctrl Pts',(-102.332457641282,56.4351129545711,14.0516310906108));
#7525=CARTESIAN_POINT('Ctrl Pts',(-102.403241861686,56.5427211360766,14.05387274672));
#7526=CARTESIAN_POINT('Ctrl Pts',(-102.486820192147,56.6697792869317,14.0565195778075));
#7527=CARTESIAN_POINT('Ctrl Pts',(-102.558447445938,56.8039402464853,14.0595700138837));
#7528=CARTESIAN_POINT('Ctrl Pts',(-102.617402814647,56.9434445589244,14.0628305602247));
#7529=CARTESIAN_POINT('Ctrl Pts',(-102.676358183356,57.0829488713634,14.0660911065656));
#7530=CARTESIAN_POINT('Ctrl Pts',(-102.72264170904,57.2277964638465,14.0695608314347));
#7531=CARTESIAN_POINT('Ctrl Pts',(-102.75550933849,57.3762681417286,14.073021674285));
#7532=CARTESIAN_POINT('Ctrl Pts',(-102.789119206722,57.5280927062948,14.0765606722022));
#7533=CARTESIAN_POINT('Ctrl Pts',(-102.808402936124,57.6823659873516,14.0800561339819));
#7534=CARTESIAN_POINT('Ctrl Pts',(-102.813329639672,57.8370507184689,14.0832741450152));
#7535=CARTESIAN_POINT('Ctrl Pts',(-102.818152079796,57.9884618692916,14.0864240535445));
#7536=CARTESIAN_POINT('Ctrl Pts',(-102.80921846608,58.1402677089411,14.0893071454093));
#7537=CARTESIAN_POINT('Ctrl Pts',(-102.78647914836,58.2905934203662,14.0917317368009));
#7538=CARTESIAN_POINT('Ctrl Pts',(-102.783019131146,58.3134669980061,14.0921006629076));
#7539=CARTESIAN_POINT('Ctrl Pts',(-102.779239439283,58.3363063678455,14.0924590420803));
#7540=CARTESIAN_POINT('Ctrl Pts',(-102.775139860786,58.3591049892704,14.0928062771889));
#7541=CARTESIAN_POINT('Ctrl Pts',(-102.749800078865,58.5000248656489,14.0949525617239));
#7542=CARTESIAN_POINT('Ctrl Pts',(-102.712461091338,58.6381743099659,14.0966505664667));
#7543=CARTESIAN_POINT('Ctrl Pts',(-102.663699399261,58.7720841258141,14.0978080297306));
#7544=CARTESIAN_POINT('Ctrl Pts',(-102.615608591231,58.9041515536016,14.0989495681239));
#7545=CARTESIAN_POINT('Ctrl Pts',(-102.556407000706,59.0320956143404,14.0995651569115));
#7546=CARTESIAN_POINT('Ctrl Pts',(-102.486642286356,59.1545162289596,14.0996161312078));
#7547=CARTESIAN_POINT('Ctrl Pts',(-102.464767316891,59.1929016395737,14.0996321143762));
#7548=CARTESIAN_POINT('Ctrl Pts',(-102.441853799199,59.2307440538979,14.09959296813));
#7549=CARTESIAN_POINT('Ctrl Pts',(-102.417918560386,59.2680004078246,14.0994985542497));
#7550=CARTESIAN_POINT('Ctrl Pts',(-102.340954436166,59.3877987801745,14.0991949649824));
#7551=CARTESIAN_POINT('Ctrl Pts',(-102.254079186768,59.5005199872579,14.0983186677364));
#7552=CARTESIAN_POINT('Ctrl Pts',(-102.158357301761,59.6050555968997,14.0969284416875));
#7553=CARTESIAN_POINT('Ctrl Pts',(-102.060700078747,59.711704743466,14.09551010757));
#7554=CARTESIAN_POINT('Ctrl Pts',(-101.953834619313,59.8098343911211,14.0935570960378));
#7555=CARTESIAN_POINT('Ctrl Pts',(-101.838899295772,59.8982536475828,14.0911836723));
#7556=CARTESIAN_POINT('Ctrl Pts',(-101.813931119388,59.9174615596767,14.090668077436));
#7557=CARTESIAN_POINT('Ctrl Pts',(-101.788582149389,59.9362111553111,14.0901328235924));
#7558=CARTESIAN_POINT('Ctrl Pts',(-101.762864123362,59.9544901092604,14.0895793729622));
#7559=CARTESIAN_POINT('Ctrl Pts',(-101.636595711972,60.0442347294208,14.0868620830821));
#7560=CARTESIAN_POINT('Ctrl Pts',(-101.50258458759,60.1218108050194,14.0837288499541));
#7561=CARTESIAN_POINT('Ctrl Pts',(-101.362638286557,60.1864334095325,14.0803960357132));
#7562=CARTESIAN_POINT('Ctrl Pts',(-101.221426610649,60.2516403225944,14.0770330866322));
#7563=CARTESIAN_POINT('Ctrl Pts',(-101.074171739205,60.3036588112207,14.0734681051695));
#7564=CARTESIAN_POINT('Ctrl Pts',(-100.922754828091,60.3416406448899,14.0699432222626));
#7565=CARTESIAN_POINT('Ctrl Pts',(-100.901650897696,60.3469344127269,14.0694519370886));
#7566=CARTESIAN_POINT('Ctrl Pts',(-100.880466157346,60.3519554372433,14.0689614448489));
#7567=CARTESIAN_POINT('Ctrl Pts',(-100.859205740445,60.3567013522472,14.068472409985));
#7568=CARTESIAN_POINT('Ctrl Pts',(-100.712771239368,60.3893895962728,14.0651041046203));
#7569=CARTESIAN_POINT('Ctrl Pts',(-100.563988577689,60.4087546621613,14.0618356314378));
#7570=CARTESIAN_POINT('Ctrl Pts',(-100.414658393426,60.4147391463328,14.0588646823461));
#7571=CARTESIAN_POINT('Ctrl Pts',(-100.265328209163,60.4207236305043,14.0558937332544));
#7572=CARTESIAN_POINT('Ctrl Pts',(-100.115450596626,60.4133273696089,14.0532210748582));
#7573=CARTESIAN_POINT('Ctrl Pts',(-99.9668472160936,60.3924565484436,14.051011561764));
#7574=CARTESIAN_POINT('Ctrl Pts',(-99.8241374370973,60.3724134628469,14.0488896778321));
#7575=CARTESIAN_POINT('Ctrl Pts',(-99.6836591377838,60.3400974524206,14.04721128738));
#7576=CARTESIAN_POINT('Ctrl Pts',(-99.5469427392144,60.295989044152,14.0460594105389));
#7577=CARTESIAN_POINT('Ctrl Pts',(-99.4285538347464,60.2577935812273,14.0450619483564));
#7578=CARTESIAN_POINT('Ctrl Pts',(-99.312986125762,60.2107549517061,14.0444586128854));
#7579=CARTESIAN_POINT('Ctrl Pts',(-99.2012390168233,60.1551754059822,14.0442738231959));
#7580=CARTESIAN_POINT('Ctrl Pts',(-99.0682605952401,60.0890360639191,14.0440539245206));
#7581=CARTESIAN_POINT('Ctrl Pts',(-98.9416642250945,60.0112917903284,14.044429293189));
#7582=CARTESIAN_POINT('Ctrl Pts',(-98.8228762034181,59.9229687428456,14.0453637519636));
#7583=CARTESIAN_POINT('Ctrl Pts',(-98.7242094858848,59.849606588525,14.0461399243306));
#7584=CARTESIAN_POINT('Ctrl Pts',(-98.6309299865004,59.7689457713357,14.0473006908363));
#7585=CARTESIAN_POINT('Ctrl Pts',(-98.5438529878767,59.6815779008376,14.0487983760048));
#7586=CARTESIAN_POINT('Ctrl Pts',(-98.4346333472802,59.5719934231191,14.0506769046451));
#7587=CARTESIAN_POINT('Ctrl Pts',(-98.3360518856259,59.4527505382442,14.0530701688345));
#7588=CARTESIAN_POINT('Ctrl Pts',(-98.2492389789648,59.3254722573116,14.0558187937251));
#7589=CARTESIAN_POINT('Ctrl Pts',(-98.1647089785658,59.201540994648,14.0584951384305));
#7590=CARTESIAN_POINT('Ctrl Pts',(-98.0913369154076,59.0699910511547,14.0615074646531));
#7591=CARTESIAN_POINT('Ctrl Pts',(-98.0301473662464,58.9323535537493,14.0646800165887));
#7592=CARTESIAN_POINT('',(-97.8146092716988,57.9166666666668,3.6));
#7593=CARTESIAN_POINT('',(-97.8146092716988,57.9166666666668,25.));
#7594=CARTESIAN_POINT('Origin',(-100.314609271699,57.9166666666668,3.6));
#7595=CARTESIAN_POINT('Origin',(-10.4254231743548,33.4112339136949,-35.));
#7596=CARTESIAN_POINT('',(-12.9254231743548,33.4112339136949,-33.7));
#7597=CARTESIAN_POINT('Origin',(-10.4254231743548,33.4112339136949,-33.7));
#7598=CARTESIAN_POINT('',(-12.9254231743548,33.4112339136949,-13.7));
#7599=CARTESIAN_POINT('',(-12.9254231743548,33.4112339136949,-35.));
#7600=CARTESIAN_POINT('Origin',(-10.4254231743548,33.4112339136949,-13.7));
#7601=CARTESIAN_POINT('Origin',(-34.1476889282212,-7.67693564265303,-35.));
#7602=CARTESIAN_POINT('',(-36.6476889282212,-7.67693564265303,-33.7));
#7603=CARTESIAN_POINT('Origin',(-34.1476889282212,-7.67693564265303,-33.7));
#7604=CARTESIAN_POINT('',(-36.6476889282212,-7.67693564265303,-13.7));
#7605=CARTESIAN_POINT('',(-36.6476889282212,-7.67693564265303,-35.));
#7606=CARTESIAN_POINT('Origin',(-34.1476889282212,-7.67693564265303,-13.7));
#7607=CARTESIAN_POINT('Origin',(-28.8230813107651,-0.656374594267473,12.876));
#7608=CARTESIAN_POINT('',(-28.8230813107651,-0.656374594267473,-13.7));
#7609=CARTESIAN_POINT('',(-46.5269931094384,9.56498364840594,-13.7));
#7610=CARTESIAN_POINT('',(-18.1565350874868,-6.81470792760082,-13.7));
#7611=CARTESIAN_POINT('',(-28.8230813107651,-0.656374594267473,7.876));
#7612=CARTESIAN_POINT('',(-28.8230813107651,-0.656374594267473,12.876));
#7613=CARTESIAN_POINT('',(-46.5269931094384,9.56498364840594,7.876));
#7614=CARTESIAN_POINT('',(-33.5638640636971,2.08071760430733,7.876));
#7615=CARTESIAN_POINT('',(-46.5269931094384,9.56498364840594,0.));
#7616=CARTESIAN_POINT('Origin',(-26.1080924465567,4.0461240605253,12.876));
#7617=CARTESIAN_POINT('',(-26.1080924465567,4.0461240605253,-13.7));
#7618=CARTESIAN_POINT('',(-23.7205924465567,8.18139536359599,-13.7));
#7619=CARTESIAN_POINT('',(-26.1080924465567,4.0461240605253,7.876));
#7620=CARTESIAN_POINT('',(-26.1080924465567,4.0461240605253,12.876));
#7621=CARTESIAN_POINT('',(-26.7868396626088,2.8704993968271,7.876));
#7622=CARTESIAN_POINT('Origin',(-36.9471523845248,7.16905913027853,7.876));
#7623=CARTESIAN_POINT('',(-45.0712234582845,14.9944928548245,7.876));
#7624=CARTESIAN_POINT('',(-40.3304407053526,12.2574006562497,7.876));
#7625=CARTESIAN_POINT('Origin',(0.,0.,7.876));
#7626=CARTESIAN_POINT('Origin',(-45.0712234582845,14.9944928548245,12.876));
#7627=CARTESIAN_POINT('',(-45.0712234582845,14.9944928548245,-13.7));
#7628=CARTESIAN_POINT('',(-24.9231117291423,3.36197512434156,-13.7));
#7629=CARTESIAN_POINT('',(-45.0712234582845,14.9944928548245,-10.45));
#7630=CARTESIAN_POINT('',(-45.0712234582845,14.9944928548245,0.));
#7631=CARTESIAN_POINT('',(-45.0712234582845,14.9944928548245,0.));
#7632=CARTESIAN_POINT('Origin',(0.,0.,0.));
#7633=CARTESIAN_POINT('',(-44.884388228397,15.5448285086242,-13.7));
#7634=CARTESIAN_POINT('Origin',(0.,0.,-13.7));
#7635=CARTESIAN_POINT('Ctrl Pts',(-45.0712234582845,14.9944928548245,-10.45));
#7636=CARTESIAN_POINT('Ctrl Pts',(-45.0712234582845,14.9944928548245,-11.5144605438901));
#7637=CARTESIAN_POINT('Ctrl Pts',(-45.0121521802334,15.1759208160988,-12.6407345116097));
#7638=CARTESIAN_POINT('Ctrl Pts',(-44.884388228397,15.5448285086241,-13.7));
#7639=CARTESIAN_POINT('Origin',(-16.5580924465567,20.5872092728081,12.876));
#7640=CARTESIAN_POINT('',(-16.5580924465567,20.5872092728081,-13.7));
#7641=CARTESIAN_POINT('',(-35.5212234582845,31.5355780671073,-13.7));
#7642=CARTESIAN_POINT('',(-5.89154622327833,14.4288759394747,-13.7));
#7643=CARTESIAN_POINT('',(-16.5580924465567,20.5872092728081,7.876));
#7644=CARTESIAN_POINT('',(-16.5580924465567,20.5872092728081,12.876));
#7645=CARTESIAN_POINT('',(-35.5212234582845,31.5355780671073,7.876));
#7646=CARTESIAN_POINT('',(-21.2988751994886,23.3243014713829,7.876));
#7647=CARTESIAN_POINT('',(-35.5212234582845,31.5355780671073,-10.45));
#7648=CARTESIAN_POINT('',(-35.5212234582845,31.5355780671073,0.));
#7649=CARTESIAN_POINT('',(-35.5212234582845,31.5355780671073,0.));
#7650=CARTESIAN_POINT('Origin',(-13.5580924465567,25.7833616955147,12.876));
#7651=CARTESIAN_POINT('',(-13.5580924465567,25.7833616955147,-13.7));
#7652=CARTESIAN_POINT('',(-17.4455924465567,19.0500141810907,-13.7));
#7653=CARTESIAN_POINT('',(-13.5580924465567,25.7833616955147,7.876));
#7654=CARTESIAN_POINT('',(-13.5580924465567,25.7833616955147,12.876));
#7655=CARTESIAN_POINT('',(-14.3080924465567,24.484323589838,7.876));
#7656=CARTESIAN_POINT('Origin',(-24.5396579524206,28.659469881311,7.876));
#7657=CARTESIAN_POINT('',(-31.094469059919,35.9079934538501,7.876));
#7658=CARTESIAN_POINT('',(-27.0670635061698,33.5827697732572,7.876));
#7659=CARTESIAN_POINT('Origin',(0.,0.,7.876));
#7660=CARTESIAN_POINT('Origin',(-31.094469059919,35.9079934538501,12.876));
#7661=CARTESIAN_POINT('',(-31.094469059919,35.9079934538501,-13.7));
#7662=CARTESIAN_POINT('',(-11.6597345299595,24.6873442413491,-13.7));
#7663=CARTESIAN_POINT('',(-31.094469059919,35.9079934538501,0.));
#7664=CARTESIAN_POINT('Origin',(0.,0.,0.));
#7665=CARTESIAN_POINT('',(-43.2428565197886,19.6546523756838,-2.080860259262));
#7666=CARTESIAN_POINT('Ctrl Pts',(-43.2428565197888,19.6546523756835,-2.08086025926221));
#7667=CARTESIAN_POINT('Ctrl Pts',(-43.5782590203456,18.9167221426411,-2.52429064460739));
#7668=CARTESIAN_POINT('Ctrl Pts',(-43.8640461157116,18.2367952435512,-3.08275557266219));
#7669=CARTESIAN_POINT('Ctrl Pts',(-44.4126169403029,16.8671297869122,-4.54320606509326));
#7670=CARTESIAN_POINT('Ctrl Pts',(-44.6671562458773,16.1660633967477,-5.61486877167899));
#7671=CARTESIAN_POINT('Ctrl Pts',(-44.9952788470125,15.2289638084219,-7.96677635944125));
#7672=CARTESIAN_POINT('Ctrl Pts',(-45.0712234582845,14.9944928548245,-9.24731340866145));
#7673=CARTESIAN_POINT('Ctrl Pts',(-45.0712234582845,14.9944928548245,-10.45));
#7674=CARTESIAN_POINT('',(-43.2428565197886,19.6546523756838,3.6));
#7675=CARTESIAN_POINT('',(-43.2428565197886,19.6546523756838,0.));
#7676=CARTESIAN_POINT('',(-38.6428565197886,27.6220860905006,3.6));
#7677=CARTESIAN_POINT('Origin',(0.,0.,3.6));
#7678=CARTESIAN_POINT('',(-38.6428565197886,27.6220860905006,-2.080860259262));
#7679=CARTESIAN_POINT('',(-38.6428565197886,27.6220860905006,0.));
#7680=CARTESIAN_POINT('Ctrl Pts',(-35.5212234582845,31.5355780671073,-10.45));
#7681=CARTESIAN_POINT('Ctrl Pts',(-35.5212234582845,31.5355780671073,-9.24731340866145));
#7682=CARTESIAN_POINT('Ctrl Pts',(-35.6863089549134,31.3525726276665,-7.96677635944125));
#7683=CARTESIAN_POINT('Ctrl Pts',(-36.3337997037119,30.5998603253647,-5.61486877167899));
#7684=CARTESIAN_POINT('Ctrl Pts',(-36.8136713545465,30.0288896253933,-4.54320606509326));
#7685=CARTESIAN_POINT('Ctrl Pts',(-37.7255510223863,28.8689806272027,-3.0827555726621));
#7686=CARTESIAN_POINT('Ctrl Pts',(-38.1714914420317,28.2815182929969,-2.52429064460722));
#7687=CARTESIAN_POINT('Ctrl Pts',(-38.6428565197886,27.6220860905006,-2.08086025926201));
#7688=CARTESIAN_POINT('',(2.90853614797496E-15,47.5,-13.7));
#7689=CARTESIAN_POINT('Origin',(0.,0.,-13.7));
#7690=CARTESIAN_POINT('',(-4.62886963400331E-12,47.5,12.8760226223596));
#7691=CARTESIAN_POINT('',(2.90853614797496E-15,47.5,0.));
#7692=CARTESIAN_POINT('',(-41.135666828319,23.7509350501258,14.0999999980838));
#7693=CARTESIAN_POINT('Ctrl Pts',(-41.135666817692,23.75093504399,14.0999999980838));
#7694=CARTESIAN_POINT('Ctrl Pts',(-40.114245737268,25.5199953848594,14.0999927472092));
#7695=CARTESIAN_POINT('Ctrl Pts',(-38.9776692699788,27.2249846429859,14.0793469068522));
#7696=CARTESIAN_POINT('Ctrl Pts',(-35.8455420196201,31.3206912853634,13.9877840795993));
#7697=CARTESIAN_POINT('Ctrl Pts',(-33.7227844405009,33.5954454731738,13.8969998169224));
#7698=CARTESIAN_POINT('Ctrl Pts',(-29.1346369879133,37.6362409811934,13.687306616484));
#7699=CARTESIAN_POINT('Ctrl Pts',(-26.6913900281564,39.4066199328261,13.5699699600842));
#7700=CARTESIAN_POINT('Ctrl Pts',(-20.1544107298511,43.2548585389213,13.2830934750756));
#7701=CARTESIAN_POINT('Ctrl Pts',(-15.8957920480011,44.9948010512657,13.121114690924));
#7702=CARTESIAN_POINT('Ctrl Pts',(-7.6979632488085,47.0314854691747,12.9251549084704));
#7703=CARTESIAN_POINT('Ctrl Pts',(-3.8521698189503,47.5000000000084,12.8760226483393));
#7704=CARTESIAN_POINT('Ctrl Pts',(1.03023145570091E-10,47.5,12.8760226223596));
#7705=CARTESIAN_POINT('',(-41.1367426409247,23.7490716880334,14.0999999981113));
#7706=CARTESIAN_POINT('Ctrl Pts',(-41.1367332497651,23.7490879539988,14.0998458746848));
#7707=CARTESIAN_POINT('Ctrl Pts',(-41.1363746426139,23.7497090798047,14.0998458943505));
#7708=CARTESIAN_POINT('Ctrl Pts',(-41.1360160354629,23.7503302056101,14.0998459114933));
#7709=CARTESIAN_POINT('Ctrl Pts',(-41.1356574283123,23.7509513314149,14.0998459261133));
#7710=CARTESIAN_POINT('',(-41.1362066797585,-23.750000000004,12.8760226223596));
#7711=CARTESIAN_POINT('Ctrl Pts',(-41.1362066798123,-23.7499999999108,12.8760226223596));
#7712=CARTESIAN_POINT('Ctrl Pts',(-42.2606766434254,-21.802360891338,12.8760226071923));
#7713=CARTESIAN_POINT('Ctrl Pts',(-43.247928534441,-19.7729893215284,12.8924697635733));
#7714=CARTESIAN_POINT('Ctrl Pts',(-46.1232114804446,-12.6012437278738,13.0020708469656));
#7715=CARTESIAN_POINT('Ctrl Pts',(-47.2654582869663,-7.21590883469027,13.1734732096586));
#7716=CARTESIAN_POINT('Ctrl Pts',(-47.5852723793691,1.42533180396273,13.4929467380239));
#7717=CARTESIAN_POINT('Ctrl Pts',(-47.3827681866747,4.61117202143573,13.6189082150825));
#7718=CARTESIAN_POINT('Ctrl Pts',(-46.3724951304146,10.7179686765205,13.8407526562924));
#7719=CARTESIAN_POINT('Ctrl Pts',(-45.6015199800884,13.6305401193314,13.9372338312118));
#7720=CARTESIAN_POINT('Ctrl Pts',(-43.6265514846178,18.980010111581,14.0641913958852));
#7721=CARTESIAN_POINT('Ctrl Pts',(-42.480745968154,21.4210682914566,14.0999905252959));
#7722=CARTESIAN_POINT('Ctrl Pts',(-41.13674263045,23.7490716819862,14.0999999981113));
#7723=CARTESIAN_POINT('',(-41.1362066797608,-23.75,-13.7));
#7724=CARTESIAN_POINT('',(-41.1362066797608,-23.75,0.));
#7725=CARTESIAN_POINT('Origin',(0.,0.,-13.7));
#7726=CARTESIAN_POINT('Origin',(0.,0.,0.));
#7727=CARTESIAN_POINT('',(-35.9044105001396,31.098606184803,-13.7));
#7728=CARTESIAN_POINT('Ctrl Pts',(-44.884388228397,15.5448285086242,-13.7));
#7729=CARTESIAN_POINT('Ctrl Pts',(-44.8677973775946,15.5927331984728,-13.8375514409616));
#7730=CARTESIAN_POINT('Ctrl Pts',(-44.8500732859867,15.6436626770433,-13.974023815799));
#7731=CARTESIAN_POINT('Ctrl Pts',(-44.6671562458773,16.1660633967477,-15.285131228321));
#7732=CARTESIAN_POINT('Ctrl Pts',(-44.4126169403029,16.8671297869122,-16.3567939349067));
#7733=CARTESIAN_POINT('Ctrl Pts',(-43.7770332891567,18.4540478889237,-18.0488971505472));
#7734=CARTESIAN_POINT('Ctrl Pts',(-43.3528556940864,19.4466220872107,-18.7833460406716));
#7735=CARTESIAN_POINT('Ctrl Pts',(-42.3342446876194,21.5743582542619,-19.7589869236018));
#7736=CARTESIAN_POINT('Ctrl Pts',(-41.737515550397,22.7085024850163,-20.));
#7737=CARTESIAN_POINT('Ctrl Pts',(-40.5348978091246,24.7914975149837,-20.));
#7738=CARTESIAN_POINT('Ctrl Pts',(-39.8510646623469,25.8753522223739,-19.7589869236018));
#7739=CARTESIAN_POINT('Ctrl Pts',(-38.5176965923632,27.8213633140743,-18.7833460406716));
#7740=CARTESIAN_POINT('Ctrl Pts',(-37.8701909190409,28.684998986265,-18.0488971505472));
#7741=CARTESIAN_POINT('Ctrl Pts',(-36.8136713545465,30.0288896253933,-16.3567939349067));
#7742=CARTESIAN_POINT('Ctrl Pts',(-36.3337997037119,30.5998603253647,-15.285131228321));
#7743=CARTESIAN_POINT('Ctrl Pts',(-35.9728459295473,31.0194714887367,-13.974023815799));
#7744=CARTESIAN_POINT('Ctrl Pts',(-35.9376017531077,31.0602857416134,-13.8375514409616));
#7745=CARTESIAN_POINT('Ctrl Pts',(-35.9044105001396,31.098606184803,-13.7));
#7746=CARTESIAN_POINT('Origin',(0.,0.,-13.7));
#7747=CARTESIAN_POINT('Origin',(0.,0.,-13.7));
#7748=CARTESIAN_POINT('',(0.,0.,-13.7));
#7749=CARTESIAN_POINT('',(-8.90625,-5.1420258349701,-13.7));
#7750=CARTESIAN_POINT('',(0.,0.,-13.7));
#7751=CARTESIAN_POINT('Origin',(0.,0.,-13.7));
#7752=CARTESIAN_POINT('Origin',(-64.8415659289414,-37.4362955437512,-10.1446929450314));
#7753=CARTESIAN_POINT('',(0.,0.,-33.7));
#7754=CARTESIAN_POINT('',(-41.7723444425304,-24.1172743085767,-33.7));
#7755=CARTESIAN_POINT('',(-8.90625,-5.1420258349701,-33.7));
#7756=CARTESIAN_POINT('',(-1.11022302462516E-15,-1.11022302462516E-15,-23.7));
#7757=CARTESIAN_POINT('',(-64.546913315136,-37.2661777778532,8.74430728697821));
#7758=CARTESIAN_POINT('Ctrl Pts',(-64.546913315136,-37.2661777778532,8.7443072869782));
#7759=CARTESIAN_POINT('Ctrl Pts',(-57.1403469618204,-32.9899946999956,10.4304382226292));
#7760=CARTESIAN_POINT('Ctrl Pts',(-50.0062270141494,-28.8711086277767,11.7670434472572));
#7761=CARTESIAN_POINT('Ctrl Pts',(-42.1035825615338,-24.3085147257491,12.7601764506259));
#7762=CARTESIAN_POINT('Ctrl Pts',(-41.6197778722299,-24.0291899581444,12.8190734083458));
#7763=CARTESIAN_POINT('Ctrl Pts',(-41.1362066797608,-23.75,12.8760226223596));
#7764=CARTESIAN_POINT('',(-64.546913315136,-37.2661777778532,-29.6443072869782));
#7765=CARTESIAN_POINT('Ctrl Pts',(-64.546913315136,-37.2661777778532,-29.6443072869782));
#7766=CARTESIAN_POINT('Ctrl Pts',(-64.9313513798456,-37.488133198,-16.8387254887147));
#7767=CARTESIAN_POINT('Ctrl Pts',(-64.9313513798456,-37.488133198,-4.06127451128576));
#7768=CARTESIAN_POINT('Ctrl Pts',(-64.546913315136,-37.2661777778532,8.74430728697821));
#7769=CARTESIAN_POINT('Ctrl Pts',(-41.7723444425304,-24.1172743085767,-33.7));
#7770=CARTESIAN_POINT('Ctrl Pts',(-45.5636792103,-26.3062024573365,-33.2403296152032));
#7771=CARTESIAN_POINT('Ctrl Pts',(-49.3231983692409,-28.4767618557745,-32.6671654469627));
#7772=CARTESIAN_POINT('Ctrl Pts',(-56.9359851416755,-32.8720063481229,-31.3002713920903));
#7773=CARTESIAN_POINT('Ctrl Pts',(-60.7215994449616,-35.0576317851732,-30.5151534722944));
#7774=CARTESIAN_POINT('Ctrl Pts',(-64.546913315136,-37.2661777778532,-29.6443072869782));
#7775=CARTESIAN_POINT('Ctrl Pts',(-20.3541170153534,-11.9890298029562,14.0999275512289));
#7776=CARTESIAN_POINT('Ctrl Pts',(-27.2816588893884,-0.0763293039582935,
14.0999517001897));
#7777=CARTESIAN_POINT('Ctrl Pts',(-34.2092007634233,11.8363711950396,14.0999758491505));
#7778=CARTESIAN_POINT('Ctrl Pts',(-41.1367426374582,23.7490716940375,14.0999999981113));
#7779=CARTESIAN_POINT('Ctrl Pts',(-22.4614563377163,-13.200543616188,14.1012946067829));
#7780=CARTESIAN_POINT('Ctrl Pts',(-29.1559309902168,-1.69553704995958,14.1004956548809));
#7781=CARTESIAN_POINT('Ctrl Pts',(-35.845677495309,9.81328855205526,14.1007890588771));
#7782=CARTESIAN_POINT('Ctrl Pts',(-42.5401521478095,21.3182951182836,14.099990106975));
#7783=CARTESIAN_POINT('Ctrl Pts',(-28.7794146446467,-16.8245272627038,13.9907773302726));
#7784=CARTESIAN_POINT('Ctrl Pts',(-34.7647028205507,-6.53329813831052,13.9898321990712));
#7785=CARTESIAN_POINT('Ctrl Pts',(-40.7528624258488,3.75591938156494,13.9882329072525));
#7786=CARTESIAN_POINT('Ctrl Pts',(-46.7381506017528,14.0471485059582,13.9872877760512));
#7787=CARTESIAN_POINT('Ctrl Pts',(-39.3914743545852,-22.951006691932,13.2118217792316));
#7788=CARTESIAN_POINT('Ctrl Pts',(-44.2057270228986,-14.7162661044196,13.2061327358437));
#7789=CARTESIAN_POINT('Ctrl Pts',(-49.0207707895691,-6.47973644322716,13.2003212740104));
#7790=CARTESIAN_POINT('Ctrl Pts',(-53.8350234578825,1.75500414428523,13.1946322306226));
#7791=CARTESIAN_POINT('Ctrl Pts',(-51.9565164036502,-30.0448621621365,11.4135592467921));
#7792=CARTESIAN_POINT('Ctrl Pts',(-55.3229330598576,-24.1888928234454,11.4143317019748));
#7793=CARTESIAN_POINT('Ctrl Pts',(-58.6860816032093,-18.33404906058,11.415720525753));
#7794=CARTESIAN_POINT('Ctrl Pts',(-62.0524982594167,-12.478079721889,11.4164929809357));
#7795=CARTESIAN_POINT('Ctrl Pts',(-60.2879016489876,-34.8362159230748,9.71102957836356));
#7796=CARTESIAN_POINT('Ctrl Pts',(-62.722301098782,-30.5884134970954,9.71432847237262));
#7797=CARTESIAN_POINT('Ctrl Pts',(-65.1683710080228,-26.3392355913349,9.71512969943984));
#7798=CARTESIAN_POINT('Ctrl Pts',(-67.6027704578172,-22.0914331653556,9.7184285934489));
#7799=CARTESIAN_POINT('Ctrl Pts',(-64.5280779077798,-37.2988016603755,8.74430728697821));
#7800=CARTESIAN_POINT('Ctrl Pts',(-66.5038563818303,-33.8766529588192,8.74430728697821));
#7801=CARTESIAN_POINT('Ctrl Pts',(-68.4796348558808,-30.4545042572628,8.74430728697821));
#7802=CARTESIAN_POINT('Ctrl Pts',(-70.4554133299313,-27.0323555557064,8.7443072869782));
#7803=CARTESIAN_POINT('',(-59.2305174101488,-7.59026551297063,11.985702960471));
#7804=CARTESIAN_POINT('Ctrl Pts',(-59.2306781895338,-7.59054399103417,11.9859377351415));
#7805=CARTESIAN_POINT('Ctrl Pts',(-57.4242015086688,-4.46163459708767,12.4004267460005));
#7806=CARTESIAN_POINT('Ctrl Pts',(-55.6154368243227,-1.328762264864,12.7582936382159));
#7807=CARTESIAN_POINT('Ctrl Pts',(-53.7852280202456,1.84125237225746,13.0568067980938));
#7808=CARTESIAN_POINT('Ctrl Pts',(-50.9962743154306,6.67186188895442,13.511694448794));
#7809=CARTESIAN_POINT('Ctrl Pts',(-48.1575251729788,11.5887196336236,13.8287566669655));
#7810=CARTESIAN_POINT('Ctrl Pts',(-45.3454983681867,16.4592929317691,13.9845339978777));
#7811=CARTESIAN_POINT('Ctrl Pts',(-43.9394849669482,18.8945795788367,14.0624226632696));
#7812=CARTESIAN_POINT('Ctrl Pts',(-42.5401521501138,21.3182951142925,14.0999901069132));
#7813=CARTESIAN_POINT('Ctrl Pts',(-41.1367426409247,23.7490716880334,14.0999999981113));
#7814=CARTESIAN_POINT('',(-70.4554133299312,-27.0323555557064,8.74430728697821));
#7815=CARTESIAN_POINT('Ctrl Pts',(-70.4554133299312,-27.0323555557064,8.74430728697821));
#7816=CARTESIAN_POINT('Ctrl Pts',(-67.6027704578171,-22.0914331653556,9.7184285934489));
#7817=CARTESIAN_POINT('Ctrl Pts',(-64.8276343586169,-17.2847564436223,10.5674607871923));
#7818=CARTESIAN_POINT('Ctrl Pts',(-62.0704871754278,-12.5092374383933,11.2883334256785));
#7819=CARTESIAN_POINT('Ctrl Pts',(-61.1226762462243,-10.8675807530437,11.5361442678007));
#7820=CARTESIAN_POINT('Ctrl Pts',(-60.176991146953,-9.22960611314516,11.768809927272));
#7821=CARTESIAN_POINT('Ctrl Pts',(-59.2306781895337,-7.59054399103416,11.9859377351415));
#7822=CARTESIAN_POINT('',(-58.6384133003408,-47.5,8.74430728697822));
#7823=CARTESIAN_POINT('Origin',(0.,0.,0.));
#7824=CARTESIAN_POINT('Ctrl Pts',(-35.9044105001396,31.098606184803,-13.7));
#7825=CARTESIAN_POINT('Ctrl Pts',(-35.6488090426793,31.3937068590439,-12.6407345116097));
#7826=CARTESIAN_POINT('Ctrl Pts',(-35.5212234582845,31.5355780671073,-11.5144605438901));
#7827=CARTESIAN_POINT('Ctrl Pts',(-35.5212234582845,31.5355780671073,-10.45));
#7828=CARTESIAN_POINT('Origin',(-1.64529860059239E-15,-26.8697652537517,
-10.1446929450314));
#7829=CARTESIAN_POINT('',(3.78719196887447E-15,48.2345486171535,-33.7));
#7830=CARTESIAN_POINT('',(-1.645244873688E-15,-26.8688878268164,-33.7));
#7831=CARTESIAN_POINT('',(4.44089209850063E-15,74.5323555557064,-29.6443072869782));
#7832=CARTESIAN_POINT('Ctrl Pts',(4.97104484100022E-15,74.5323555557064,
-29.6443072869782));
#7833=CARTESIAN_POINT('Ctrl Pts',(4.70057195458583E-15,70.1151981091235,
-30.515166378219));
#7834=CARTESIAN_POINT('Ctrl Pts',(2.49565167706093E-15,65.7438838675584,
-31.3002945180262));
#7835=CARTESIAN_POINT('Ctrl Pts',(1.95038784278304E-15,56.9533940667517,
-32.6671825705859));
#7836=CARTESIAN_POINT('Ctrl Pts',(3.32531294881462E-15,52.6123393034359,
-33.2403365043153));
#7837=CARTESIAN_POINT('Ctrl Pts',(3.05725058124997E-15,48.2345486171535,
-33.7));
#7838=CARTESIAN_POINT('',(4.44089209850063E-15,74.5323555557064,8.74430728697821));
#7839=CARTESIAN_POINT('Ctrl Pts',(1.12052588903736E-14,74.5323555557064,
8.74430728697821));
#7840=CARTESIAN_POINT('Ctrl Pts',(1.39516417913972E-14,74.9762663960001,
-4.06127451128575));
#7841=CARTESIAN_POINT('Ctrl Pts',(2.7852559245558E-14,74.976266396,-16.8387254887147));
#7842=CARTESIAN_POINT('Ctrl Pts',(1.45359279642491E-14,74.5323555557064,
-29.6443072869782));
#7843=CARTESIAN_POINT('Ctrl Pts',(2.14435578797955E-15,47.5,12.8760226223596));
#7844=CARTESIAN_POINT('Ctrl Pts',(2.17866032179362E-15,48.0602355526173,
12.8188841518426));
#7845=CARTESIAN_POINT('Ctrl Pts',(-6.38381693212382E-12,48.6207424740717,
12.7597849746512));
#7846=CARTESIAN_POINT('Ctrl Pts',(-6.38325493269416E-12,57.7458815650147,
11.7664507792465));
#7847=CARTESIAN_POINT('Ctrl Pts',(3.86355780989924E-15,65.9819196747349,
10.4300576617528));
#7848=CARTESIAN_POINT('Ctrl Pts',(4.38712100654656E-15,74.5323555557064,
8.74430728697821));
#7849=CARTESIAN_POINT('Ctrl Pts',(0.101554811914832,48.1358354118787,-33.7103448708152));
#7850=CARTESIAN_POINT('Ctrl Pts',(-8.93227608277744,48.1688022093232,-33.7068965805435));
#7851=CARTESIAN_POINT('Ctrl Pts',(-17.9661069774697,48.2017690067677,-33.7034482902717));
#7852=CARTESIAN_POINT('Ctrl Pts',(-26.999937872162,48.2347358042123,-33.7));
#7853=CARTESIAN_POINT('Ctrl Pts',(0.0834159768914879,51.9094043065485,-33.315646781518));
#7854=CARTESIAN_POINT('Ctrl Pts',(-8.2242110673045,51.9360403228515,-33.3121650242906));
#7855=CARTESIAN_POINT('Ctrl Pts',(-16.5282155233558,51.9564228079152,-33.3098982251504));
#7856=CARTESIAN_POINT('Ctrl Pts',(-24.8358425675518,51.9830588242183,-33.3064164679231));
#7857=CARTESIAN_POINT('Ctrl Pts',(0.00340798906103352,60.6958105236393,
-32.1915954673383));
#7858=CARTESIAN_POINT('Ctrl Pts',(-6.60954712904324,60.6793068646826,-32.1934392964766));
#7859=CARTESIAN_POINT('Ctrl Pts',(-13.2218273368021,60.661652689983,-32.195579366375));
#7860=CARTESIAN_POINT('Ctrl Pts',(-19.8347824549064,60.6451490310263,-32.1974231955133));
#7861=CARTESIAN_POINT('Ctrl Pts',(0.00182452929452387,69.4278593024863,
-30.6506777915569));
#7862=CARTESIAN_POINT('Ctrl Pts',(-4.92725402549829,69.4141864500062,-30.6534808633896));
#7863=CARTESIAN_POINT('Ctrl Pts',(-9.85752496117485,69.4025242914474,-30.655565265734));
#7864=CARTESIAN_POINT('Ctrl Pts',(-14.7866035159677,69.3888514389673,-30.6583683375667));
#7865=CARTESIAN_POINT('Ctrl Pts',(0.0194563605786546,74.5323555557064,-29.6443072869782));
#7866=CARTESIAN_POINT('Ctrl Pts',(-3.92602910281103,74.5323555557064,-29.6443072869782));
#7867=CARTESIAN_POINT('Ctrl Pts',(-7.87151456620071,74.5323555557064,-29.6443072869782));
#7868=CARTESIAN_POINT('Ctrl Pts',(-11.8170000295904,74.5323555557064,-29.6443072869782));
#7869=CARTESIAN_POINT('',(-26.999937872162,48.2347358042123,-33.7));
#7870=CARTESIAN_POINT('Ctrl Pts',(-26.999937872162,48.2347358042123,-33.7));
#7871=CARTESIAN_POINT('Ctrl Pts',(-17.9998550982238,48.2346098021409,-33.7));
#7872=CARTESIAN_POINT('Ctrl Pts',(-9.00007680019024,48.2345480097986,-33.7));
#7873=CARTESIAN_POINT('Ctrl Pts',(-1.18251762548649E-13,48.2345486171534,
-33.7));
#7874=CARTESIAN_POINT('',(-23.0418959493728,55.0902655129707,-32.885702960471));
#7875=CARTESIAN_POINT('Ctrl Pts',(-23.0418854688211,55.0902836658188,-32.8858855378487));
#7876=CARTESIAN_POINT('Ctrl Pts',(-24.3579496722223,52.8107935995052,-33.1874640784223));
#7877=CARTESIAN_POINT('Ctrl Pts',(-25.6750488230219,50.5295109517145,-33.4590427230909));
#7878=CARTESIAN_POINT('Ctrl Pts',(-26.999937872162,48.2347358042123,-33.7));
#7879=CARTESIAN_POINT('',(-11.8170000295904,74.5323555557064,-29.6443072869782));
#7880=CARTESIAN_POINT('Ctrl Pts',(-11.8170000295904,74.5323555557064,-29.6443072869782));
#7881=CARTESIAN_POINT('Ctrl Pts',(-14.7866035159677,69.3888514389673,-30.6583683375667));
#7882=CARTESIAN_POINT('Ctrl Pts',(-17.6712771953612,64.392450063001,-31.5378282563933));
#7883=CARTESIAN_POINT('Ctrl Pts',(-20.540565135557,59.4226975690373,-32.2768599023916));
#7884=CARTESIAN_POINT('Ctrl Pts',(-21.3750677969096,57.9772965605232,-32.4917995976274));
#7885=CARTESIAN_POINT('Ctrl Pts',(-22.208269014061,56.5341497194886,-32.6948607890752));
#7886=CARTESIAN_POINT('Ctrl Pts',(-23.041885468821,55.0902836658189,-32.8858855378487));
#7887=CARTESIAN_POINT('',(11.8170000295905,74.5323555557064,-29.6443072869782));
#7888=CARTESIAN_POINT('Origin',(2.66453525910038E-14,-26.8680103998811,
-33.7));
#7889=CARTESIAN_POINT('',(-55.2724754888733,-0.734735806833863,-33.6999999998624));
#7890=CARTESIAN_POINT('Ctrl Pts',(-41.7723444425303,-24.1172743085768,-33.7));
#7891=CARTESIAN_POINT('Ctrl Pts',(-41.7818128256956,-24.1008745904249,-33.7));
#7892=CARTESIAN_POINT('Ctrl Pts',(-41.7912812097609,-24.0844748712666,-33.7));
#7893=CARTESIAN_POINT('Ctrl Pts',(-46.2913165765632,-16.2901867199725,-33.7));
#7894=CARTESIAN_POINT('Ctrl Pts',(-50.7818051103812,-8.51255843173139,-33.7));
#7895=CARTESIAN_POINT('Ctrl Pts',(-55.2724754873596,-0.734735804212186,
-33.7));
#7896=CARTESIAN_POINT('',(-133.845257002669,68.1732145192632,-33.7));
#7897=CARTESIAN_POINT('Ctrl Pts',(-55.2724754873596,-0.734735804212239,
-33.7));
#7898=CARTESIAN_POINT('Ctrl Pts',(-66.3027405717946,14.419781285814,-33.7));
#7899=CARTESIAN_POINT('Ctrl Pts',(-85.1321712461273,31.4161075369475,-33.7000000003365));
#7900=CARTESIAN_POINT('Ctrl Pts',(-119.355311320879,57.5722479997223,-33.7000000003365));
#7901=CARTESIAN_POINT('Ctrl Pts',(-126.644817210839,62.9614095240563,-33.7));
#7902=CARTESIAN_POINT('Ctrl Pts',(-133.845257002669,68.1732145192632,-33.7));
#7903=CARTESIAN_POINT('',(-125.962364132662,81.826785480737,-33.7));
#7904=CARTESIAN_POINT('',(-135.720905456526,64.9244961000447,-33.7));
#7905=CARTESIAN_POINT('Ctrl Pts',(-125.962364132662,81.826785480737,-33.7));
#7906=CARTESIAN_POINT('Ctrl Pts',(-103.26366041973,71.6720620076905,-33.7));
#7907=CARTESIAN_POINT('Ctrl Pts',(-82.4202362202874,63.1073708146762,-33.7));
#7908=CARTESIAN_POINT('Ctrl Pts',(-49.0806301068177,52.0900510180795,-33.7));
#7909=CARTESIAN_POINT('Ctrl Pts',(-37.0769051302888,49.3026036481352,-33.7));
#7910=CARTESIAN_POINT('Ctrl Pts',(-26.999937872162,48.2347358042123,-33.7));
#7911=CARTESIAN_POINT('Origin',(-132.203810567666,71.0162831425917,3.6));
#7912=CARTESIAN_POINT('',(-132.203810567666,71.0162831425917,-2.080860259262));
#7913=CARTESIAN_POINT('',(-132.203810567666,71.0162831425917,-2.08086025926201));
#7914=CARTESIAN_POINT('',(-132.203810567666,71.0162831425917,3.6));
#7915=CARTESIAN_POINT('',(-132.203810567666,71.0162831425917,-3.425));
#7916=CARTESIAN_POINT('',(-132.203810567666,71.0162831425917,3.6));
#7917=CARTESIAN_POINT('Origin',(-127.603810567666,78.9837168574085,3.6));
#7918=CARTESIAN_POINT('',(-127.603810567666,78.9837168574085,3.6));
#7919=CARTESIAN_POINT('',(-128.753810567666,76.9918584287043,3.6));
#7920=CARTESIAN_POINT('',(-127.603810567666,78.9837168574085,3.6));
#7921=CARTESIAN_POINT('Origin',(-127.603810567666,78.9837168574085,-2.080860259262));
#7922=CARTESIAN_POINT('',(-127.603810567666,78.9837168574085,-2.080860259262));
#7923=CARTESIAN_POINT('',(-127.603810567666,78.9837168574085,-6.265430129631));
#7924=CARTESIAN_POINT('',(-127.603810567666,78.9837168574085,-2.080860259262));
#7925=CARTESIAN_POINT('Origin',(-129.903810567666,75.0000000000001,-10.45));
#7926=CARTESIAN_POINT('Origin',(-129.903810567666,75.0000000000001,-10.45));
#7927=CARTESIAN_POINT('Ctrl Pts',(-118.237894830286,95.2059587739599,-18.0872861694049));
#7928=CARTESIAN_POINT('Ctrl Pts',(-82.7642632300538,88.3147577012087,-21.9396265419293));
#7929=CARTESIAN_POINT('Ctrl Pts',(-47.2906316298221,81.4235566284576,-25.7919669144538));
#7930=CARTESIAN_POINT('Ctrl Pts',(-11.8170000295904,74.5323555557064,-29.6443072869782));
#7931=CARTESIAN_POINT('Ctrl Pts',(-118.743902960176,94.3295269839475,-21.1789855373681));
#7932=CARTESIAN_POINT('Ctrl Pts',(-84.0574367212372,86.0749155114778,-24.3273898648831));
#7933=CARTESIAN_POINT('Ctrl Pts',(-49.3705077074295,77.8211055885946,-27.4749410926516));
#7934=CARTESIAN_POINT('Ctrl Pts',(-14.6840414684911,69.5664941161249,-30.6233454201666));
#7935=CARTESIAN_POINT('Ctrl Pts',(-120.649746374957,91.0285093582751,-27.9208149164378));
#7936=CARTESIAN_POINT('Ctrl Pts',(-87.634166518359,79.8798377779174,-29.5336219452798));
#7937=CARTESIAN_POINT('Ctrl Pts',(-54.6190179790089,68.7304191341718,-31.14545102803));
#7938=CARTESIAN_POINT('Ctrl Pts',(-21.6034381224107,57.5817475538141,-32.758258056872));
#7939=CARTESIAN_POINT('Ctrl Pts',(-123.908460209378,85.3842514297313,-32.307251217846));
#7940=CARTESIAN_POINT('Ctrl Pts',(-92.256619318382,71.8735146726884,-32.9187771821924));
#7941=CARTESIAN_POINT('Ctrl Pts',(-60.6030846335448,58.365711652637,-33.5357702546382));
#7942=CARTESIAN_POINT('Ctrl Pts',(-28.9512437425492,44.8549748955941,-34.1472962189846));
#7943=CARTESIAN_POINT('Ctrl Pts',(-125.962364132662,81.826785480737,-33.7));
#7944=CARTESIAN_POINT('Ctrl Pts',(-95.0451496527947,67.0436384550388,-33.9961111111111));
#7945=CARTESIAN_POINT('Ctrl Pts',(-64.1279351729269,52.2604914293406,-34.2922222222222));
#7946=CARTESIAN_POINT('Ctrl Pts',(-33.2107206930591,37.4773444036424,-34.5883333333333));
#7947=CARTESIAN_POINT('',(-118.237894830286,95.2059587739599,-18.0872861694049));
#7948=CARTESIAN_POINT('Origin',(-129.903810567666,75.0000000000001,-10.45));
#7949=CARTESIAN_POINT('',(-118.237894830286,95.2059587739599,-18.0872861694049));
#7950=CARTESIAN_POINT('Ctrl Pts',(-133.845257002669,68.1732145192632,-33.7));
#7951=CARTESIAN_POINT('Ctrl Pts',(-105.5840688906,48.7896948782947,-33.9961111111111));
#7952=CARTESIAN_POINT('Ctrl Pts',(-77.3228807785313,29.4061752373261,-34.2922222222222));
#7953=CARTESIAN_POINT('Ctrl Pts',(-49.0616926664624,10.0226555963576,-34.5883333333333));
#7954=CARTESIAN_POINT('Ctrl Pts',(-135.385684945133,65.5051150575175,-32.6554384133845));
#7955=CARTESIAN_POINT('Ctrl Pts',(-107.676030638621,45.166310843232,-33.1891659434093));
#7956=CARTESIAN_POINT('Ctrl Pts',(-79.9659546858565,24.8282369416793,-33.7238279675469));
#7957=CARTESIAN_POINT('Ctrl Pts',(-52.2563003793449,4.48943272739381,-34.2575554975718));
#7958=CARTESIAN_POINT('Ctrl Pts',(-138.736321435022,59.7016424193355,-28.7728820296799));
#7959=CARTESIAN_POINT('Ctrl Pts',(-112.368785125641,37.0382216442658,-30.1915675584606));
#7960=CARTESIAN_POINT('Ctrl Pts',(-86.000751149762,14.375662852858,-31.6093937806179));
#7961=CARTESIAN_POINT('Ctrl Pts',(-59.6332148403817,-8.28775792221162,-33.0280793093986));
#7962=CARTESIAN_POINT('Ctrl Pts',(-140.895048798526,55.9626169460568,-22.2095519933559));
#7963=CARTESIAN_POINT('Ctrl Pts',(-116.140012581844,30.5062640832246,-25.1218219006422));
#7964=CARTESIAN_POINT('Ctrl Pts',(-91.387727628079,5.0451458932345,-28.0374215572764));
#7965=CARTESIAN_POINT('Ctrl Pts',(-66.6326914113968,-20.4112069695977,-30.9496914645627));
#7966=CARTESIAN_POINT('Ctrl Pts',(-141.569726305046,54.7940412260403,-18.0872861694049));
#7967=CARTESIAN_POINT('Ctrl Pts',(-117.864955313341,27.5185756321247,-21.9396265419293));
#7968=CARTESIAN_POINT('Ctrl Pts',(-94.1601843216361,0.243110038209169,-25.7919669144538));
#7969=CARTESIAN_POINT('Ctrl Pts',(-70.4554133299312,-27.0323555557064,-29.6443072869782));
#7970=CARTESIAN_POINT('',(-59.2305201013645,-7.59027017429287,-32.8857023437641));
#7971=CARTESIAN_POINT('Ctrl Pts',(-55.2724773779564,-0.734739078821813,
-33.6999992635612));
#7972=CARTESIAN_POINT('Ctrl Pts',(-56.591924285104,-3.02008815989109,-33.460013605368));
#7973=CARTESIAN_POINT('Ctrl Pts',(-57.9132896260939,-5.30876006584618,-33.1870443462483));
#7974=CARTESIAN_POINT('Ctrl Pts',(-59.2329815046426,-7.59453344982846,-32.88449707368));
#7975=CARTESIAN_POINT('',(-70.4554133299312,-27.0323555557064,-29.6443072869782));
#7976=CARTESIAN_POINT('Ctrl Pts',(-59.2305173332195,-7.59026537972517,-32.8856167829412));
#7977=CARTESIAN_POINT('Ctrl Pts',(-63.0991663661673,-14.290962061443,-31.9983380431255));
#7978=CARTESIAN_POINT('Ctrl Pts',(-66.8557536181066,-20.7975620448674,-30.8735201182128));
#7979=CARTESIAN_POINT('Ctrl Pts',(-70.4554133299312,-27.0323555557064,-29.6443072869782));
#7980=CARTESIAN_POINT('',(-141.569726305046,54.7940412260403,-18.0872861694049));
#7981=CARTESIAN_POINT('',(-141.569726305046,54.7940412260403,-18.0872861694049));
#7982=CARTESIAN_POINT('Origin',(-129.903810567666,75.0000000000001,-10.45));
#7983=CARTESIAN_POINT('Ctrl Pts',(-64.5345219407316,-37.2876402678971,-29.6443072869782));
#7984=CARTESIAN_POINT('Ctrl Pts',(-66.5081524037982,-33.8692120305002,-29.6443072869782));
#7985=CARTESIAN_POINT('Ctrl Pts',(-68.4817828668647,-30.4507837931033,-29.6443072869782));
#7986=CARTESIAN_POINT('Ctrl Pts',(-70.4554133299312,-27.0323555557064,-29.6443072869782));
#7987=CARTESIAN_POINT('Ctrl Pts',(-61.2205951633663,-35.3990758651882,-30.3962963838128));
#7988=CARTESIAN_POINT('Ctrl Pts',(-63.5696976002196,-31.3472260762535,-30.3944322046504));
#7989=CARTESIAN_POINT('Ctrl Pts',(-65.9210015044418,-27.2991384532659,-30.3924115431971));
#7990=CARTESIAN_POINT('Ctrl Pts',(-68.270103941295,-23.2472886643312,-30.3905473640347));
#7991=CARTESIAN_POINT('Ctrl Pts',(-53.6353700823514,-31.0554881355903,-31.9858841270986));
#7992=CARTESIAN_POINT('Ctrl Pts',(-56.8387971160807,-25.551888125166,-31.9827517580249));
#7993=CARTESIAN_POINT('Ctrl Pts',(-60.0405930566575,-20.0454560818811,-31.9801312037084));
#7994=CARTESIAN_POINT('Ctrl Pts',(-63.2440200903868,-14.5418560714568,-31.9769988346347));
#7995=CARTESIAN_POINT('Ctrl Pts',(-46.1062092319053,-26.6349788824029,-33.1737358065433));
#7996=CARTESIAN_POINT('Ctrl Pts',(-50.1132302415831,-19.6497657439436,-33.1770300333836));
#7997=CARTESIAN_POINT('Ctrl Pts',(-54.1219072365085,-12.6674702503797,-33.1792147544064));
#7998=CARTESIAN_POINT('Ctrl Pts',(-58.1289282461863,-5.68225711192034,-33.1825089812468));
#7999=CARTESIAN_POINT('Ctrl Pts',(-41.7723444425303,-24.1172743085766,-33.7));
#8000=CARTESIAN_POINT('Ctrl Pts',(-46.2534374960861,-16.290271356497,-33.7034399408008));
#8001=CARTESIAN_POINT('Ctrl Pts',(-50.7345305496419,-8.46326840441741,-33.7068798816016));
#8002=CARTESIAN_POINT('Ctrl Pts',(-55.2156236031978,-0.636265452337794,
-33.7103198224023));
#8003=CARTESIAN_POINT('',(-58.6384133003408,-47.5,-29.6443072869782));
#8004=CARTESIAN_POINT('Ctrl Pts',(-64.546913315136,-37.2661777778532,8.74430728697821));
#8005=CARTESIAN_POINT('Ctrl Pts',(-66.5164133200677,-33.8549037038043,8.74430728697821));
#8006=CARTESIAN_POINT('Ctrl Pts',(-68.4859133249995,-30.4436296297553,8.74430728697821));
#8007=CARTESIAN_POINT('Ctrl Pts',(-70.4554133299312,-27.0323555557064,8.74430728697821));
#8008=CARTESIAN_POINT('Ctrl Pts',(-64.9313513798456,-37.488133198,-4.06127451128576));
#8009=CARTESIAN_POINT('Ctrl Pts',(-66.8580157804093,-34.1510525670895,-4.06127451128571));
#8010=CARTESIAN_POINT('Ctrl Pts',(-68.7850409725073,-30.8133470269106,-4.06127451128575));
#8011=CARTESIAN_POINT('Ctrl Pts',(-70.711705373071,-27.476266396,-4.06127451128571));
#8012=CARTESIAN_POINT('Ctrl Pts',(-64.9313513798456,-37.488133198,-16.8387254887147));
#8013=CARTESIAN_POINT('Ctrl Pts',(-66.8580157804093,-34.1510525670894,-16.8387254887149));
#8014=CARTESIAN_POINT('Ctrl Pts',(-68.7850409725072,-30.8133470269105,-16.8387254887151));
#8015=CARTESIAN_POINT('Ctrl Pts',(-70.7117053730709,-27.476266396,-16.8387254887153));
#8016=CARTESIAN_POINT('Ctrl Pts',(-64.546913315136,-37.2661777778532,-29.6443072869782));
#8017=CARTESIAN_POINT('Ctrl Pts',(-66.5164133200677,-33.8549037038043,-29.6443072869782));
#8018=CARTESIAN_POINT('Ctrl Pts',(-68.4859133249995,-30.4436296297553,-29.6443072869782));
#8019=CARTESIAN_POINT('Ctrl Pts',(-70.4554133299312,-27.0323555557064,-29.6443072869782));
#8020=CARTESIAN_POINT('Ctrl Pts',(-70.4554133299312,-27.0323555557064,-29.6443072869782));
#8021=CARTESIAN_POINT('Ctrl Pts',(-70.7117053730709,-27.476266396,-16.8387254887153));
#8022=CARTESIAN_POINT('Ctrl Pts',(-70.711705373071,-27.476266396,-4.06127451128571));
#8023=CARTESIAN_POINT('Ctrl Pts',(-70.4554133299312,-27.0323555557064,8.74430728697821));
#8024=CARTESIAN_POINT('Ctrl Pts',(3.5527136788005E-14,74.5323555557064,
-29.6443072869782));
#8025=CARTESIAN_POINT('Ctrl Pts',(-3.93900000986344,74.5323555557064,-29.6443072869782));
#8026=CARTESIAN_POINT('Ctrl Pts',(-7.87800001972691,74.5323555557064,-29.6443072869782));
#8027=CARTESIAN_POINT('Ctrl Pts',(-11.8170000295904,74.5323555557064,-29.6443072869782));
#8028=CARTESIAN_POINT('Ctrl Pts',(4.83872201565797E-14,74.976266396,-16.8387254887147));
#8029=CARTESIAN_POINT('Ctrl Pts',(-3.85332880112732,74.976266396,-16.8387254887145));
#8030=CARTESIAN_POINT('Ctrl Pts',(-7.70737918532329,74.9762663960001,-16.8387254887143));
#8031=CARTESIAN_POINT('Ctrl Pts',(-11.5607079864507,74.9762663960001,-16.8387254887141));
#8032=CARTESIAN_POINT('Ctrl Pts',(3.44863027024189E-14,74.9762663960001,
-4.06127451128575));
#8033=CARTESIAN_POINT('Ctrl Pts',(-3.85332880112733,74.9762663960001,-4.0612745112858));
#8034=CARTESIAN_POINT('Ctrl Pts',(-7.7073791853233,74.9762663960001,-4.06127451128576));
#8035=CARTESIAN_POINT('Ctrl Pts',(-11.5607079864507,74.9762663960001,-4.0612745112858));
#8036=CARTESIAN_POINT('Ctrl Pts',(3.21964677141295E-14,74.5323555557064,
8.74430728697821));
#8037=CARTESIAN_POINT('Ctrl Pts',(-3.93900000986344,74.5323555557064,8.74430728697821));
#8038=CARTESIAN_POINT('Ctrl Pts',(-7.87800001972691,74.5323555557064,8.74430728697821));
#8039=CARTESIAN_POINT('Ctrl Pts',(-11.8170000295904,74.5323555557064,8.74430728697821));
#8040=CARTESIAN_POINT('',(-11.8170000295904,74.5323555557064,8.74430728697822));
#8041=CARTESIAN_POINT('Ctrl Pts',(-11.8170000295904,74.5323555557064,8.74430728697821));
#8042=CARTESIAN_POINT('Ctrl Pts',(-11.5607079864507,74.9762663960001,-4.0612745112858));
#8043=CARTESIAN_POINT('Ctrl Pts',(-11.5607079864507,74.9762663960001,-16.8387254887141));
#8044=CARTESIAN_POINT('Ctrl Pts',(-11.8170000295904,74.5323555557064,-29.6443072869782));
#8045=CARTESIAN_POINT('',(11.8170000295905,74.5323555557064,8.74430728697821));
#8046=CARTESIAN_POINT('Ctrl Pts',(-118.237894830286,95.2059587739599,-2.81271383059511));
#8047=CARTESIAN_POINT('Ctrl Pts',(-82.7642632300538,88.3147577012087,1.03962654192933));
#8048=CARTESIAN_POINT('Ctrl Pts',(-47.2906316298221,81.4235566284576,4.89196691445378));
#8049=CARTESIAN_POINT('Ctrl Pts',(-11.8170000295904,74.5323555557064,8.74430728697822));
#8050=CARTESIAN_POINT('Ctrl Pts',(-117.777707068662,96.0030273581133,-5.62445168165575));
#8051=CARTESIAN_POINT('Ctrl Pts',(-82.4091440987942,88.9298420792901,-3.26200629316018));
#8052=CARTESIAN_POINT('Ctrl Pts',(-47.039836874944,81.8579458861782,-0.899315405146878));
#8053=CARTESIAN_POINT('Ctrl Pts',(-11.6712739050762,74.784760607355,1.4631299833487));
#8054=CARTESIAN_POINT('Ctrl Pts',(-117.422569682381,96.6181433548198,-10.838154759179));
#8055=CARTESIAN_POINT('Ctrl Pts',(-82.1345770642907,89.4054061331338,-11.0160074829574));
#8056=CARTESIAN_POINT('Ctrl Pts',(-46.8468063508437,82.1922845613314,-11.1939121563109));
#8057=CARTESIAN_POINT('Ctrl Pts',(-11.5588137327538,74.9795473396454,-11.3717648800892));
#8058=CARTESIAN_POINT('Ctrl Pts',(-117.892754009068,95.803760212075,-15.9784827811094));
#8059=CARTESIAN_POINT('Ctrl Pts',(-82.4977630738494,88.77634951198,-18.7134084495905));
#8060=CARTESIAN_POINT('Ctrl Pts',(-47.1026963714233,81.7490700445379,-21.448498640775));
#8061=CARTESIAN_POINT('Ctrl Pts',(-11.7077054362048,74.7216593444429,-24.1834243092561));
#8062=CARTESIAN_POINT('Ctrl Pts',(-118.237894830286,95.2059587739599,-18.0872861694049));
#8063=CARTESIAN_POINT('Ctrl Pts',(-82.7642632300538,88.3147577012087,-21.9396265419293));
#8064=CARTESIAN_POINT('Ctrl Pts',(-47.2906316298221,81.4235566284576,-25.7919669144538));
#8065=CARTESIAN_POINT('Ctrl Pts',(-11.8170000295904,74.5323555557064,-29.6443072869782));
#8066=CARTESIAN_POINT('',(-118.237894830286,95.2059587739599,-2.81271383059511));
#8067=CARTESIAN_POINT('Origin',(-129.903810567666,75.0000000000001,-10.45));
#8068=CARTESIAN_POINT('',(-118.237894830286,95.2059587739599,-2.81271383059511));
#8069=CARTESIAN_POINT('Origin',(-129.903810567666,75.0000000000001,-10.45));
#8070=CARTESIAN_POINT('',(-141.569726305046,54.7940412260403,-2.81271383059514));
#8071=CARTESIAN_POINT('Origin',(-129.903810567666,75.0000000000001,-10.45));
#8072=CARTESIAN_POINT('Origin',(-129.903810567666,75.0000000000001,-10.45));
#8073=CARTESIAN_POINT('Ctrl Pts',(-141.569726305046,54.7940412260403,-18.0872861694049));
#8074=CARTESIAN_POINT('Ctrl Pts',(-117.864955313341,27.5185756321247,-21.9396265419293));
#8075=CARTESIAN_POINT('Ctrl Pts',(-94.1601843216361,0.243110038209173,-25.7919669144538));
#8076=CARTESIAN_POINT('Ctrl Pts',(-70.4554133299312,-27.0323555557064,-29.6443072869782));
#8077=CARTESIAN_POINT('Ctrl Pts',(-142.02991406667,53.9969726418868,-15.2755483183443));
#8078=CARTESIAN_POINT('Ctrl Pts',(-118.220074444601,26.9034912540434,-17.6379937068398));
#8079=CARTESIAN_POINT('Ctrl Pts',(-94.4109790765142,-0.191279219511502,
-20.0006845948531));
#8080=CARTESIAN_POINT('Ctrl Pts',(-70.6011394544453,-27.284760607355,-22.3631299833487));
#8081=CARTESIAN_POINT('Ctrl Pts',(-142.385056991449,53.3818470522195,-10.0618448559292));
#8082=CARTESIAN_POINT('Ctrl Pts',(-118.494647017603,26.4279176072388,-9.88399213215085));
#8083=CARTESIAN_POINT('Ctrl Pts',(-94.6040113544723,-0.525620932435631,
-9.70608772180671));
#8084=CARTESIAN_POINT('Ctrl Pts',(-70.7136013806256,-27.4795503774163,-9.52823499802837));
#8085=CARTESIAN_POINT('Ctrl Pts',(-141.914867126264,54.1962397879252,-4.92151721889062));
#8086=CARTESIAN_POINT('Ctrl Pts',(-118.131455469545,27.0569838213535,-2.18659155040952));
#8087=CARTESIAN_POINT('Ctrl Pts',(-94.3481195800349,-0.0824033778711719,
0.548498640774965));
#8088=CARTESIAN_POINT('Ctrl Pts',(-70.5647079233168,-27.2216593444428,3.28342430925607));
#8089=CARTESIAN_POINT('Ctrl Pts',(-141.569726305046,54.7940412260403,-2.81271383059514));
#8090=CARTESIAN_POINT('Ctrl Pts',(-117.864955313341,27.5185756321247,1.03962654192931));
#8091=CARTESIAN_POINT('Ctrl Pts',(-94.1601843216361,0.243110038209169,4.89196691445376));
#8092=CARTESIAN_POINT('Ctrl Pts',(-70.4554133299312,-27.0323555557064,8.74430728697821));
#8093=CARTESIAN_POINT('',(-141.569726305046,54.7940412260403,-2.81271383059514));
#8094=CARTESIAN_POINT('Ctrl Pts',(-141.569726305046,54.7940412260403,-2.81271383059514));
#8095=CARTESIAN_POINT('Ctrl Pts',(-117.864955313341,27.5185756321247,1.03962654192931));
#8096=CARTESIAN_POINT('Ctrl Pts',(-94.1601843216361,0.24311003820916,4.89196691445376));
#8097=CARTESIAN_POINT('Ctrl Pts',(-70.4554133299312,-27.0323555557064,8.74430728697821));
#8098=CARTESIAN_POINT('Ctrl Pts',(-141.113505575853,55.5842387084692,-0.0252144668887705));
#8099=CARTESIAN_POINT('Ctrl Pts',(-116.698984539248,29.5380962529944,3.1921343952605));
#8100=CARTESIAN_POINT('Ctrl Pts',(-92.2849882784819,3.49104485910444,6.40966655666929));
#8101=CARTESIAN_POINT('Ctrl Pts',(-67.8704672418772,-22.5550975963704,9.62701541881856));
#8102=CARTESIAN_POINT('Ctrl Pts',(-139.696237137679,58.0390196513489,5.21807448146185));
#8103=CARTESIAN_POINT('Ctrl Pts',(-113.977736846879,34.2514355161566,7.24102670897361));
#8104=CARTESIAN_POINT('Ctrl Pts',(-88.2592134796368,10.4638913505344,9.26443802495117));
#8105=CARTESIAN_POINT('Ctrl Pts',(-62.5407131888366,-13.323692784658,11.2873902524629));
#8106=CARTESIAN_POINT('Ctrl Pts',(-136.326253912743,63.8760018175939,11.0948046652485));
#8107=CARTESIAN_POINT('Ctrl Pts',(-108.934900436073,42.9858843939317,11.7796147257967));
#8108=CARTESIAN_POINT('Ctrl Pts',(-81.5434767395149,22.0958885946824,12.4635447501139));
#8109=CARTESIAN_POINT('Ctrl Pts',(-54.1521232628447,1.20577117102031,13.148354810662));
#8110=CARTESIAN_POINT('Ctrl Pts',(-132.139166968439,71.1282491408368,14.2289104819421));
#8111=CARTESIAN_POINT('Ctrl Pts',(-103.261048339933,52.8132844990764,14.1992547807742));
#8112=CARTESIAN_POINT('Ctrl Pts',(-74.3829024542255,34.498367068175,14.170477353783));
#8113=CARTESIAN_POINT('Ctrl Pts',(-45.5047838257199,16.1834024264146,14.140821652615));
#8114=CARTESIAN_POINT('Ctrl Pts',(-127.668363700892,78.8719075508718,14.231500503013));
#8115=CARTESIAN_POINT('Ctrl Pts',(-97.3680788943406,63.0202069862938,14.2018679001504));
#8116=CARTESIAN_POINT('Ctrl Pts',(-67.0678856927869,47.1683477572045,14.1712744288167));
#8117=CARTESIAN_POINT('Ctrl Pts',(-36.767600886235,31.3166471926264,14.1416418259541));
#8118=CARTESIAN_POINT('Ctrl Pts',(-123.482023770388,86.1228610082598,11.0923846981879));
#8119=CARTESIAN_POINT('Ctrl Pts',(-91.6949646248385,72.8463291382153,11.7771634619357));
#8120=CARTESIAN_POINT('Ctrl Pts',(-59.9075571490297,59.5704005938778,12.4628097240117));
#8121=CARTESIAN_POINT('Ctrl Pts',(-28.12049800348,46.2938687238333,13.1475884877595));
#8122=CARTESIAN_POINT('Ctrl Pts',(-120.110978042942,91.9616834828345,5.21957048612501));
#8123=CARTESIAN_POINT('Ctrl Pts',(-86.6510827041405,81.5825888922424,7.24258430444138));
#8124=CARTESIAN_POINT('Ctrl Pts',(-53.1914669571616,71.2030100344081,9.26485016895655));
#8125=CARTESIAN_POINT('Ctrl Pts',(-19.7315716183602,60.823915443816,11.2878639872729));
#8126=CARTESIAN_POINT('Ctrl Pts',(-118.694115559479,94.415761291531,-0.0252144668887316));
#8127=CARTESIAN_POINT('Ctrl Pts',(-83.9302280110533,86.2952474606816,3.19210014111911));
#8128=CARTESIAN_POINT('Ctrl Pts',(-49.1658336660699,78.1756114272198,6.40970081081073));
#8129=CARTESIAN_POINT('Ctrl Pts',(-14.4019461176444,70.0550975963704,9.62701541881857));
#8130=CARTESIAN_POINT('Ctrl Pts',(-118.237894830286,95.2059587739599,-2.81271383059511));
#8131=CARTESIAN_POINT('Ctrl Pts',(-82.7642632300538,88.3147577012087,1.03962654192934));
#8132=CARTESIAN_POINT('Ctrl Pts',(-47.2906316298221,81.4235566284576,4.89196691445378));
#8133=CARTESIAN_POINT('Ctrl Pts',(-11.8170000295904,74.5323555557064,8.74430728697822));
#8134=CARTESIAN_POINT('',(-23.0418932581572,55.0902701742929,11.9857023437641));
#8135=CARTESIAN_POINT('Ctrl Pts',(-41.1356574283123,23.7509513314149,14.0998459261133));
#8136=CARTESIAN_POINT('Ctrl Pts',(-39.6833886324516,26.2663546720926,14.0999051333947));
#8137=CARTESIAN_POINT('Ctrl Pts',(-38.2311252278818,28.7817486747805,14.058588749671));
#8138=CARTESIAN_POINT('Ctrl Pts',(-36.7826142290233,31.2906433201256,13.9758295740318));
#8139=CARTESIAN_POINT('Ctrl Pts',(-33.88523325865,36.3090543696954,13.8102907132226));
#8140=CARTESIAN_POINT('Ctrl Pts',(-31.002865631065,41.3014615467644,13.478939600491));
#8141=CARTESIAN_POINT('Ctrl Pts',(-28.1635274197526,46.2193395886293,13.0033099607108));
#8142=CARTESIAN_POINT('Ctrl Pts',(-26.4387637749371,49.2067178524973,12.7143874548181));
#8143=CARTESIAN_POINT('Ctrl Pts',(-24.7298779320193,52.1665949567661,12.3722263491717));
#8144=CARTESIAN_POINT('Ctrl Pts',(-23.0419622506443,55.0901506758,11.9855730544345));
#8145=CARTESIAN_POINT('Ctrl Pts',(-23.0419622506442,55.0901506758,11.9855730544345));
#8146=CARTESIAN_POINT('Ctrl Pts',(-21.951199528165,56.9794071301362,11.7357104546157));
#8147=CARTESIAN_POINT('Ctrl Pts',(-20.8691939166853,58.8534958232935,11.4672679770173));
#8148=CARTESIAN_POINT('Ctrl Pts',(-19.7973196407012,60.7100365286242,11.1826059285738));
#8149=CARTESIAN_POINT('Ctrl Pts',(-17.0667588680023,65.4395065200932,10.4574397030457));
#8150=CARTESIAN_POINT('Ctrl Pts',(-14.4019461176445,70.0550975963704,9.62701541881857));
#8151=CARTESIAN_POINT('Ctrl Pts',(-11.8170000295904,74.5323555557064,8.74430728697822));
#8152=CARTESIAN_POINT('Ctrl Pts',(0.0255841141809698,74.5323555557064,8.74430728697821));
#8153=CARTESIAN_POINT('Ctrl Pts',(-3.92194393374281,74.5323555557064,8.74430728697822));
#8154=CARTESIAN_POINT('Ctrl Pts',(-7.8694719816666,74.5323555557064,8.74430728697822));
#8155=CARTESIAN_POINT('Ctrl Pts',(-11.8170000295904,74.5323555557064,8.74430728697822));
#8156=CARTESIAN_POINT('Ctrl Pts',(0.0462750788048225,70.8732230621922,9.46571892705831));
#8157=CARTESIAN_POINT('Ctrl Pts',(-4.60707394001176,70.8819602677852,9.46393716451218));
#8158=CARTESIAN_POINT('Ctrl Pts',(-9.26010004327657,70.89246211034,9.4619850666719));
#8159=CARTESIAN_POINT('Ctrl Pts',(-13.9134490620932,70.901199315933,9.46020330412576));
#8160=CARTESIAN_POINT('Ctrl Pts',(0.0614105738364014,66.0737847769806,10.3410898612172));
#8161=CARTESIAN_POINT('Ctrl Pts',(-5.51731647745631,66.0889348909745,10.3385606370762));
#8162=CARTESIAN_POINT('Ctrl Pts',(-11.096522872806,66.102469788558,10.3362638744138));
#8163=CARTESIAN_POINT('Ctrl Pts',(-16.6752499240987,66.1176199025519,10.3337346502728));
#8164=CARTESIAN_POINT('Ctrl Pts',(0.0495574078796408,58.8984224202162,11.4726988795796));
#8165=CARTESIAN_POINT('Ctrl Pts',(-6.91320604366287,58.9008288542635,11.4724351376389));
#8166=CARTESIAN_POINT('Ctrl Pts',(-13.8760512533878,58.9037077275,11.4721491632928));
#8167=CARTESIAN_POINT('Ctrl Pts',(-20.8388147049303,58.9061141615473,11.4718854213521));
#8168=CARTESIAN_POINT('Ctrl Pts',(0.014743899720812,52.9024245950484,12.2992952680435));
#8169=CARTESIAN_POINT('Ctrl Pts',(-8.10467832541847,52.8806216941306,12.3022999320001));
#8170=CARTESIAN_POINT('Ctrl Pts',(-16.2235836118367,52.8584799823296,12.3053042113005));
#8171=CARTESIAN_POINT('Ctrl Pts',(-24.343005836976,52.8366770814118,12.3083088752571));
#8172=CARTESIAN_POINT('Ctrl Pts',(-0.0143339116944622,43.3114361435485,
13.3523409097229));
#8173=CARTESIAN_POINT('Ctrl Pts',(-9.9827549871943,43.2653205724931,13.3564426457337));
#8174=CARTESIAN_POINT('Ctrl Pts',(-19.9530999685091,43.2205208830904,13.3604018005154));
#8175=CARTESIAN_POINT('Ctrl Pts',(-29.921521044009,43.174405312035,13.3645035365262));
#8176=CARTESIAN_POINT('Ctrl Pts',(0.00675983419991675,33.5385822121825,
13.9815168657755));
#8177=CARTESIAN_POINT('Ctrl Pts',(-11.8479641496755,33.4984486244635,13.9830596632279));
#8178=CARTESIAN_POINT('Ctrl Pts',(-23.7002597563654,33.4570952873365,13.9847417862079));
#8179=CARTESIAN_POINT('Ctrl Pts',(-35.5549837402409,33.4169616996175,13.9862845836603));
#8180=CARTESIAN_POINT('Ctrl Pts',(0.01150722347452,26.2985316820005,14.098548058332));
#8181=CARTESIAN_POINT('Ctrl Pts',(-13.2372898903967,26.2544123319179,14.0991599548292));
#8182=CARTESIAN_POINT('Ctrl Pts',(-26.4905436019514,26.2135621709872,14.0993781889425));
#8183=CARTESIAN_POINT('Ctrl Pts',(-39.7393407158226,26.1694428209046,14.0999900854397));
#8184=CARTESIAN_POINT('Ctrl Pts',(0.0145243199910139,23.8800342731854,14.0999265706225));
#8185=CARTESIAN_POINT('Ctrl Pts',(-13.7022060639684,23.8370011967721,14.0999510464429));
#8186=CARTESIAN_POINT('Ctrl Pts',(-27.4189364479278,23.7939681203588,14.0999755222634));
#8187=CARTESIAN_POINT('Ctrl Pts',(-41.1356668318872,23.7509350439455,14.0999999980838));
#8188=CARTESIAN_POINT('',(0.,0.,0.));
#8189=CARTESIAN_POINT('Origin',(23.7222657538665,-25.7342982710415,-35.));
#8190=CARTESIAN_POINT('',(21.2222657538665,-25.7342982710415,-13.7));
#8191=CARTESIAN_POINT('Origin',(23.7222657538665,-25.7342982710415,-13.7));
#8192=CARTESIAN_POINT('',(21.2222657538665,-25.7342982710415,25.));
#8193=CARTESIAN_POINT('',(21.2222657538665,-25.7342982710415,-35.));
#8194=CARTESIAN_POINT('Origin',(23.7222657538665,-25.7342982710415,25.));
#8195=CARTESIAN_POINT('Origin',(-10.4254231743548,33.4112339136949,-35.));
#8196=CARTESIAN_POINT('',(-12.9254231743548,33.4112339136949,-13.7));
#8197=CARTESIAN_POINT('Origin',(-10.4254231743548,33.4112339136949,-13.7));
#8198=CARTESIAN_POINT('',(-12.9254231743548,33.4112339136949,25.));
#8199=CARTESIAN_POINT('',(-12.9254231743548,33.4112339136949,-35.));
#8200=CARTESIAN_POINT('Origin',(-10.4254231743548,33.4112339136949,25.));
#8201=CARTESIAN_POINT('Origin',(-23.7222657538664,-25.7342982710415,-35.));
#8202=CARTESIAN_POINT('',(-26.2222657538664,-25.7342982710415,-13.7));
#8203=CARTESIAN_POINT('Origin',(-23.7222657538664,-25.7342982710415,-13.7));
#8204=CARTESIAN_POINT('',(-26.2222657538664,-25.7342982710415,25.));
#8205=CARTESIAN_POINT('',(-26.2222657538664,-25.7342982710415,-35.));
#8206=CARTESIAN_POINT('Origin',(-23.7222657538664,-25.7342982710415,25.));
#8207=CARTESIAN_POINT('Origin',(34.1476889282213,-7.67693564265297,-35.));
#8208=CARTESIAN_POINT('',(31.6476889282213,-7.67693564265297,-13.7));
#8209=CARTESIAN_POINT('Origin',(34.1476889282213,-7.67693564265297,-13.7));
#8210=CARTESIAN_POINT('',(31.6476889282213,-7.67693564265297,25.));
#8211=CARTESIAN_POINT('',(31.6476889282213,-7.67693564265297,-35.));
#8212=CARTESIAN_POINT('Origin',(34.1476889282213,-7.67693564265297,25.));
#8213=CARTESIAN_POINT('Origin',(10.4254231743548,33.4112339136949,-35.));
#8214=CARTESIAN_POINT('',(7.92542317435478,33.4112339136949,-13.7));
#8215=CARTESIAN_POINT('Origin',(10.4254231743548,33.4112339136949,-13.7));
#8216=CARTESIAN_POINT('',(7.92542317435478,33.4112339136949,25.));
#8217=CARTESIAN_POINT('',(7.92542317435478,33.4112339136949,-35.));
#8218=CARTESIAN_POINT('Origin',(10.4254231743548,33.4112339136949,25.));
#8219=CARTESIAN_POINT('Origin',(-34.1476889282212,-7.67693564265303,-35.));
#8220=CARTESIAN_POINT('',(-36.6476889282212,-7.67693564265303,-13.7));
#8221=CARTESIAN_POINT('Origin',(-34.1476889282212,-7.67693564265303,-13.7));
#8222=CARTESIAN_POINT('',(-36.6476889282212,-7.67693564265303,25.));
#8223=CARTESIAN_POINT('',(-36.6476889282212,-7.67693564265303,-35.));
#8224=CARTESIAN_POINT('Origin',(-34.1476889282212,-7.67693564265303,25.));
#8225=CARTESIAN_POINT('Origin',(0.,0.,0.));
#8226=CARTESIAN_POINT('',(-47.5,-5.81707229594993E-15,22.5));
#8227=CARTESIAN_POINT('Origin',(0.,0.,22.5));
#8228=CARTESIAN_POINT('',(-47.5,-5.81707229594993E-15,-13.7));
#8229=CARTESIAN_POINT('',(-47.5,-5.81707229594993E-15,0.));
#8230=CARTESIAN_POINT('',(-15.55,-44.8825968500041,-13.7));
#8231=CARTESIAN_POINT('Origin',(0.,0.,-13.7));
#8232=CARTESIAN_POINT('',(-15.55,-44.8825968500041,7.876));
#8233=CARTESIAN_POINT('',(-15.55,-44.8825968500041,0.));
#8234=CARTESIAN_POINT('',(-9.55000000000001,-46.5300709219318,7.876));
#8235=CARTESIAN_POINT('Origin',(0.,0.,7.876));
#8236=CARTESIAN_POINT('',(-9.55000000000001,-46.5300709219318,-13.7));
#8237=CARTESIAN_POINT('',(-9.55000000000001,-46.5300709219318,0.));
#8238=CARTESIAN_POINT('',(9.55,-46.5300709219318,-13.7));
#8239=CARTESIAN_POINT('Origin',(0.,0.,-13.7));
#8240=CARTESIAN_POINT('',(9.55,-46.5300709219318,7.876));
#8241=CARTESIAN_POINT('',(9.55,-46.5300709219318,0.));
#8242=CARTESIAN_POINT('',(14.9799777284169,-45.0760498186801,7.876));
#8243=CARTESIAN_POINT('Origin',(0.,0.,7.876));
#8244=CARTESIAN_POINT('',(14.9799777284169,-45.0760498186801,-13.7));
#8245=CARTESIAN_POINT('',(14.9799777284169,-45.0760498186801,0.));
#8246=CARTESIAN_POINT('',(46.644469059919,8.97460339615401,-13.7));
#8247=CARTESIAN_POINT('Origin',(0.,0.,-13.7));
#8248=CARTESIAN_POINT('',(46.644469059919,8.97460339615401,7.876));
#8249=CARTESIAN_POINT('',(46.644469059919,8.97460339615403,0.));
#8250=CARTESIAN_POINT('',(45.0712234582845,14.9944928548245,7.876));
#8251=CARTESIAN_POINT('Origin',(0.,0.,7.876));
#8252=CARTESIAN_POINT('',(45.0712234582845,14.9944928548245,-13.7));
#8253=CARTESIAN_POINT('',(45.0712234582845,14.9944928548245,0.));
#8254=CARTESIAN_POINT('',(35.5212234582845,31.5355780671073,-13.7));
#8255=CARTESIAN_POINT('Origin',(0.,0.,-13.7));
#8256=CARTESIAN_POINT('',(35.5212234582845,31.5355780671073,7.876));
#8257=CARTESIAN_POINT('',(35.5212234582845,31.5355780671073,0.));
#8258=CARTESIAN_POINT('',(31.5470153810215,35.5110661702742,7.876));
#8259=CARTESIAN_POINT('Origin',(0.,0.,7.876));
#8260=CARTESIAN_POINT('',(31.5470153810215,35.5110661702742,-13.7));
#8261=CARTESIAN_POINT('',(31.5470153810215,35.5110661702742,0.));
#8262=CARTESIAN_POINT('',(-31.094469059919,35.9079934538501,-13.7));
#8263=CARTESIAN_POINT('Origin',(0.,0.,-13.7));
#8264=CARTESIAN_POINT('',(-31.094469059919,35.9079934538501,7.876));
#8265=CARTESIAN_POINT('',(-31.094469059919,35.9079934538501,0.));
#8266=CARTESIAN_POINT('',(-35.5212234582845,31.5355780671073,7.876));
#8267=CARTESIAN_POINT('Origin',(0.,0.,7.876));
#8268=CARTESIAN_POINT('',(-35.5212234582845,31.5355780671073,-13.7));
#8269=CARTESIAN_POINT('',(-35.5212234582845,31.5355780671073,0.));
#8270=CARTESIAN_POINT('',(-45.0712234582845,14.9944928548245,-13.7));
#8271=CARTESIAN_POINT('Origin',(0.,0.,-13.7));
#8272=CARTESIAN_POINT('',(-45.0712234582845,14.9944928548245,7.876));
#8273=CARTESIAN_POINT('',(-45.0712234582845,14.9944928548245,0.));
#8274=CARTESIAN_POINT('',(-46.5269931094384,9.56498364840594,7.876));
#8275=CARTESIAN_POINT('Origin',(0.,0.,7.876));
#8276=CARTESIAN_POINT('',(-46.5269931094384,9.56498364840594,-13.7));
#8277=CARTESIAN_POINT('',(-46.5269931094384,9.56498364840594,0.));
#8278=CARTESIAN_POINT('Origin',(0.,0.,-13.7));
#8279=CARTESIAN_POINT('Origin',(0.,0.,-13.7));
#8280=CARTESIAN_POINT('',(13.8431035823482,25.2897079276008,-13.7));
#8281=CARTESIAN_POINT('',(3.17655735906989,19.1313745942675,-13.7));
#8282=CARTESIAN_POINT('',(16.5580924465567,20.5872092728081,-13.7));
#8283=CARTESIAN_POINT('',(18.9455924465567,16.4519379697374,-13.7));
#8284=CARTESIAN_POINT('',(15.3731117291423,19.9030603366243,-13.7));
#8285=CARTESIAN_POINT('',(26.1080924465567,4.04612406052527,-13.7));
#8286=CARTESIAN_POINT('',(15.4415462232783,-2.11220927280807,-13.7));
#8287=CARTESIAN_POINT('',(29.1080924465567,-1.15002836218137,-13.7));
#8288=CARTESIAN_POINT('',(25.2205924465567,5.58331915224265,-13.7));
#8289=CARTESIAN_POINT('',(27.2097345299595,-2.246045816347,-13.7));
#8290=CARTESIAN_POINT('',(14.9799777284169,-24.6333333333333,-13.7));
#8291=CARTESIAN_POINT('',(14.9799777284169,-12.3166666666667,-13.7));
#8292=CARTESIAN_POINT('',(9.55,-24.6333333333333,-13.7));
#8293=CARTESIAN_POINT('',(4.775,-24.6333333333333,-13.7));
#8294=CARTESIAN_POINT('',(9.55,-23.2650354609659,-13.7));
#8295=CARTESIAN_POINT('',(-9.55000000000001,-24.6333333333333,-13.7));
#8296=CARTESIAN_POINT('',(-9.55000000000001,-12.3166666666667,-13.7));
#8297=CARTESIAN_POINT('',(-15.55,-24.6333333333333,-13.7));
#8298=CARTESIAN_POINT('',(-7.775,-24.6333333333333,-13.7));
#8299=CARTESIAN_POINT('',(-15.55,-22.4412984250021,-13.7));
#8300=CARTESIAN_POINT('',(-28.8230813107651,-0.656374594267473,-13.7));
#8301=CARTESIAN_POINT('',(-18.1565350874868,-6.81470792760082,-13.7));
#8302=CARTESIAN_POINT('',(-26.1080924465567,4.0461240605253,-13.7));
#8303=CARTESIAN_POINT('',(-23.7205924465567,8.18139536359599,-13.7));
#8304=CARTESIAN_POINT('',(-24.9231117291423,3.36197512434156,-13.7));
#8305=CARTESIAN_POINT('',(-16.5580924465567,20.5872092728081,-13.7));
#8306=CARTESIAN_POINT('',(-5.89154622327833,14.4288759394747,-13.7));
#8307=CARTESIAN_POINT('',(-13.5580924465567,25.7833616955147,-13.7));
#8308=CARTESIAN_POINT('',(-17.4455924465567,19.0500141810907,-13.7));
#8309=CARTESIAN_POINT('',(-11.6597345299595,24.6873442413491,-13.7));
#8310=CARTESIAN_POINT('Origin',(13.8431035823482,25.2897079276008,12.876));
#8311=CARTESIAN_POINT('',(13.8431035823482,25.2897079276008,7.876));
#8312=CARTESIAN_POINT('',(18.5838863352802,28.0268001261756,7.876));
#8313=CARTESIAN_POINT('',(13.8431035823482,25.2897079276008,12.876));
#8314=CARTESIAN_POINT('Origin',(16.5580924465567,20.5872092728081,12.876));
#8315=CARTESIAN_POINT('',(16.5580924465567,20.5872092728081,7.876));
#8316=CARTESIAN_POINT('',(15.8793452305046,21.7628339365062,7.876));
#8317=CARTESIAN_POINT('',(16.5580924465567,20.5872092728081,12.876));
#8318=CARTESIAN_POINT('Origin',(24.6821635203164,28.412642997354,7.876));
#8319=CARTESIAN_POINT('',(30.7804407053526,28.7984858685325,7.876));
#8320=CARTESIAN_POINT('Origin',(35.5212234582845,31.5355780671073,12.876));
#8321=CARTESIAN_POINT('Origin',(26.1080924465567,4.04612406052527,12.876));
#8322=CARTESIAN_POINT('',(26.1080924465567,4.04612406052527,7.876));
#8323=CARTESIAN_POINT('',(30.8488751994886,6.78321625910007,7.876));
#8324=CARTESIAN_POINT('',(26.1080924465567,4.04612406052527,12.876));
#8325=CARTESIAN_POINT('Origin',(29.1080924465567,-1.15002836218137,12.876));
#8326=CARTESIAN_POINT('',(29.1080924465567,-1.15002836218137,7.876));
#8327=CARTESIAN_POINT('',(28.3580924465567,0.14900974349529,7.876));
#8328=CARTESIAN_POINT('',(29.1080924465567,-1.15002836218137,12.876));
#8329=CARTESIAN_POINT('Origin',(37.0896579524206,6.92223224632155,7.876));
#8330=CARTESIAN_POINT('',(42.6170635061698,6.64937971556113,7.876));
#8331=CARTESIAN_POINT('Origin',(46.644469059919,8.97460339615402,12.876));
#8332=CARTESIAN_POINT('Origin',(-28.8230813107651,-0.656374594267473,12.876));
#8333=CARTESIAN_POINT('',(-28.8230813107651,-0.656374594267473,7.876));
#8334=CARTESIAN_POINT('',(-33.5638640636971,2.08071760430733,7.876));
#8335=CARTESIAN_POINT('',(-28.8230813107651,-0.656374594267473,12.876));
#8336=CARTESIAN_POINT('Origin',(-26.1080924465567,4.0461240605253,12.876));
#8337=CARTESIAN_POINT('',(-26.1080924465567,4.0461240605253,7.876));
#8338=CARTESIAN_POINT('',(-26.7868396626088,2.8704993968271,7.876));
#8339=CARTESIAN_POINT('',(-26.1080924465567,4.0461240605253,12.876));
#8340=CARTESIAN_POINT('Origin',(-36.9471523845248,7.16905913027853,7.876));
#8341=CARTESIAN_POINT('',(-40.3304407053526,12.2574006562497,7.876));
#8342=CARTESIAN_POINT('Origin',(-45.0712234582845,14.9944928548245,12.876));
#8343=CARTESIAN_POINT('Origin',(-16.5580924465567,20.5872092728081,12.876));
#8344=CARTESIAN_POINT('',(-16.5580924465567,20.5872092728081,7.876));
#8345=CARTESIAN_POINT('',(-21.2988751994886,23.3243014713829,7.876));
#8346=CARTESIAN_POINT('',(-16.5580924465567,20.5872092728081,12.876));
#8347=CARTESIAN_POINT('Origin',(-13.5580924465567,25.7833616955147,12.876));
#8348=CARTESIAN_POINT('',(-13.5580924465567,25.7833616955147,7.876));
#8349=CARTESIAN_POINT('',(-14.3080924465567,24.484323589838,7.876));
#8350=CARTESIAN_POINT('',(-13.5580924465567,25.7833616955147,12.876));
#8351=CARTESIAN_POINT('Origin',(-24.5396579524206,28.659469881311,7.876));
#8352=CARTESIAN_POINT('',(-27.0670635061698,33.5827697732572,7.876));
#8353=CARTESIAN_POINT('Origin',(-31.094469059919,35.9079934538501,12.876));
#8354=CARTESIAN_POINT('Origin',(14.9799777284169,-24.6333333333333,12.876));
#8355=CARTESIAN_POINT('',(14.9799777284169,-24.6333333333333,7.876));
#8356=CARTESIAN_POINT('',(14.9799777284169,-30.1075177304829,7.876));
#8357=CARTESIAN_POINT('',(14.9799777284169,-24.6333333333333,12.876));
#8358=CARTESIAN_POINT('Origin',(9.55,-24.6333333333333,12.876));
#8359=CARTESIAN_POINT('',(9.55,-24.6333333333333,7.876));
#8360=CARTESIAN_POINT('',(10.9074944321042,-24.6333333333333,7.876));
#8361=CARTESIAN_POINT('',(9.55,-24.6333333333333,12.876));
#8362=CARTESIAN_POINT('Origin',(12.2649888642085,-35.5817021276326,7.876));
#8363=CARTESIAN_POINT('',(9.55,-41.0558865247822,7.876));
#8364=CARTESIAN_POINT('Origin',(9.55,-46.5300709219318,12.876));
#8365=CARTESIAN_POINT('Origin',(-9.55000000000001,-24.6333333333333,12.876));
#8366=CARTESIAN_POINT('',(-9.55000000000001,-24.6333333333333,7.876));
#8367=CARTESIAN_POINT('',(-9.55000000000001,-30.1075177304829,7.876));
#8368=CARTESIAN_POINT('',(-9.55000000000001,-24.6333333333333,12.876));
#8369=CARTESIAN_POINT('Origin',(-15.55,-24.6333333333333,12.876));
#8370=CARTESIAN_POINT('',(-15.55,-24.6333333333333,7.876));
#8371=CARTESIAN_POINT('',(-14.05,-24.6333333333333,7.876));
#8372=CARTESIAN_POINT('',(-15.55,-24.6333333333333,12.876));
#8373=CARTESIAN_POINT('Origin',(-12.55,-35.5817021276325,7.876));
#8374=CARTESIAN_POINT('',(-15.55,-40.2321494888183,7.876));
#8375=CARTESIAN_POINT('Origin',(-15.55,-44.8825968500041,12.876));
#8376=CARTESIAN_POINT('Origin',(0.,0.,0.));
#8377=CARTESIAN_POINT('',(-16.5,2.02066721859313E-15,0.));
#8378=CARTESIAN_POINT('Origin',(0.,0.,0.));
#8379=CARTESIAN_POINT('',(-6.92820323027551,-12.0000000000001,0.));
#8380=CARTESIAN_POINT('',(6.92820323027552,-12.0000000000001,0.));
#8381=CARTESIAN_POINT('',(-6.92820323027551,-12.0000000000001,0.));
#8382=CARTESIAN_POINT('',(-13.8564064605511,4.44089209850063E-15,0.));
#8383=CARTESIAN_POINT('',(-13.8564064605511,4.44089209850063E-15,0.));
#8384=CARTESIAN_POINT('',(-6.92820323027555,12.,0.));
#8385=CARTESIAN_POINT('',(-6.92820323027555,12.,0.));
#8386=CARTESIAN_POINT('',(6.92820323027556,12.,0.));
#8387=CARTESIAN_POINT('',(6.92820323027556,12.,0.));
#8388=CARTESIAN_POINT('',(13.8564064605511,-1.99840144432528E-14,0.));
#8389=CARTESIAN_POINT('',(13.8564064605511,-1.99840144432528E-14,0.));
#8390=CARTESIAN_POINT('',(6.92820323027552,-12.0000000000001,0.));
#8391=CARTESIAN_POINT('Origin',(-6.92820323027551,-12.0000000000001,0.));
#8392=CARTESIAN_POINT('',(6.92820323027552,-12.0000000000001,25.));
#8393=CARTESIAN_POINT('',(6.92820323027552,-12.0000000000001,0.));
#8394=CARTESIAN_POINT('',(-6.92820323027551,-12.0000000000001,25.));
#8395=CARTESIAN_POINT('',(-6.92820323027551,-12.0000000000001,25.));
#8396=CARTESIAN_POINT('',(-6.92820323027551,-12.0000000000001,0.));
#8397=CARTESIAN_POINT('Origin',(-13.8564064605511,4.44089209850063E-15,
0.));
#8398=CARTESIAN_POINT('',(-13.8564064605511,4.44089209850063E-15,25.));
#8399=CARTESIAN_POINT('',(-13.8564064605511,4.44089209850063E-15,25.));
#8400=CARTESIAN_POINT('',(-13.8564064605511,4.44089209850063E-15,0.));
#8401=CARTESIAN_POINT('Origin',(-6.92820323027555,12.,0.));
#8402=CARTESIAN_POINT('',(-6.92820323027555,12.,25.));
#8403=CARTESIAN_POINT('',(-6.92820323027555,12.,25.));
#8404=CARTESIAN_POINT('',(-6.92820323027555,12.,0.));
#8405=CARTESIAN_POINT('Origin',(6.92820323027556,12.,0.));
#8406=CARTESIAN_POINT('',(6.92820323027556,12.,25.));
#8407=CARTESIAN_POINT('',(6.92820323027556,12.,25.));
#8408=CARTESIAN_POINT('',(6.92820323027556,12.,0.));
#8409=CARTESIAN_POINT('Origin',(13.8564064605511,-1.99840144432528E-14,
0.));
#8410=CARTESIAN_POINT('',(13.8564064605511,-1.99840144432528E-14,25.));
#8411=CARTESIAN_POINT('',(13.8564064605511,-1.99840144432528E-14,25.));
#8412=CARTESIAN_POINT('',(13.8564064605511,-1.99840144432528E-14,0.));
#8413=CARTESIAN_POINT('Origin',(6.92820323027552,-12.0000000000001,0.));
#8414=CARTESIAN_POINT('',(6.92820323027552,-12.0000000000001,25.));
#8415=CARTESIAN_POINT('Origin',(2.22044604925031E-15,-3.10862446895044E-14,
25.));
#8416=CARTESIAN_POINT('Origin',(4.6,24.6333333333333,25.));
#8417=CARTESIAN_POINT('',(4.6,24.6333333333333,25.));
#8418=CARTESIAN_POINT('',(-4.6,24.6333333333333,25.));
#8419=CARTESIAN_POINT('',(2.3,24.6333333333333,25.));
#8420=CARTESIAN_POINT('',(4.6,24.6333333333333,10.));
#8421=CARTESIAN_POINT('',(4.6,24.6333333333333,25.));
#8422=CARTESIAN_POINT('',(-4.6,24.6333333333333,10.));
#8423=CARTESIAN_POINT('',(4.6,24.6333333333333,10.));
#8424=CARTESIAN_POINT('',(-4.6,24.6333333333333,25.));
#8425=CARTESIAN_POINT('Origin',(4.6,29.0333333333333,25.));
#8426=CARTESIAN_POINT('',(4.6,29.0333333333333,25.));
#8427=CARTESIAN_POINT('',(4.6,14.5166666666667,25.));
#8428=CARTESIAN_POINT('',(4.6,29.0333333333333,10.));
#8429=CARTESIAN_POINT('',(4.6,29.0333333333333,25.));
#8430=CARTESIAN_POINT('',(4.6,29.0333333333333,10.));
#8431=CARTESIAN_POINT('Origin',(-4.6,29.0333333333333,25.));
#8432=CARTESIAN_POINT('',(-4.6,29.0333333333333,25.));
#8433=CARTESIAN_POINT('',(-2.3,29.0333333333333,25.));
#8434=CARTESIAN_POINT('',(-4.6,29.0333333333333,10.));
#8435=CARTESIAN_POINT('',(-4.6,29.0333333333333,25.));
#8436=CARTESIAN_POINT('',(-4.6,29.0333333333333,10.));
#8437=CARTESIAN_POINT('Origin',(-4.6,24.6333333333333,25.));
#8438=CARTESIAN_POINT('',(-4.6,12.3166666666667,25.));
#8439=CARTESIAN_POINT('',(-4.6,24.6333333333333,10.));
#8440=CARTESIAN_POINT('Origin',(1.08795627654345E-15,26.8333333333333,10.));
#8441=CARTESIAN_POINT('Origin',(0.,0.,0.));
#8442=CARTESIAN_POINT('',(-16.5,2.02066721859313E-15,25.));
#8443=CARTESIAN_POINT('Origin',(0.,0.,25.));
#8444=CARTESIAN_POINT('',(-16.5,-2.02066721859313E-15,0.));
#8445=CARTESIAN_POINT('Origin',(0.,0.,25.));
#8446=CARTESIAN_POINT('',(-45.,5.51091059616309E-15,25.));
#8447=CARTESIAN_POINT('Origin',(0.,0.,25.));
#8448=CARTESIAN_POINT('',(19.0330924465567,-16.3003835240751,25.));
#8449=CARTESIAN_POINT('',(23.6330924465567,-8.33294980925826,25.));
#8450=CARTESIAN_POINT('',(20.1830924465567,-14.3085250953709,25.));
#8451=CARTESIAN_POINT('',(27.4436042232082,-10.5329498092583,25.));
#8452=CARTESIAN_POINT('',(12.9665462232783,-2.17461647592492,25.));
#8453=CARTESIAN_POINT('',(22.8436042232082,-18.5003835240751,25.));
#8454=CARTESIAN_POINT('',(26.2936042232082,-12.5248082379625,25.));
#8455=CARTESIAN_POINT('',(10.2718021116041,-11.2420501907418,25.));
#8456=CARTESIAN_POINT('',(-23.6330924465567,-8.33294980925824,25.));
#8457=CARTESIAN_POINT('',(-19.0330924465567,-16.3003835240751,25.));
#8458=CARTESIAN_POINT('',(-22.4830924465567,-10.3248082379625,25.));
#8459=CARTESIAN_POINT('',(-22.8436042232082,-18.5003835240751,25.));
#8460=CARTESIAN_POINT('',(-8.36654622327834,-10.1420501907417,25.));
#8461=CARTESIAN_POINT('',(-27.4436042232082,-10.5329498092582,25.));
#8462=CARTESIAN_POINT('',(-23.9936042232082,-16.5085250953709,25.));
#8463=CARTESIAN_POINT('',(-14.8718021116041,-3.27461647592491,25.));
#8464=CARTESIAN_POINT('Origin',(0.,0.,22.5));
#8465=CARTESIAN_POINT('Origin',(-45.,-5.51091059616309E-15,22.5));
#8466=CARTESIAN_POINT('Origin',(-23.6330924465567,-8.33294980925824,25.));
#8467=CARTESIAN_POINT('',(-23.6330924465567,-8.33294980925824,10.));
#8468=CARTESIAN_POINT('',(-23.6330924465567,-8.33294980925824,25.));
#8469=CARTESIAN_POINT('',(-19.0330924465567,-16.3003835240751,10.));
#8470=CARTESIAN_POINT('',(-23.6330924465567,-8.33294980925824,10.));
#8471=CARTESIAN_POINT('',(-19.0330924465567,-16.3003835240751,25.));
#8472=CARTESIAN_POINT('Origin',(-27.4436042232082,-10.5329498092582,25.));
#8473=CARTESIAN_POINT('',(-27.4436042232082,-10.5329498092582,10.));
#8474=CARTESIAN_POINT('',(-27.4436042232082,-10.5329498092582,25.));
#8475=CARTESIAN_POINT('',(-27.4436042232082,-10.5329498092582,10.));
#8476=CARTESIAN_POINT('Origin',(-22.8436042232082,-18.5003835240751,25.));
#8477=CARTESIAN_POINT('',(-22.8436042232082,-18.5003835240751,10.));
#8478=CARTESIAN_POINT('',(-22.8436042232082,-18.5003835240751,25.));
#8479=CARTESIAN_POINT('',(-22.8436042232082,-18.5003835240751,10.));
#8480=CARTESIAN_POINT('Origin',(-19.0330924465567,-16.3003835240751,25.));
#8481=CARTESIAN_POINT('',(-19.0330924465567,-16.3003835240751,10.));
#8482=CARTESIAN_POINT('Origin',(-23.2383483348824,-13.4166666666667,10.));
#8483=CARTESIAN_POINT('Origin',(19.0330924465567,-16.3003835240751,25.));
#8484=CARTESIAN_POINT('',(19.0330924465567,-16.3003835240751,10.));
#8485=CARTESIAN_POINT('',(19.0330924465567,-16.3003835240751,25.));
#8486=CARTESIAN_POINT('',(23.6330924465567,-8.33294980925826,10.));
#8487=CARTESIAN_POINT('',(19.0330924465567,-16.3003835240751,10.));
#8488=CARTESIAN_POINT('',(23.6330924465567,-8.33294980925826,25.));
#8489=CARTESIAN_POINT('Origin',(22.8436042232082,-18.5003835240751,25.));
#8490=CARTESIAN_POINT('',(22.8436042232082,-18.5003835240751,10.));
#8491=CARTESIAN_POINT('',(22.8436042232082,-18.5003835240751,25.));
#8492=CARTESIAN_POINT('',(22.8436042232082,-18.5003835240751,10.));
#8493=CARTESIAN_POINT('Origin',(27.4436042232082,-10.5329498092583,25.));
#8494=CARTESIAN_POINT('',(27.4436042232082,-10.5329498092583,10.));
#8495=CARTESIAN_POINT('',(27.4436042232082,-10.5329498092583,25.));
#8496=CARTESIAN_POINT('',(27.4436042232082,-10.5329498092583,10.));
#8497=CARTESIAN_POINT('Origin',(23.6330924465567,-8.33294980925826,25.));
#8498=CARTESIAN_POINT('',(23.6330924465567,-8.33294980925826,10.));
#8499=CARTESIAN_POINT('Origin',(23.2383483348824,-13.4166666666667,10.));
#8500=CARTESIAN_POINT('',(0.,0.,0.));
#8501=CARTESIAN_POINT('Origin',(47.6313972081441,27.5,0.));
#8502=CARTESIAN_POINT('',(264.132621135332,142.508880257265,-1.05931948126246E-15));
#8503=CARTESIAN_POINT('Origin',(259.807621135332,150.,0.));
#8504=CARTESIAN_POINT('',(51.9563972081441,20.0088802572646,-1.05931948126246E-15));
#8505=CARTESIAN_POINT('',(51.9563972081441,20.0088802572646,-1.05931948126246E-15));
#8506=CARTESIAN_POINT('Origin',(47.6313972081441,27.5,0.));
#8507=CARTESIAN_POINT('Origin',(47.6313972081441,27.5,0.));
#8508=CARTESIAN_POINT('',(264.582621135332,141.729457393859,-1.16953769318572E-15));
#8509=CARTESIAN_POINT('Origin',(259.807621135332,150.,0.));
#8510=CARTESIAN_POINT('',(52.4063972081441,19.2294573938586,-1.16953769318572E-15));
#8511=CARTESIAN_POINT('',(52.4063972081441,19.2294573938586,-1.16953769318572E-15));
#8512=CARTESIAN_POINT('Origin',(47.6313972081441,27.5,0.));
#8513=CARTESIAN_POINT('Origin',(259.807621135332,150.,0.));
#8514=CARTESIAN_POINT('Origin',(47.6313972081441,27.5,0.));
#8515=CARTESIAN_POINT('',(0.,0.,0.));
#8516=CARTESIAN_POINT('Origin',(240.5,-8.7016388700601E-31,-1.47263777597469E-14));
#8517=CARTESIAN_POINT('',(640.5,2.2738541992353E-14,9.18014103099997));
#8518=CARTESIAN_POINT('Origin',(640.5,2.44249065417534E-14,-6.58419156848067E-13));
#8519=CARTESIAN_POINT('',(240.5,-1.68636454940043E-15,9.18014103100062));
#8520=CARTESIAN_POINT('',(240.5,-1.68636454940043E-15,9.18014103100062));
#8521=CARTESIAN_POINT('',(240.5,9.18014103100063,-1.30400132103465E-14));
#8522=CARTESIAN_POINT('Origin',(240.5,-8.7016388700601E-31,-1.47263777597469E-14));
#8523=CARTESIAN_POINT('Origin',(240.5,-8.7016388700601E-31,-1.47263777597469E-14));
#8524=CARTESIAN_POINT('Origin',(640.5,2.47059672999868E-14,-4.59007051550097));
#8525=CARTESIAN_POINT('Ctrl Pts',(-1.85674948502978,-21.,5.45060501907856));
#8526=CARTESIAN_POINT('Ctrl Pts',(-1.85674948502978,-23.1876862281374,5.45060501907856));
#8527=CARTESIAN_POINT('Ctrl Pts',(-3.40367725205415,-23.1876862281374,3.90367725205419));
#8528=CARTESIAN_POINT('Ctrl Pts',(-4.95060501907852,-23.1876862281374,2.35674948502982));
#8529=CARTESIAN_POINT('Ctrl Pts',(-4.95060501907852,-21.,2.35674948502982));
#8530=CARTESIAN_POINT('Ctrl Pts',(-4.95060501907852,-18.8123137718626,2.35674948502982));
#8531=CARTESIAN_POINT('Ctrl Pts',(-3.40367725205415,-18.8123137718626,3.9036772520542));
#8532=CARTESIAN_POINT('Ctrl Pts',(-1.85674948502978,-18.8123137718626,5.45060501907857));
#8533=CARTESIAN_POINT('Ctrl Pts',(-1.85674948502978,-21.,5.45060501907856));
#8534=CARTESIAN_POINT('Ctrl Pts',(-2.38597030789578,-21.,4.4624266724757));
#8535=CARTESIAN_POINT('Ctrl Pts',(-2.38597030789578,-22.1147229856391,4.4624266724757));
#8536=CARTESIAN_POINT('Ctrl Pts',(-3.17419849018572,-22.1147229856391,3.67419849018576));
#8537=CARTESIAN_POINT('Ctrl Pts',(-3.96242667247566,-22.1147229856391,2.88597030789582));
#8538=CARTESIAN_POINT('Ctrl Pts',(-3.96242667247566,-21.,2.88597030789582));
#8539=CARTESIAN_POINT('Ctrl Pts',(-3.96242667247566,-19.8852770143609,2.88597030789582));
#8540=CARTESIAN_POINT('Ctrl Pts',(-3.17419849018572,-19.8852770143609,3.67419849018576));
#8541=CARTESIAN_POINT('Ctrl Pts',(-2.38597030789578,-19.8852770143609,4.4624266724757));
#8542=CARTESIAN_POINT('Ctrl Pts',(-2.38597030789578,-21.,4.4624266724757));
#8543=CARTESIAN_POINT('Ctrl Pts',(-3.25775622273491,-21.,3.75775622273495));
#8544=CARTESIAN_POINT('Ctrl Pts',(-3.25775622273491,-21.,3.75775622273495));
#8545=CARTESIAN_POINT('Ctrl Pts',(-3.25775622273491,-21.,3.75775622273496));
#8546=CARTESIAN_POINT('Ctrl Pts',(-3.25775622273491,-21.,3.75775622273496));
#8547=CARTESIAN_POINT('Ctrl Pts',(-3.25775622273491,-21.,3.75775622273496));
#8548=CARTESIAN_POINT('Ctrl Pts',(-3.25775622273491,-21.,3.75775622273496));
#8549=CARTESIAN_POINT('Ctrl Pts',(-3.25775622273491,-21.,3.75775622273496));
#8550=CARTESIAN_POINT('Ctrl Pts',(-3.25775622273491,-21.,3.75775622273495));
#8551=CARTESIAN_POINT('Ctrl Pts',(-3.25775622273491,-21.,3.75775622273495));
#8552=CARTESIAN_POINT('',(-3.25775622273494,-21.,3.75775622273494));
#8553=CARTESIAN_POINT('',(-1.85674948502982,-21.,5.45060501907852));
#8554=CARTESIAN_POINT('Origin',(-6.74001565492509,-21.,8.06584765173696));
#8555=CARTESIAN_POINT('Origin',(-3.40367725205417,-21.,3.90367725205417));
#8556=CARTESIAN_POINT('Origin',(140.5,0.,0.));
#8557=CARTESIAN_POINT('',(240.432325138406,10.,-1.31955692608128E-14));
#8558=CARTESIAN_POINT('Origin',(240.432325138406,-3.06161699786839E-16,
-1.44202160599601E-14));
#8559=CARTESIAN_POINT('',(140.5,10.,-1.22464679914735E-15));
#8560=CARTESIAN_POINT('',(140.5,10.,1.22464679914735E-15));
#8561=CARTESIAN_POINT('Origin',(140.5,0.,0.));
#8562=CARTESIAN_POINT('Origin',(235.5,-3.06161699786839E-16,-1.44202160599601E-14));
#8563=CARTESIAN_POINT('Origin',(235.5,9.18014103100063,-1.27338515105597E-14));
#8564=CARTESIAN_POINT('Ctrl Pts',(9.20108702998562,-10.0000000000026,-17.3047278872488));
#8565=CARTESIAN_POINT('Ctrl Pts',(-4.97948859862589,-10.0000000000012,-24.8446736953713));
#8566=CARTESIAN_POINT('Ctrl Pts',(-15.1591278452214,-10.0000000000004,-12.4223368476858));
#8567=CARTESIAN_POINT('Ctrl Pts',(-25.338767091817,-9.99999999999958,-2.34608996527629E-13));
#8568=CARTESIAN_POINT('Ctrl Pts',(-15.1591278452215,-10.0000000000007,12.4223368476854));
#8569=CARTESIAN_POINT('Ctrl Pts',(-4.97948859862607,-10.0000000000019,24.844673695371));
#8570=CARTESIAN_POINT('Ctrl Pts',(9.20108702998549,-10.0000000000032,17.3047278872486));
#8571=CARTESIAN_POINT('Ctrl Pts',(11.0016032267424,-0.278228040318845,-20.6910063497718));
#8572=CARTESIAN_POINT('Ctrl Pts',(-5.95390062670012,-0.278228040317082,
-29.7064076672206));
#8573=CARTESIAN_POINT('Ctrl Pts',(-18.1255442180968,-0.278228040316131,
-14.8532038336104));
#8574=CARTESIAN_POINT('Ctrl Pts',(-30.2971878094936,-0.27822804031518,-1.09818995006412E-13));
#8575=CARTESIAN_POINT('Ctrl Pts',(-18.1255442180969,-0.278228040316569,
14.8532038336103));
#8576=CARTESIAN_POINT('Ctrl Pts',(-5.95390062670035,-0.278228040317958,
29.7064076672206));
#8577=CARTESIAN_POINT('Ctrl Pts',(11.0016032267422,-0.278228040319455,20.6910063497718));
#8578=CARTESIAN_POINT('Ctrl Pts',(9.28843069555918,9.51489652951327,-17.4689974306695));
#8579=CARTESIAN_POINT('Ctrl Pts',(-5.0267576642745,9.51489652951476,-25.0805180976045));
#8580=CARTESIAN_POINT('Ctrl Pts',(-15.3030297329592,9.51489652951556,-12.5402590488022));
#8581=CARTESIAN_POINT('Ctrl Pts',(-25.5793018016438,9.51489652951636,5.21775304500168E-14));
#8582=CARTESIAN_POINT('Ctrl Pts',(-15.3030297329592,9.51489652951519,12.5402590488024));
#8583=CARTESIAN_POINT('Ctrl Pts',(-5.02675766427469,9.51489652951402,25.0805180976048));
#8584=CARTESIAN_POINT('Ctrl Pts',(9.28843069555905,9.51489652951275,17.4689974306699));
#8585=CARTESIAN_POINT('',(9.20108702998614,-10.,-17.3047278872498));
#8586=CARTESIAN_POINT('',(9.20108702998614,-10.,17.3047278872498));
#8587=CARTESIAN_POINT('Origin',(0.,-10.,0.));
#8588=CARTESIAN_POINT('',(9.28843069555759,9.51489652951267,17.4689974306704));
#8589=CARTESIAN_POINT('Origin',(-2.69946148601887,0.,-5.07694865893883));
#8590=CARTESIAN_POINT('',(9.28843069555759,9.51489652951267,-17.4689974306704));
#8591=CARTESIAN_POINT('Origin',(0.,9.51489652951267,0.));
#8592=CARTESIAN_POINT('Origin',(-2.69946148601887,0.,5.07694865893883));
#8593=CARTESIAN_POINT('Origin',(3.06161699786838E-16,-9.,1.87469972832732E-32));
#8594=CARTESIAN_POINT('',(16.4069656231662,-9.,-13.8946564923442));
#8595=CARTESIAN_POINT('',(16.4069656231662,-9.,13.8946564923441));
#8596=CARTESIAN_POINT('Origin',(3.06161699786838E-16,-9.,1.87469972832732E-32));
#8597=CARTESIAN_POINT('',(21.1662535446896,-6.,-12.3385457361034));
#8598=CARTESIAN_POINT('Ctrl Pts',(21.1662535446896,-6.,-12.3385457361034));
#8599=CARTESIAN_POINT('Ctrl Pts',(20.6384008358675,-6.,-12.6192099999122));
#8600=CARTESIAN_POINT('Ctrl Pts',(20.1144226837486,-6.04952685557601,-12.8852708367238));
#8601=CARTESIAN_POINT('Ctrl Pts',(18.8753043874379,-6.26737498282425,-13.4870875273045));
#8602=CARTESIAN_POINT('Ctrl Pts',(18.181426715217,-6.4830133738989,-13.7984984214719));
#8603=CARTESIAN_POINT('Ctrl Pts',(17.337101885858,-6.8824143423303,-14.1317888997245));
#8604=CARTESIAN_POINT('Ctrl Pts',(17.0389626681474,-7.0513171570986,-14.2403020936143));
#8605=CARTESIAN_POINT('Ctrl Pts',(16.6381597987478,-7.37788644082084,-14.3512185289014));
#8606=CARTESIAN_POINT('Ctrl Pts',(16.4941140411184,-7.52063410799874,-14.3821611615795));
#8607=CARTESIAN_POINT('Ctrl Pts',(16.3104766879966,-7.7952087059488,-14.3883895885185));
#8608=CARTESIAN_POINT('Ctrl Pts',(16.2530684331662,-7.91354916778396,-14.3786693468079));
#8609=CARTESIAN_POINT('Ctrl Pts',(16.1886337631333,-8.15526560313599,-14.3283866483497));
#8610=CARTESIAN_POINT('Ctrl Pts',(16.1792737173891,-8.26933455900505,-14.2925261064885));
#8611=CARTESIAN_POINT('Ctrl Pts',(16.1993387920976,-8.52331039471949,-14.188864280649));
#8612=CARTESIAN_POINT('Ctrl Pts',(16.2384536872597,-8.65719761030076,-14.1175886194723));
#8613=CARTESIAN_POINT('Ctrl Pts',(16.3246657625374,-8.85562734840914,-13.9952552650682));
#8614=CARTESIAN_POINT('Ctrl Pts',(16.3636392273622,-8.92903516554644,-13.9458167845705));
#8615=CARTESIAN_POINT('Ctrl Pts',(16.4069656231662,-8.99999999999998,-13.8946564923442));
#8616=CARTESIAN_POINT('',(21.1662535446896,-6.,12.3385457361034));
#8617=CARTESIAN_POINT('Origin',(-6.12323399573676E-17,-6.,-3.74939945665464E-33));
#8618=CARTESIAN_POINT('Ctrl Pts',(16.4069656231662,-9.00000000000002,13.8946564923442));
#8619=CARTESIAN_POINT('Ctrl Pts',(16.3897869809004,-8.97186289138744,13.9149412250587));
#8620=CARTESIAN_POINT('Ctrl Pts',(16.37342066763,-8.94355522851911,13.9348029195819));
#8621=CARTESIAN_POINT('Ctrl Pts',(16.2804719253503,-8.77270315934481,14.0512172184933));
#8622=CARTESIAN_POINT('Ctrl Pts',(16.2163685578153,-8.61088174495588,14.1472297831085));
#8623=CARTESIAN_POINT('Ctrl Pts',(16.1784369029148,-8.31695121492762,14.2757709986577));
#8624=CARTESIAN_POINT('Ctrl Pts',(16.1823056834645,-8.19447602049912,14.3178521276374));
#8625=CARTESIAN_POINT('Ctrl Pts',(16.2393373494513,-7.95393761019983,14.3719769208997));
#8626=CARTESIAN_POINT('Ctrl Pts',(16.286218800712,-7.84414358167692,14.3846604271038));
#8627=CARTESIAN_POINT('Ctrl Pts',(16.4300649499436,-7.60625316507741,14.3879810603682));
#8628=CARTESIAN_POINT('Ctrl Pts',(16.53440417401,-7.4855570819696,14.3717487148152));
#8629=CARTESIAN_POINT('Ctrl Pts',(16.848278806865,-7.18906001702833,14.2993118808765));
#8630=CARTESIAN_POINT('Ctrl Pts',(17.0926226747336,-7.02738904266574,14.2184290333107));
#8631=CARTESIAN_POINT('Ctrl Pts',(17.8058340249473,-6.63419694563323,13.9556996885644));
#8632=CARTESIAN_POINT('Ctrl Pts',(18.408021547755,-6.40906236977203,13.6973593631464));
#8633=CARTESIAN_POINT('Ctrl Pts',(19.7146095806708,-6.09589650056064,13.0862111614806));
#8634=CARTESIAN_POINT('Ctrl Pts',(20.4315072651496,-5.99999999999999,12.729217262813));
#8635=CARTESIAN_POINT('Ctrl Pts',(21.1662535446896,-6.,12.3385457361034));
#8636=CARTESIAN_POINT('Origin',(27.6425189190306,0.,21.2100658155914));
#8637=CARTESIAN_POINT('',(15.5003667349606,9.16855143515366,-14.3092033489347));
#8638=CARTESIAN_POINT('Ctrl Pts',(15.5003667349711,9.16855143515136,-14.3092033489569));
#8639=CARTESIAN_POINT('Ctrl Pts',(13.4034392327744,9.40040102395474,-15.3303397480681));
#8640=CARTESIAN_POINT('Ctrl Pts',(11.3271870402061,9.51489652951265,-16.3849714533611));
#8641=CARTESIAN_POINT('Ctrl Pts',(9.28843069555758,9.51489652951265,-17.4689974306704));
#8642=CARTESIAN_POINT('',(17.3876513531383,4.,-14.7707695990168));
#8643=CARTESIAN_POINT('Ctrl Pts',(15.5003667350214,9.16855143518029,-14.3092033489184));
#8644=CARTESIAN_POINT('Ctrl Pts',(15.9730097133493,8.1802229896564,-14.4578293776277));
#8645=CARTESIAN_POINT('Ctrl Pts',(16.4003405843955,7.17080783621566,-14.5662892309815));
#8646=CARTESIAN_POINT('Ctrl Pts',(17.0036129693685,5.43706426123333,-14.699824789654));
#8647=CARTESIAN_POINT('Ctrl Pts',(17.2162241312956,4.7227252425352,-14.7404510927255));
#8648=CARTESIAN_POINT('Ctrl Pts',(17.3876513531383,4.,-14.7707695990168));
#8649=CARTESIAN_POINT('',(26.1431817861116,4.,-10.1153714886058));
#8650=CARTESIAN_POINT('',(20.5008080735308,4.,-13.1154748085438));
#8651=CARTESIAN_POINT('',(29.3364759421857,4.,-8.41746686775175));
#8652=CARTESIAN_POINT('',(20.5008080735308,4.,-13.1154748085438));
#8653=CARTESIAN_POINT('',(29.4273973603215,4.,-8.36912309218889));
#8654=CARTESIAN_POINT('',(20.5008080735308,4.,-13.1154748085438));
#8655=CARTESIAN_POINT('',(28.5982194732703,-6.,-8.38689935609028));
#8656=CARTESIAN_POINT('Origin',(-30.40007650987,0.,-9.65172961206647));
#8657=CARTESIAN_POINT('',(24.9506665902023,-6.,-10.3263376265015));
#8658=CARTESIAN_POINT('',(17.0058837962649,-10.,-13.1548438344184));
#8659=CARTESIAN_POINT('Ctrl Pts',(16.4069656231662,-8.99999999999999,-13.8946564923442));
#8660=CARTESIAN_POINT('Ctrl Pts',(16.6111979469154,-9.33451462499846,-13.6534966826909));
#8661=CARTESIAN_POINT('Ctrl Pts',(16.8109539576699,-9.66797025915469,-13.4068387820815));
#8662=CARTESIAN_POINT('Ctrl Pts',(17.0058837962649,-10.,-13.1548438344184));
#8663=CARTESIAN_POINT('',(24.1393232597641,-10.,-9.36192679148965));
#8664=CARTESIAN_POINT('Origin',(27.6425189190306,2.59748392107687E-15,-21.2100658155914));
#8665=CARTESIAN_POINT('',(17.0058837962649,-10.,13.1548438344184));
#8666=CARTESIAN_POINT('',(24.1393232597641,-10.,9.36192679148965));
#8667=CARTESIAN_POINT('Ctrl Pts',(17.0058837962649,-10.,13.1548438344184));
#8668=CARTESIAN_POINT('Ctrl Pts',(16.8109546835713,-9.66797149560403,13.4068378436747));
#8669=CARTESIAN_POINT('Ctrl Pts',(16.6111978928798,-9.33451453649301,13.6534967464966));
#8670=CARTESIAN_POINT('Ctrl Pts',(16.4069656231662,-9.00000000000002,13.8946564923442));
#8671=CARTESIAN_POINT('',(28.5982194732703,-6.,8.38689935609028));
#8672=CARTESIAN_POINT('',(24.9506665902023,-6.,10.3263376265016));
#8673=CARTESIAN_POINT('',(29.4273973603215,4.,8.36912309218889));
#8674=CARTESIAN_POINT('Origin',(-30.40007650987,-1.18199597756529E-15,9.65172961206647));
#8675=CARTESIAN_POINT('',(17.3876513531383,4.,14.7707695990168));
#8676=CARTESIAN_POINT('',(20.5008080735308,4.,13.1154748085438));
#8677=CARTESIAN_POINT('',(15.5003667349606,9.16855143515366,14.3092033489347));
#8678=CARTESIAN_POINT('Ctrl Pts',(17.3876513531383,4.00000000000001,14.7707695990168));
#8679=CARTESIAN_POINT('Ctrl Pts',(17.2162241312956,4.72272524253521,14.7404510927255));
#8680=CARTESIAN_POINT('Ctrl Pts',(17.0036129693685,5.43706426123333,14.699824789654));
#8681=CARTESIAN_POINT('Ctrl Pts',(16.4003405843955,7.17080783621567,14.5662892309815));
#8682=CARTESIAN_POINT('Ctrl Pts',(15.9730097133493,8.18022298965641,14.4578293776277));
#8683=CARTESIAN_POINT('Ctrl Pts',(15.5003667350214,9.16855143518031,14.3092033489184));
#8684=CARTESIAN_POINT('Ctrl Pts',(9.28843069555758,9.51489652951265,17.4689974306704));
#8685=CARTESIAN_POINT('Ctrl Pts',(11.3271870402061,9.51489652951265,16.3849714533611));
#8686=CARTESIAN_POINT('Ctrl Pts',(13.4034392327744,9.40040102395474,15.3303397480681));
#8687=CARTESIAN_POINT('Ctrl Pts',(15.5003667349711,9.16855143515136,14.3092033489569));
#8688=CARTESIAN_POINT('Origin',(28.3684365201397,1.17781678669936,-9.4979579339851));
#8689=CARTESIAN_POINT('',(27.6004622589109,4.,-10.7949125331519));
#8690=CARTESIAN_POINT('Origin',(28.2343896515219,4.,-9.43545085259692));
#8691=CARTESIAN_POINT('',(27.3824086874156,8.59083554445922,-10.6932324828756));
#8692=CARTESIAN_POINT('',(27.7345091275287,1.17781678669936,-10.8574196145401));
#8693=CARTESIAN_POINT('',(28.6502634726377,8.59083554445922,-7.97430912176566));
#8694=CARTESIAN_POINT('Ctrl Pts',(27.3824086874156,8.59083554445927,-10.6932324828756));
#8695=CARTESIAN_POINT('Ctrl Pts',(27.5551873687822,8.55719561696018,-10.7738005051628));
#8696=CARTESIAN_POINT('Ctrl Pts',(27.7557251928798,8.52122269908026,-10.8256952792374));
#8697=CARTESIAN_POINT('Ctrl Pts',(28.1613473844316,8.45484343741458,-10.8443873694326));
#8698=CARTESIAN_POINT('Ctrl Pts',(28.3664335871237,8.42444047110858,-10.811156844038));
#8699=CARTESIAN_POINT('Ctrl Pts',(28.7223446381236,8.37702137896015,-10.6817064685671));
#8700=CARTESIAN_POINT('Ctrl Pts',(28.8975599654221,8.35659411162263,-10.5787891778514));
#8701=CARTESIAN_POINT('Ctrl Pts',(29.1918529248852,8.3294268969918,-10.3104375217516));
#8702=CARTESIAN_POINT('Ctrl Pts',(29.3109078220881,8.3226942100119,-10.1449774897678));
#8703=CARTESIAN_POINT('Ctrl Pts',(29.390399476451,8.3226942100119,-9.97450708686379));
#8704=CARTESIAN_POINT('Ctrl Pts',(29.4698911308139,8.3226942100119,-9.80403668395983));
#8705=CARTESIAN_POINT('Ctrl Pts',(29.5201138560788,8.3294268969918,-9.60647968307385));
#8706=CARTESIAN_POINT('Ctrl Pts',(29.5365152830751,8.35659411162263,-9.20854507724829));
#8707=CARTESIAN_POINT('Ctrl Pts',(29.502728260314,8.37702137896017,-9.00816839012743));
#8708=CARTESIAN_POINT('Ctrl Pts',(29.3731177873699,8.42444047110859,-8.6523156098424));
#8709=CARTESIAN_POINT('Ctrl Pts',(29.2667469766822,8.45484343741458,-8.47385029392269));
#8710=CARTESIAN_POINT('Ctrl Pts',(28.9916990859146,8.52122269908026,-8.17514071205531));
#8711=CARTESIAN_POINT('Ctrl Pts',(28.8230421540043,8.55719561696018,-8.05487714405284));
#8712=CARTESIAN_POINT('Ctrl Pts',(28.6502634726377,8.59083554445927,-7.97430912176566));
#8713=CARTESIAN_POINT('',(28.868317044133,4.,-8.07598917204194));
#8714=CARTESIAN_POINT('',(29.0023639127508,1.17781678669936,-8.13849625343013));
#8715=CARTESIAN_POINT('Origin',(28.2343896515219,4.,-9.43545085259692));
#8716=CARTESIAN_POINT('Origin',(12.268923621649,-89.8766581279116,-1.99063177685373));
#8717=CARTESIAN_POINT('',(23.9509667591927,9.18435569951028,-9.09312483323109));
#8718=CARTESIAN_POINT('Origin',(11.634996229038,-89.8766581279116,-3.3500934574087));
#8719=CARTESIAN_POINT('',(14.1678033085575,9.80007164184306,-9.79728268117515));
#8720=CARTESIAN_POINT('Ctrl Pts',(23.9509667591927,9.18435569951033,-9.09312483323106));
#8721=CARTESIAN_POINT('Ctrl Pts',(22.8099275583672,9.35706471745155,-8.56104951563106));
#8722=CARTESIAN_POINT('Ctrl Pts',(21.4828617911551,9.51230030955041,-8.21613755085551));
#8723=CARTESIAN_POINT('Ctrl Pts',(18.7975947798579,9.73242652774144,-8.09188943311429));
#8724=CARTESIAN_POINT('Ctrl Pts',(17.4393853653503,9.79736655137967,-8.31281752193028));
#8725=CARTESIAN_POINT('Ctrl Pts',(15.5369546829409,9.82618442028629,-9.0072272271283));
#8726=CARTESIAN_POINT('Ctrl Pts',(14.8295374684907,9.82179432213226,-9.35896421024242));
#8727=CARTESIAN_POINT('Ctrl Pts',(14.1678033085575,9.8000716418431,-9.79728268117514));
#8728=CARTESIAN_POINT('',(10.3274460937131,9.65459701510369,-11.4648026991298));
#8729=CARTESIAN_POINT('Origin',(7.55995038037557,9.26467482850393,0.205198507599071));
#8730=CARTESIAN_POINT('',(5.06266692272999,9.80673080219792,1.36970091468211));
#8731=CARTESIAN_POINT('Ctrl Pts',(10.3274460937131,9.65459701510374,-11.4648026991298));
#8732=CARTESIAN_POINT('Ctrl Pts',(9.99816511535737,9.67461773577269,-11.1869969577626));
#8733=CARTESIAN_POINT('Ctrl Pts',(9.68438983058323,9.69320256261349,-10.8979175632804));
#8734=CARTESIAN_POINT('Ctrl Pts',(8.0581301834618,9.78690841588232,-9.26986355361469));
#8735=CARTESIAN_POINT('Ctrl Pts',(6.90509660581233,9.84263869549362,-7.58412905721471));
#8736=CARTESIAN_POINT('Ctrl Pts',(5.37602456389365,9.88743867010652,-3.89035378043329));
#8737=CARTESIAN_POINT('Ctrl Pts',(5.,9.87651479437515,-1.8823073238598));
#8738=CARTESIAN_POINT('Ctrl Pts',(5.,9.82994119335899,0.450677836232008));
#8739=CARTESIAN_POINT('Ctrl Pts',(5.02038523892298,9.8192180658131,0.908596148402348));
#8740=CARTESIAN_POINT('Ctrl Pts',(5.0626669251044,9.80673080219791,1.36970091977405));
#8741=CARTESIAN_POINT('',(7.52567515315008,9.98629534754576,0.221181308539303));
#8742=CARTESIAN_POINT('Origin',(12.268923621649,-89.8766581279116,-1.99063177685373));
#8743=CARTESIAN_POINT('',(10.7165586116267,9.15819540598068,11.7820930224064));
#8744=CARTESIAN_POINT('Ctrl Pts',(5.0626669251044,9.80673080219791,1.36970091977405));
#8745=CARTESIAN_POINT('Ctrl Pts',(5.19713712716662,9.76701703926203,2.8361715688434));
#8746=CARTESIAN_POINT('Ctrl Pts',(5.55956024407805,9.70897132726251,4.3342785867436));
#8747=CARTESIAN_POINT('Ctrl Pts',(6.90611102731007,9.53931439972804,7.58584504699107));
#8748=CARTESIAN_POINT('Ctrl Pts',(8.05892907285241,9.41589262811393,9.27063515120695));
#8749=CARTESIAN_POINT('Ctrl Pts',(9.79911678607765,9.24524817128415,11.0127798335487));
#8750=CARTESIAN_POINT('Ctrl Pts',(10.2435172723153,9.20261483898051,11.4093704900495));
#8751=CARTESIAN_POINT('Ctrl Pts',(10.7165586116267,9.15819540598071,11.7820930224064));
#8752=CARTESIAN_POINT('',(19.4697415013044,9.80007164184306,1.57276046528461));
#8753=CARTESIAN_POINT('Origin',(7.55995038037557,9.26467482850393,0.205198507599071));
#8754=CARTESIAN_POINT('',(25.2188215444148,9.18435569951028,-6.37420147212115));
#8755=CARTESIAN_POINT('Ctrl Pts',(19.4697415013044,9.8000716418431,1.57276046528461));
#8756=CARTESIAN_POINT('Ctrl Pts',(19.5593245912414,9.82179432213226,0.78409700703346));
#8757=CARTESIAN_POINT('Ctrl Pts',(19.7445974502149,9.82618442028629,0.016091806322933));
#8758=CARTESIAN_POINT('Ctrl Pts',(20.4355076252403,9.79736655137967,-1.88761260090319));
#8759=CARTESIAN_POINT('Ctrl Pts',(21.1393070734791,9.73242652774144,-3.07007121360128));
#8760=CARTESIAN_POINT('Ctrl Pts',(22.9605430172045,9.51230030955042,-5.04723993528523));
#8761=CARTESIAN_POINT('Ctrl Pts',(24.0777823435892,9.35706471745155,-5.84212615452116));
#8762=CARTESIAN_POINT('Ctrl Pts',(25.2188215444147,9.18435569951033,-6.37420147212115));
#8763=CARTESIAN_POINT('Origin',(12.9028510142601,-89.8766581279116,-0.63117009629875));
#8764=CARTESIAN_POINT('Origin',(-1.65667568261897,-21.,2.15667568261897));
#8765=CARTESIAN_POINT('',(-2.36378246380552,-17.8551629612967,2.86378246380552));
#8766=CARTESIAN_POINT('Origin',(-2.36378246380552,-21.,2.86378246380552));
#8767=CARTESIAN_POINT('Origin',(-3.60121933088198,-21.,4.10121933088198));
#8768=CARTESIAN_POINT('',(-3.99012806053458,-24.5,4.49012806053458));
#8769=CARTESIAN_POINT('Origin',(-3.99012806053458,-21.,4.49012806053458));
#8770=CARTESIAN_POINT('',(-2.36378246380552,-24.5,2.86378246380552));
#8771=CARTESIAN_POINT('',(-3.60121933088198,-24.5,4.10121933088198));
#8772=CARTESIAN_POINT('Origin',(-2.36378246380552,-21.,2.86378246380552));
#8773=CARTESIAN_POINT('Origin',(72.4833450284884,0.,7.44607159717643));
#8774=CARTESIAN_POINT('',(140.5,6.,5.9879019723648));
#8775=CARTESIAN_POINT('',(140.5,-6.,5.9879019723648));
#8776=CARTESIAN_POINT('',(140.5,-8.17401731335171E-16,5.9879019723648));
#8777=CARTESIAN_POINT('',(32.4921260722264,6.,8.30342015049233));
#8778=CARTESIAN_POINT('',(73.8208737837862,6.,7.41739709379039));
#8779=CARTESIAN_POINT('',(32.4921260722264,4.,8.30342015049233));
#8780=CARTESIAN_POINT('',(32.4921260722264,5.,8.30342015049233));
#8781=CARTESIAN_POINT('',(46.333507138503,4.,8.00668280807611));
#8782=CARTESIAN_POINT('',(73.8208737837862,-6.,7.41739709379039));
#8783=CARTESIAN_POINT('Origin',(75.,6.,-4.59242549680257E-15));
#8784=CARTESIAN_POINT('',(140.5,6.,-5.98790197236481));
#8785=CARTESIAN_POINT('',(140.5,6.,-2.74999999999995));
#8786=CARTESIAN_POINT('',(32.4921260722264,6.,-8.30342015049233));
#8787=CARTESIAN_POINT('',(73.8208737837862,6.,-7.4173970937904));
#8788=CARTESIAN_POINT('Origin',(20.,6.,-1.22464679914735E-15));
#8789=CARTESIAN_POINT('Origin',(-3.99012806053458,-17.5,-4.49012806053458));
#8790=CARTESIAN_POINT('',(0.499999999999999,-10.,-8.98025612106915));
#8791=CARTESIAN_POINT('',(-8.48025612106915,-10.,5.19265925730854E-16));
#8792=CARTESIAN_POINT('',(-4.11512806053458,-10.,-4.36512806053458));
#8793=CARTESIAN_POINT('',(0.499999999999999,-26.,-8.98025612106915));
#8794=CARTESIAN_POINT('',(0.499999999999999,-17.5,-8.98025612106915));
#8795=CARTESIAN_POINT('',(-8.48025612106915,-26.,5.19265925730854E-16));
#8796=CARTESIAN_POINT('',(-3.99012806053458,-26.,-4.49012806053458));
#8797=CARTESIAN_POINT('',(-8.48025612106915,-17.5,5.19265925730854E-16));
#8798=CARTESIAN_POINT('Origin',(4.99012806053458,-17.5,-4.49012806053458));
#8799=CARTESIAN_POINT('',(9.48025612106915,-10.,-5.80498265688222E-16));
#8800=CARTESIAN_POINT('',(4.86512806053458,-10.,-4.61512806053458));
#8801=CARTESIAN_POINT('',(9.48025612106915,-26.,-5.80498265688222E-16));
#8802=CARTESIAN_POINT('',(9.48025612106915,-17.5,-5.80498265688222E-16));
#8803=CARTESIAN_POINT('',(4.99012806053458,-26.,-4.49012806053458));
#8804=CARTESIAN_POINT('Origin',(-2.36378246380552,-17.6775814806484,2.86378246380552));
#8805=CARTESIAN_POINT('Origin',(-3.99012806053458,-17.5,4.49012806053458));
#8806=CARTESIAN_POINT('',(0.500000000000001,-10.,8.98025612106915));
#8807=CARTESIAN_POINT('',(-4.11512806053458,-10.,4.36512806053458));
#8808=CARTESIAN_POINT('',(0.500000000000001,-26.,8.98025612106915));
#8809=CARTESIAN_POINT('',(-3.99012806053458,-26.,4.49012806053458));
#8810=CARTESIAN_POINT('',(0.500000000000001,-17.5,8.98025612106915));
#8811=CARTESIAN_POINT('Origin',(0.5,-26.,-3.06161699786838E-17));
#8812=CARTESIAN_POINT('',(4.99012806053458,-26.,4.49012806053458));
#8813=CARTESIAN_POINT('Origin',(4.99012806053458,-17.5,4.49012806053458));
#8814=CARTESIAN_POINT('',(4.86512806053458,-10.,4.61512806053458));
#8815=CARTESIAN_POINT('Origin',(7.99999999999994,-3.33066907387547E-15,
2.88200291304452E-14));
#8816=CARTESIAN_POINT('',(10.5040247913598,4.,-11.6114794422111));
#8817=CARTESIAN_POINT('Origin',(7476.19753733946,153.237262983608,3331.92769398997));
#8818=CARTESIAN_POINT('',(14.4432926664716,4.,-9.92574547851069));
#8819=CARTESIAN_POINT('',(14.6078529281819,0.535396813339125,-10.0024811887742));
#8820=CARTESIAN_POINT('Origin',(7.81000968613787,4.,0.0885939383291856));
#8821=CARTESIAN_POINT('Origin',(7.99999999999994,-3.33066907387547E-15,
2.88200291304452E-14));
#8822=CARTESIAN_POINT('',(10.6682491817163,4.,11.7438676195477));
#8823=CARTESIAN_POINT('Ctrl Pts',(10.6682491817163,4.,11.7438676195477));
#8824=CARTESIAN_POINT('Ctrl Pts',(10.6855012944918,5.71362691846254,11.7575762564913));
#8825=CARTESIAN_POINT('Ctrl Pts',(10.7016438487796,7.43834248062255,11.7703412626427));
#8826=CARTESIAN_POINT('Ctrl Pts',(10.7165586116266,9.15819540598069,11.7820930224063));
#8827=CARTESIAN_POINT('',(19.7452308592185,4.,1.44429766794907));
#8828=CARTESIAN_POINT('Origin',(7.81000968613787,4.,0.0885939383291856));
#8829=CARTESIAN_POINT('',(19.9097911209288,0.535396813339124,1.36756195768557));
#8830=CARTESIAN_POINT('Origin',(21.,4.,-1.28587913910472E-15));
#8831=CARTESIAN_POINT('',(22.0408682301597,4.,-8.20243126131242));
#8832=CARTESIAN_POINT('Origin',(20.1143970350002,0.981560824455068,-18.3378821794194));
#8833=CARTESIAN_POINT('',(24.1972111008233,4.,-9.2079504555108));
#8834=CARTESIAN_POINT('Origin',(19.9710284834163,4.,-18.2710283258773));
#8835=CARTESIAN_POINT('',(24.3405796524072,0.981560824455067,-9.27480430905294));
#8836=CARTESIAN_POINT('Origin',(29.8346170550362,0.981560824455067,2.50719692242351));
#8837=CARTESIAN_POINT('',(25.4650658860454,4.,-6.48902709440085));
#8838=CARTESIAN_POINT('Origin',(29.6912485034524,4.,2.57405077596564));
#8839=CARTESIAN_POINT('',(25.6084344376292,0.981560824455067,-6.55588094794299));
#8840=CARTESIAN_POINT('Origin',(26.0375443899679,1.07968880557722,-10.0661119617965));
#8841=CARTESIAN_POINT('',(21.630171327738,4.,-8.01092015053267));
#8842=CARTESIAN_POINT('Origin',(27.30539917519,1.07968880557722,-7.34718860068655));
#8843=CARTESIAN_POINT('',(22.8980261129601,4.,-5.29199678942272));
#8844=CARTESIAN_POINT('Origin',(20.,8.,-1.22464679914735E-15));
#8845=CARTESIAN_POINT('Origin',(20.,4.,-1.22464679914735E-15));
#8846=CARTESIAN_POINT('Ctrl Pts',(15.5003667349725,9.16855143516108,14.309203348903));
#8847=CARTESIAN_POINT('Ctrl Pts',(15.0745807116983,9.27890364868731,14.1753118311579));
#8848=CARTESIAN_POINT('Ctrl Pts',(14.6533578658934,9.38783557114025,14.0219204837111));
#8849=CARTESIAN_POINT('Ctrl Pts',(13.3094945050944,9.73466296765453,13.4629799161112));
#8850=CARTESIAN_POINT('Ctrl Pts',(12.4162407072236,9.96406316798511,12.9801539475577));
#8851=CARTESIAN_POINT('Ctrl Pts',(10.7620557340328,10.3872600905645,11.8599404440051));
#8852=CARTESIAN_POINT('Ctrl Pts',(10.0011843622632,10.5810532011963,11.2224632371248));
#8853=CARTESIAN_POINT('Ctrl Pts',(8.6769820198623,10.9173490947858,9.88157791335337));
#8854=CARTESIAN_POINT('Ctrl Pts',(8.06410443317255,11.0724637497842,9.1370994660182));
#8855=CARTESIAN_POINT('Ctrl Pts',(6.98091270714385,11.3459651932359,7.5136912200993));
#8856=CARTESIAN_POINT('Ctrl Pts',(6.51055350375741,11.4643751148425,6.63479538763854));
#8857=CARTESIAN_POINT('Ctrl Pts',(5.75377475543637,11.6546172753323,4.79903656347322));
#8858=CARTESIAN_POINT('Ctrl Pts',(5.46673428308673,11.7266132556444,3.84063297682592));
#8859=CARTESIAN_POINT('Ctrl Pts',(5.08980566216893,11.8211125331601,1.91111979990867));
#8860=CARTESIAN_POINT('Ctrl Pts',(5.,11.8435971133565,0.939993180282488));
#8861=CARTESIAN_POINT('Ctrl Pts',(5.,11.8435971133565,-0.939993180282494));
#8862=CARTESIAN_POINT('Ctrl Pts',(5.08980566216893,11.8211125331601,-1.91111979990868));
#8863=CARTESIAN_POINT('Ctrl Pts',(5.46673428308673,11.7266132556444,-3.84063297682592));
#8864=CARTESIAN_POINT('Ctrl Pts',(5.75377475543637,11.6546172753323,-4.79903656347323));
#8865=CARTESIAN_POINT('Ctrl Pts',(6.51055350375741,11.4643751148425,-6.63479538763854));
#8866=CARTESIAN_POINT('Ctrl Pts',(6.98091270714385,11.3459651932359,-7.5136912200993));
#8867=CARTESIAN_POINT('Ctrl Pts',(8.06410443317255,11.0724637497842,-9.13709946601821));
#8868=CARTESIAN_POINT('Ctrl Pts',(8.6769820198623,10.9173490947858,-9.88157791335338));
#8869=CARTESIAN_POINT('Ctrl Pts',(10.0011843622632,10.5810532011963,-11.2224632371248));
#8870=CARTESIAN_POINT('Ctrl Pts',(10.7620557340328,10.3872600905645,-11.8599404440051));
#8871=CARTESIAN_POINT('Ctrl Pts',(12.4162407072236,9.96406316798511,-12.9801539475577));
#8872=CARTESIAN_POINT('Ctrl Pts',(13.3094945050944,9.73466296765453,-13.4629799161112));
#8873=CARTESIAN_POINT('Ctrl Pts',(14.6533578658934,9.38783557114025,-14.0219204837111));
#8874=CARTESIAN_POINT('Ctrl Pts',(15.0745807116983,9.27890364868731,-14.1753118311579));
#8875=CARTESIAN_POINT('Ctrl Pts',(15.5003667349725,9.16855143516107,-14.309203348903));
#8876=CARTESIAN_POINT('Origin',(20.,4.,-1.22464679914735E-15));
#8877=CARTESIAN_POINT('Origin',(20.,4.,-1.22464679914735E-15));
#8878=CARTESIAN_POINT('Origin',(20.,4.,-1.22464679914735E-15));
#8879=CARTESIAN_POINT('',(32.4921260722264,4.,-8.30342015049233));
#8880=CARTESIAN_POINT('Origin',(20.,4.,-1.22464679914735E-15));
#8881=CARTESIAN_POINT('',(46.333507138503,4.,-8.00668280807612));
#8882=CARTESIAN_POINT('Origin',(20.,8.,-1.22464679914735E-15));
#8883=CARTESIAN_POINT('',(32.4921260722264,5.,-8.30342015049233));
#8884=CARTESIAN_POINT('Origin',(72.4833450284884,9.11880774770414E-16,-7.44607159717644));
#8885=CARTESIAN_POINT('',(140.5,-6.,-5.98790197236482));
#8886=CARTESIAN_POINT('',(140.5,-4.13653117233205E-16,-5.98790197236482));
#8887=CARTESIAN_POINT('',(73.8208737837862,-6.,-7.4173970937904));
#8888=CARTESIAN_POINT('Origin',(0.,-68.,0.));
#8889=CARTESIAN_POINT('Origin',(6.19977442068347E-15,-6.,-102.25));
#8890=CARTESIAN_POINT('',(140.5,-5.99999999999998,-53.8749999999998));
#8891=CARTESIAN_POINT('Origin',(4.28626379701574E-16,-10.,2.62457961965825E-32));
#8892=CARTESIAN_POINT('Origin',(4.28626379701574E-16,-10.,2.62457961965825E-32));
#8893=CARTESIAN_POINT('Origin',(0.,-10.,0.));
#8894=CARTESIAN_POINT('Origin',(140.5,-5.78645612597124E-15,-5.50000000000006));
#8895=CARTESIAN_POINT('',(0.,0.,0.));
#8896=CARTESIAN_POINT('',(0.,0.,0.));
#8897=CARTESIAN_POINT('',(0.,0.,0.));
#8898=CARTESIAN_POINT('',(-3.5527136788005E-14,-4.44089209850063E-14,-10.45));
#8899=CARTESIAN_POINT('',(1.77635683940025E-14,3.5527136788005E-14,-10.45));
#8900=CARTESIAN_POINT('',(-1.83697019872103E-14,-355.,-10.45));
#8901=CARTESIAN_POINT('',(-0.353553390593272,0.353553390593241,54.));
#8902=UNCERTAINTY_MEASURE_WITH_UNIT(LENGTH_MEASURE(0.01),#8916,
'DISTANCE_ACCURACY_VALUE',
'Maximum model space distance between geometric entities at asserted c
onnectivities');
#8903=UNCERTAINTY_MEASURE_WITH_UNIT(LENGTH_MEASURE(0.01),#8916,
'DISTANCE_ACCURACY_VALUE',
'Maximum model space distance between geometric entities at asserted c
onnectivities');
#8904=UNCERTAINTY_MEASURE_WITH_UNIT(LENGTH_MEASURE(0.01),#8916,
'DISTANCE_ACCURACY_VALUE',
'Maximum model space distance between geometric entities at asserted c
onnectivities');
#8905=UNCERTAINTY_MEASURE_WITH_UNIT(LENGTH_MEASURE(0.01),#8916,
'DISTANCE_ACCURACY_VALUE',
'Maximum model space distance between geometric entities at asserted c
onnectivities');
#8906=UNCERTAINTY_MEASURE_WITH_UNIT(LENGTH_MEASURE(0.01),#8916,
'DISTANCE_ACCURACY_VALUE',
'Maximum model space distance between geometric entities at asserted c
onnectivities');
#8907=UNCERTAINTY_MEASURE_WITH_UNIT(LENGTH_MEASURE(0.01),#8916,
'DISTANCE_ACCURACY_VALUE',
'Maximum model space distance between geometric entities at asserted c
onnectivities');
#8908=UNCERTAINTY_MEASURE_WITH_UNIT(LENGTH_MEASURE(0.01),#8916,
'DISTANCE_ACCURACY_VALUE',
'Maximum model space distance between geometric entities at asserted c
onnectivities');
#8909=(
GEOMETRIC_REPRESENTATION_CONTEXT(3)
GLOBAL_UNCERTAINTY_ASSIGNED_CONTEXT((#8902))
GLOBAL_UNIT_ASSIGNED_CONTEXT((#8916,#8918,#8919))
REPRESENTATION_CONTEXT('','3D')
);
#8910=(
GEOMETRIC_REPRESENTATION_CONTEXT(3)
GLOBAL_UNCERTAINTY_ASSIGNED_CONTEXT((#8903))
GLOBAL_UNIT_ASSIGNED_CONTEXT((#8916,#8918,#8919))
REPRESENTATION_CONTEXT('','3D')
);
#8911=(
GEOMETRIC_REPRESENTATION_CONTEXT(3)
GLOBAL_UNCERTAINTY_ASSIGNED_CONTEXT((#8904))
GLOBAL_UNIT_ASSIGNED_CONTEXT((#8916,#8918,#8919))
REPRESENTATION_CONTEXT('','3D')
);
#8912=(
GEOMETRIC_REPRESENTATION_CONTEXT(3)
GLOBAL_UNCERTAINTY_ASSIGNED_CONTEXT((#8905))
GLOBAL_UNIT_ASSIGNED_CONTEXT((#8916,#8918,#8919))
REPRESENTATION_CONTEXT('','3D')
);
#8913=(
GEOMETRIC_REPRESENTATION_CONTEXT(3)
GLOBAL_UNCERTAINTY_ASSIGNED_CONTEXT((#8906))
GLOBAL_UNIT_ASSIGNED_CONTEXT((#8916,#8918,#8919))
REPRESENTATION_CONTEXT('','3D')
);
#8914=(
GEOMETRIC_REPRESENTATION_CONTEXT(3)
GLOBAL_UNCERTAINTY_ASSIGNED_CONTEXT((#8907))
GLOBAL_UNIT_ASSIGNED_CONTEXT((#8916,#8918,#8919))
REPRESENTATION_CONTEXT('','3D')
);
#8915=(
GEOMETRIC_REPRESENTATION_CONTEXT(3)
GLOBAL_UNCERTAINTY_ASSIGNED_CONTEXT((#8908))
GLOBAL_UNIT_ASSIGNED_CONTEXT((#8916,#8918,#8919))
REPRESENTATION_CONTEXT('','3D')
);
#8916=(
LENGTH_UNIT()
NAMED_UNIT(*)
SI_UNIT(.MILLI.,.METRE.)
);
#8917=(
LENGTH_UNIT()
NAMED_UNIT(*)
SI_UNIT($,.METRE.)
);
#8918=(
NAMED_UNIT(*)
PLANE_ANGLE_UNIT()
SI_UNIT($,.RADIAN.)
);
#8919=(
NAMED_UNIT(*)
SI_UNIT($,.STERADIAN.)
SOLID_ANGLE_UNIT()
);
#8920=SHAPE_DEFINITION_REPRESENTATION(#8926,#8939);
#8921=SHAPE_DEFINITION_REPRESENTATION(#8927,#8940);
#8922=SHAPE_DEFINITION_REPRESENTATION(#8928,#8941);
#8923=SHAPE_DEFINITION_REPRESENTATION(#8929,#8942);
#8924=SHAPE_DEFINITION_REPRESENTATION(#8930,#8943);
#8925=SHAPE_DEFINITION_REPRESENTATION(#8931,#8944);
#8926=PRODUCT_DEFINITION_SHAPE('',$,#8946);
#8927=PRODUCT_DEFINITION_SHAPE('',$,#8947);
#8928=PRODUCT_DEFINITION_SHAPE('',$,#8948);
#8929=PRODUCT_DEFINITION_SHAPE('',$,#8949);
#8930=PRODUCT_DEFINITION_SHAPE('',$,#8950);
#8931=PRODUCT_DEFINITION_SHAPE('',$,#8951);
#8932=PRODUCT_DEFINITION_SHAPE($,$,#32);
#8933=PRODUCT_DEFINITION_SHAPE($,$,#33);
#8934=PRODUCT_DEFINITION_SHAPE($,$,#34);
#8935=PRODUCT_DEFINITION_SHAPE($,$,#35);
#8936=PRODUCT_DEFINITION_SHAPE($,$,#36);
#8937=PRODUCT_DEFINITION_SHAPE($,$,#37);
#8938=PRODUCT_DEFINITION_SHAPE($,$,#38);
#8939=SHAPE_REPRESENTATION('',(#4284,#4613,#4614,#4615,#4616,#4617,#4618,
#4619),#8909);
#8940=SHAPE_REPRESENTATION('',(#4285),#8910);
#8941=SHAPE_REPRESENTATION('',(#4306),#8911);
#8942=SHAPE_REPRESENTATION('',(#4442),#8912);
#8943=SHAPE_REPRESENTATION('',(#4531),#8913);
#8944=SHAPE_REPRESENTATION('',(#4540),#8914);
#8945=PRODUCT_DEFINITION_CONTEXT('part definition',#8965,'design');
#8946=PRODUCT_DEFINITION('2026-07-18-16-48-36-054','makethonDT_v2',#8952,
#8945);
#8947=PRODUCT_DEFINITION('2026-07-18-18-54-42-446','ratchet_socket',#8953,
#8945);
#8948=PRODUCT_DEFINITION('2026-07-18-19-48-44-610','pipeleg',#8954,#8945);
#8949=PRODUCT_DEFINITION('2026-07-18-19-04-07-570','DT_main',#8955,#8945);
#8950=PRODUCT_DEFINITION('2026-07-18-22-31-43-813','pipe',#8956,#8945);
#8951=PRODUCT_DEFINITION('2026-07-18-22-45-18-643','\X2\C18CCF13B80CCE58\X0\',
#8957,#8945);
#8952=PRODUCT_DEFINITION_FORMATION('',$,#8967);
#8953=PRODUCT_DEFINITION_FORMATION('',$,#8968);
#8954=PRODUCT_DEFINITION_FORMATION('',$,#8969);
#8955=PRODUCT_DEFINITION_FORMATION('',$,#8970);
#8956=PRODUCT_DEFINITION_FORMATION('',$,#8971);
#8957=PRODUCT_DEFINITION_FORMATION('',$,#8972);
#8958=PRODUCT_RELATED_PRODUCT_CATEGORY('makethonDT_v2','makethonDT_v2',
(#8967));
#8959=PRODUCT_RELATED_PRODUCT_CATEGORY('ratchet_socket',
'ratchet_socket',(#8968));
#8960=PRODUCT_RELATED_PRODUCT_CATEGORY('pipeleg','pipeleg',(#8969));
#8961=PRODUCT_RELATED_PRODUCT_CATEGORY('DT_main','DT_main',(#8970));
#8962=PRODUCT_RELATED_PRODUCT_CATEGORY('pipe','pipe',(#8971));
#8963=PRODUCT_RELATED_PRODUCT_CATEGORY('\X2\C18CCF13B80CCE58\X0\',
'\X2\C18CCF13B80CCE58\X0\',(#8972));
#8964=APPLICATION_PROTOCOL_DEFINITION('international standard',
'automotive_design',2009,#8965);
#8965=APPLICATION_CONTEXT(
'Core Data for Automotive Mechanical Design Process');
#8966=PRODUCT_CONTEXT('part definition',#8965,'mechanical');
#8967=PRODUCT('2026-07-18-16-48-36-054','makethonDT_v2',$,(#8966));
#8968=PRODUCT('2026-07-18-18-54-42-446','ratchet_socket',$,(#8966));
#8969=PRODUCT('2026-07-18-19-48-44-610','pipeleg',$,(#8966));
#8970=PRODUCT('2026-07-18-19-04-07-570','DT_main',$,(#8966));
#8971=PRODUCT('2026-07-18-22-31-43-813','pipe',$,(#8966));
#8972=PRODUCT('2026-07-18-22-45-18-643','\X2\C18CCF13B80CCE58\X0\',
'PART--DESC',(#8966));
#8973=PRESENTATION_STYLE_ASSIGNMENT((#8975));
#8974=PRESENTATION_STYLE_ASSIGNMENT((#8976));
#8975=SURFACE_STYLE_USAGE(.BOTH.,#8977);
#8976=SURFACE_STYLE_USAGE(.BOTH.,#8978);
#8977=SURFACE_SIDE_STYLE('',(#8979));
#8978=SURFACE_SIDE_STYLE('',(#8980));
#8979=SURFACE_STYLE_FILL_AREA(#8981);
#8980=SURFACE_STYLE_FILL_AREA(#8982);
#8981=FILL_AREA_STYLE('\X2\AC15CCA0\X0\ - \X2\C0C8D2F4\X0\',(#8983));
#8982=FILL_AREA_STYLE('Opaque(160,160,160)',(#8984));
#8983=FILL_AREA_STYLE_COLOUR('\X2\AC15CCA0\X0\ - \X2\C0C8D2F4\X0\',#8985);
#8984=FILL_AREA_STYLE_COLOUR('Opaque(160,160,160)',#8986);
#8985=COLOUR_RGB('\X2\AC15CCA0\X0\ - \X2\C0C8D2F4\X0\',0.627450980392157,
0.627450980392157,0.627450980392157);
#8986=COLOUR_RGB('Opaque(160,160,160)',0.627450980392157,0.627450980392157,
0.627450980392157);
ENDSEC;
END-ISO-10303-21;
