ISO-10303-21;
HEADER;
/* Generated by software containing ST-Developer
 * from STEP Tools, Inc. (www.steptools.com) 
 */

FILE_DESCRIPTION(
/* description */ (''),
/* implementation_level */ '2;1');

FILE_NAME(
/* name */ '',
/* time_stamp */ '2026-07-21T00:12:44+09:00',
/* author */ (''),
/* organization */ (''),
/* preprocessor_version */ 'ST-DEVELOPER v20.1',
/* originating_system */ 'Autodesk Translation Framework v15.8.0.0',
/* authorisation */ '');

FILE_SCHEMA (('AUTOMOTIVE_DESIGN { 1 0 10303 214 3 1 1 }'));
ENDSEC;

DATA;
#10=MECHANICAL_DESIGN_GEOMETRIC_PRESENTATION_REPRESENTATION('',(#140,#141,
#142,#143,#144,#145,#146),#3582);
#11=ITEM_DEFINED_TRANSFORMATION($,$,#1685,#1823);
#12=ITEM_DEFINED_TRANSFORMATION($,$,#1706,#1824);
#13=ITEM_DEFINED_TRANSFORMATION($,$,#1783,#1825);
#14=ITEM_DEFINED_TRANSFORMATION($,$,#1742,#1826);
#15=ITEM_DEFINED_TRANSFORMATION($,$,#1795,#1827);
#16=ITEM_DEFINED_TRANSFORMATION($,$,#1706,#1828);
#17=ITEM_DEFINED_TRANSFORMATION($,$,#1742,#1829);
#18=ITEM_DEFINED_TRANSFORMATION($,$,#1706,#1830);
#19=ITEM_DEFINED_TRANSFORMATION($,$,#1742,#1831);
#20=ITEM_DEFINED_TRANSFORMATION($,$,#1783,#1832);
#21=ITEM_DEFINED_TRANSFORMATION($,$,#1795,#1833);
#22=ITEM_DEFINED_TRANSFORMATION($,$,#1783,#1834);
#23=ITEM_DEFINED_TRANSFORMATION($,$,#1795,#1835);
#24=(
REPRESENTATION_RELATIONSHIP($,$,#3613,#3612)
REPRESENTATION_RELATIONSHIP_WITH_TRANSFORMATION(#11)
SHAPE_REPRESENTATION_RELATIONSHIP()
);
#25=(
REPRESENTATION_RELATIONSHIP($,$,#3614,#3612)
REPRESENTATION_RELATIONSHIP_WITH_TRANSFORMATION(#12)
SHAPE_REPRESENTATION_RELATIONSHIP()
);
#26=(
REPRESENTATION_RELATIONSHIP($,$,#3616,#3612)
REPRESENTATION_RELATIONSHIP_WITH_TRANSFORMATION(#13)
SHAPE_REPRESENTATION_RELATIONSHIP()
);
#27=(
REPRESENTATION_RELATIONSHIP($,$,#3615,#3612)
REPRESENTATION_RELATIONSHIP_WITH_TRANSFORMATION(#14)
SHAPE_REPRESENTATION_RELATIONSHIP()
);
#28=(
REPRESENTATION_RELATIONSHIP($,$,#3617,#3612)
REPRESENTATION_RELATIONSHIP_WITH_TRANSFORMATION(#15)
SHAPE_REPRESENTATION_RELATIONSHIP()
);
#29=(
REPRESENTATION_RELATIONSHIP($,$,#3614,#3612)
REPRESENTATION_RELATIONSHIP_WITH_TRANSFORMATION(#16)
SHAPE_REPRESENTATION_RELATIONSHIP()
);
#30=(
REPRESENTATION_RELATIONSHIP($,$,#3615,#3612)
REPRESENTATION_RELATIONSHIP_WITH_TRANSFORMATION(#17)
SHAPE_REPRESENTATION_RELATIONSHIP()
);
#31=(
REPRESENTATION_RELATIONSHIP($,$,#3614,#3612)
REPRESENTATION_RELATIONSHIP_WITH_TRANSFORMATION(#18)
SHAPE_REPRESENTATION_RELATIONSHIP()
);
#32=(
REPRESENTATION_RELATIONSHIP($,$,#3615,#3612)
REPRESENTATION_RELATIONSHIP_WITH_TRANSFORMATION(#19)
SHAPE_REPRESENTATION_RELATIONSHIP()
);
#33=(
REPRESENTATION_RELATIONSHIP($,$,#3616,#3612)
REPRESENTATION_RELATIONSHIP_WITH_TRANSFORMATION(#20)
SHAPE_REPRESENTATION_RELATIONSHIP()
);
#34=(
REPRESENTATION_RELATIONSHIP($,$,#3617,#3612)
REPRESENTATION_RELATIONSHIP_WITH_TRANSFORMATION(#21)
SHAPE_REPRESENTATION_RELATIONSHIP()
);
#35=(
REPRESENTATION_RELATIONSHIP($,$,#3616,#3612)
REPRESENTATION_RELATIONSHIP_WITH_TRANSFORMATION(#22)
SHAPE_REPRESENTATION_RELATIONSHIP()
);
#36=(
REPRESENTATION_RELATIONSHIP($,$,#3617,#3612)
REPRESENTATION_RELATIONSHIP_WITH_TRANSFORMATION(#23)
SHAPE_REPRESENTATION_RELATIONSHIP()
);
#37=CONTEXT_DEPENDENT_SHAPE_REPRESENTATION(#24,#3599);
#38=CONTEXT_DEPENDENT_SHAPE_REPRESENTATION(#25,#3600);
#39=CONTEXT_DEPENDENT_SHAPE_REPRESENTATION(#26,#3601);
#40=CONTEXT_DEPENDENT_SHAPE_REPRESENTATION(#27,#3602);
#41=CONTEXT_DEPENDENT_SHAPE_REPRESENTATION(#28,#3603);
#42=CONTEXT_DEPENDENT_SHAPE_REPRESENTATION(#29,#3604);
#43=CONTEXT_DEPENDENT_SHAPE_REPRESENTATION(#30,#3605);
#44=CONTEXT_DEPENDENT_SHAPE_REPRESENTATION(#31,#3606);
#45=CONTEXT_DEPENDENT_SHAPE_REPRESENTATION(#32,#3607);
#46=CONTEXT_DEPENDENT_SHAPE_REPRESENTATION(#33,#3608);
#47=CONTEXT_DEPENDENT_SHAPE_REPRESENTATION(#34,#3609);
#48=CONTEXT_DEPENDENT_SHAPE_REPRESENTATION(#35,#3610);
#49=CONTEXT_DEPENDENT_SHAPE_REPRESENTATION(#36,#3611);
#50=NEXT_ASSEMBLY_USAGE_OCCURRENCE('ratchet_socket:1',
'ratchet_socket:1','ratchet_socket:1',#3619,#3620,'ratchet_socket:1');
#51=NEXT_ASSEMBLY_USAGE_OCCURRENCE('DT_main:1','DT_main:1','DT_main:1',
#3619,#3621,'DT_main:1');
#52=NEXT_ASSEMBLY_USAGE_OCCURRENCE('pipe:1','pipe:1','pipe:1',#3619,#3623,
'pipe:1');
#53=NEXT_ASSEMBLY_USAGE_OCCURRENCE('pipe arm:1','pipe arm:1',
'pipe arm:1',#3619,#3622,'pipe arm:1');
#54=NEXT_ASSEMBLY_USAGE_OCCURRENCE('\X2\D074B7A8D504\X0\:1',
'\X2\D074B7A8D504\X0\:1','\X2\D074B7A8D504\X0\:1',#3619,#3624,
'\X2\D074B7A8D504\X0\:1');
#55=NEXT_ASSEMBLY_USAGE_OCCURRENCE('DT_main:2','DT_main:2','DT_main:2',
#3619,#3621,'DT_main:2');
#56=NEXT_ASSEMBLY_USAGE_OCCURRENCE('pipe arm:2','pipe arm:2',
'pipe arm:2',#3619,#3622,'pipe arm:2');
#57=NEXT_ASSEMBLY_USAGE_OCCURRENCE('DT_main:3','DT_main:3','DT_main:3',
#3619,#3621,'DT_main:3');
#58=NEXT_ASSEMBLY_USAGE_OCCURRENCE('pipe arm:3','pipe arm:3',
'pipe arm:3',#3619,#3622,'pipe arm:3');
#59=NEXT_ASSEMBLY_USAGE_OCCURRENCE('pipe:2','pipe:2','pipe:2',#3619,#3623,
'pipe:2');
#60=NEXT_ASSEMBLY_USAGE_OCCURRENCE('\X2\D074B7A8D504\X0\:2',
'\X2\D074B7A8D504\X0\:2','\X2\D074B7A8D504\X0\:2',#3619,#3624,
'\X2\D074B7A8D504\X0\:2');
#61=NEXT_ASSEMBLY_USAGE_OCCURRENCE('pipe:3','pipe:3','pipe:3',#3619,#3623,
'pipe:3');
#62=NEXT_ASSEMBLY_USAGE_OCCURRENCE('\X2\D074B7A8D504\X0\:3',
'\X2\D074B7A8D504\X0\:3','\X2\D074B7A8D504\X0\:3',#3619,#3624,
'\X2\D074B7A8D504\X0\:3');
#63=B_SPLINE_SURFACE_WITH_KNOTS('',3,3,((#2651,#2652,#2653,#2654),(#2655,
#2656,#2657,#2658),(#2659,#2660,#2661,#2662),(#2663,#2664,#2665,#2666),
(#2667,#2668,#2669,#2670),(#2671,#2672,#2673,#2674),(#2675,#2676,#2677,
#2678),(#2679,#2680,#2681,#2682)),.UNSPECIFIED.,.F.,.F.,.F.,(4,1,1,1,1,
4),(4,4),(0.118066795349563,0.254471511296148,0.336314340864099,0.445438113621366,
0.663685659135901,0.881933204650437),(0.,1.),.UNSPECIFIED.);
#64=B_SPLINE_SURFACE_WITH_KNOTS('',3,3,((#2715,#2716,#2717,#2718,#2719,
#2720,#2721),(#2722,#2723,#2724,#2725,#2726,#2727,#2728),(#2729,#2730,#2731,
#2732,#2733,#2734,#2735),(#2736,#2737,#2738,#2739,#2740,#2741,#2742),(#2743,
#2744,#2745,#2746,#2747,#2748,#2749)),.UNSPECIFIED.,.F.,.F.,.F.,(4,1,4),
(4,1,1,1,4),(0.,0.571428571428571,1.),(-1.09353993304325,-1.02630908170738,
-0.992693656039452,-0.925462804703589,-0.858231953367726),.UNSPECIFIED.);
#65=B_SPLINE_SURFACE_WITH_KNOTS('',3,3,((#2773,#2774,#2775,#2776,#2777,
#2778,#2779),(#2780,#2781,#2782,#2783,#2784,#2785,#2786),(#2787,#2788,#2789,
#2790,#2791,#2792,#2793),(#2794,#2795,#2796,#2797,#2798,#2799,#2800),(#2801,
#2802,#2803,#2804,#2805,#2806,#2807)),.UNSPECIFIED.,.F.,.F.,.F.,(4,1,4),
(4,1,1,1,4),(0.,0.571428571428571,1.),(-0.975999631174747,-0.950027404003611,
-0.898082949661339,-0.846138495319067,-0.794194040976796),.UNSPECIFIED.);
#66=B_SPLINE_SURFACE_WITH_KNOTS('',3,3,((#2820,#2821,#2822,#2823,#2824,
#2825,#2826),(#2827,#2828,#2829,#2830,#2831,#2832,#2833),(#2834,#2835,#2836,
#2837,#2838,#2839,#2840),(#2841,#2842,#2843,#2844,#2845,#2846,#2847),(#2848,
#2849,#2850,#2851,#2852,#2853,#2854)),.UNSPECIFIED.,.F.,.F.,.F.,(4,1,4),
(4,1,1,1,4),(0.,0.571428571428571,1.),(-1.15761713420831,-1.10571463018729,
-1.07976337817678,-1.02786087415576,-0.975958370134733),.UNSPECIFIED.);
#67=B_SPLINE_SURFACE_WITH_KNOTS('',3,3,((#2905,#2906,#2907,#2908,#2909,
#2910,#2911),(#2912,#2913,#2914,#2915,#2916,#2917,#2918),(#2919,#2920,#2921,
#2922,#2923,#2924,#2925),(#2926,#2927,#2928,#2929,#2930,#2931,#2932),(#2933,
#2934,#2935,#2936,#2937,#2938,#2939),(#2940,#2941,#2942,#2943,#2944,#2945,
#2946)),.UNSPECIFIED.,.F.,.F.,.F.,(4,1,1,4),(4,1,1,1,4),(0.,0.285714285714286,
0.571428571428571,1.),(-0.347244476139012,1.00727198018548,2.36178843650998,
5.07082134915897,9.13437071813246),.UNSPECIFIED.);
#68=B_SPLINE_SURFACE_WITH_KNOTS('',3,3,((#3018,#3019,#3020,#3021),(#3022,
#3023,#3024,#3025),(#3026,#3027,#3028,#3029),(#3030,#3031,#3032,#3033)),
 .UNSPECIFIED.,.F.,.F.,.F.,(4,4),(4,4),(0.,0.654591960170122),(0.,1.),
 .UNSPECIFIED.);
#69=B_SPLINE_SURFACE_WITH_KNOTS('',3,3,((#3039,#3040,#3041,#3042),(#3043,
#3044,#3045,#3046),(#3047,#3048,#3049,#3050),(#3051,#3052,#3053,#3054),
(#3055,#3056,#3057,#3058),(#3059,#3060,#3061,#3062),(#3063,#3064,#3065,
#3066),(#3067,#3068,#3069,#3070),(#3071,#3072,#3073,#3074),(#3075,#3076,
#3077,#3078)),.UNSPECIFIED.,.F.,.F.,.F.,(4,1,1,1,1,1,1,4),(4,4),(-0.0968869896820554,
0.0736521502270958,0.244191290136247,0.414730430045398,0.585269569954549,
0.7558087098637,0.926347849772852,1.096886989682),(-0.0779723673866317,
1.),.UNSPECIFIED.);
#70=B_SPLINE_SURFACE_WITH_KNOTS('',3,3,((#3119,#3120,#3121,#3122),(#3123,
#3124,#3125,#3126),(#3127,#3128,#3129,#3130),(#3131,#3132,#3133,#3134),
(#3135,#3136,#3137,#3138),(#3139,#3140,#3141,#3142)),.UNSPECIFIED.,.F.,
 .F.,.F.,(4,1,1,4),(4,4),(0.,0.285714285714286,0.571428571428571,1.),(1.03085999450599,
1.80258591184427),.UNSPECIFIED.);
#71=B_SPLINE_SURFACE_WITH_KNOTS('',3,3,((#3164,#3165,#3166,#3167,#3168,
#3169,#3170),(#3171,#3172,#3173,#3174,#3175,#3176,#3177),(#3178,#3179,#3180,
#3181,#3182,#3183,#3184),(#3185,#3186,#3187,#3188,#3189,#3190,#3191),(#3192,
#3193,#3194,#3195,#3196,#3197,#3198),(#3199,#3200,#3201,#3202,#3203,#3204,
#3205)),.UNSPECIFIED.,.F.,.F.,.F.,(4,1,1,4),(4,1,1,1,4),(0.,0.285714285714286,
0.571428571428571,1.),(-0.346789136765753,1.00766227107685,2.36211367891945,
5.07101649460465,9.13437071813246),.UNSPECIFIED.);
#72=B_SPLINE_SURFACE_WITH_KNOTS('',3,3,((#3260,#3261,#3262,#3263),(#3264,
#3265,#3266,#3267),(#3268,#3269,#3270,#3271),(#3272,#3273,#3274,#3275)),
 .UNSPECIFIED.,.F.,.F.,.F.,(4,4),(4,4),(0.345408039829879,1.),(0.,1.),
 .UNSPECIFIED.);
#73=B_SPLINE_SURFACE_WITH_KNOTS('',3,3,((#3278,#3279,#3280,#3281),(#3282,
#3283,#3284,#3285),(#3286,#3287,#3288,#3289),(#3290,#3291,#3292,#3293),
(#3294,#3295,#3296,#3297),(#3298,#3299,#3300,#3301)),.UNSPECIFIED.,.F.,
 .F.,.F.,(4,1,1,4),(4,4),(0.,0.285714285714286,0.571428571428571,1.),(0.656766511163959,
1.42960403072594),.UNSPECIFIED.);
#74=ELLIPSE('',#1744,36.5892711982166,9.55);
#75=ELLIPSE('',#1749,36.5892711982166,9.55);
#76=ELLIPSE('',#1798,14.8492424049175,10.5);
#77=ELLIPSE('',#1799,14.8492424049175,10.5);
#78=ELLIPSE('',#1807,14.8492424049175,10.5);
#79=ELLIPSE('',#1808,14.8492424049175,10.5);
#80=B_SPLINE_CURVE_WITH_KNOTS('',3,(#2467,#2468,#2469,#2470,#2471,#2472,
#2473,#2474),.UNSPECIFIED.,.F.,.F.,(4,2,2,4),(-4.02656343446709,-3.09111355699492,
-2.08586622833896,-0.0519551970708433),.UNSPECIFIED.);
#81=B_SPLINE_CURVE_WITH_KNOTS('',3,(#2482,#2483,#2484,#2485),
 .UNSPECIFIED.,.F.,.F.,(4,4),(-4.05836334026217,-0.299888609238097),
 .UNSPECIFIED.);
#82=B_SPLINE_CURVE_WITH_KNOTS('',3,(#2489,#2490,#2491,#2492,#2493,#2494,
#2495,#2496,#2497,#2498,#2499,#2500,#2501,#2502),.UNSPECIFIED.,.F.,.F.,
(4,2,2,2,2,2,4),(0.636065768286886,0.741883699817595,0.962438440163399,
1.17076335744693,1.35466249356402,1.55054044539907,1.59434714845195),
 .UNSPECIFIED.);
#83=B_SPLINE_CURVE_WITH_KNOTS('',3,(#2504,#2505,#2506,#2507,#2508,#2509,
#2510,#2511,#2512,#2513,#2514,#2515,#2516,#2517),.UNSPECIFIED.,.F.,.F.,
(4,2,2,2,2,2,4),(-1.73438618411454,-1.62171179369262,-1.42347348747747,
-1.20941336456692,-1.00499617376182,-0.79759144783139,-0.780150425153211),
 .UNSPECIFIED.);
#84=B_SPLINE_CURVE_WITH_KNOTS('',3,(#2521,#2522,#2523,#2524,#2525,#2526,
#2527,#2528,#2529,#2530,#2531,#2532,#2533,#2534,#2535,#2536,#2537,#2538),
 .UNSPECIFIED.,.F.,.F.,(4,2,2,2,2,2,2,2,4),(-1.32491159877154,-1.21836318067805,
-1.11108722803183,-0.942047328486978,-0.764840890457182,-0.570477160997741,
-0.37430361765361,-0.189835497593524,0.),.UNSPECIFIED.);
#85=B_SPLINE_CURVE_WITH_KNOTS('',3,(#2541,#2542,#2543,#2544,#2545,#2546,
#2547,#2548,#2549,#2550,#2551,#2552,#2553,#2554,#2555,#2556,#2557,#2558),
 .UNSPECIFIED.,.F.,.F.,(4,2,2,2,2,2,2,2,4),(0.129025213168339,0.192955730610785,
0.38591146122157,0.578216973446301,0.770522485671032,0.962827997895762,
1.15513351012049,1.34808924073128,1.41201975817373),.UNSPECIFIED.);
#86=B_SPLINE_CURVE_WITH_KNOTS('',3,(#2561,#2562,#2563,#2564,#2565,#2566),
 .UNSPECIFIED.,.F.,.F.,(4,2,4),(-2.0273675488499,-1.08579200229822,-0.0500969986194677),
 .UNSPECIFIED.);
#87=B_SPLINE_CURVE_WITH_KNOTS('',3,(#2568,#2569,#2570,#2571,#2572,#2573),
 .UNSPECIFIED.,.F.,.F.,(4,2,4),(-2.04340251537,-1.06837134703627,-0.0501039156282553),
 .UNSPECIFIED.);
#88=B_SPLINE_CURVE_WITH_KNOTS('',3,(#2577,#2578,#2579,#2580,#2581,#2582),
 .UNSPECIFIED.,.F.,.F.,(4,2,4),(-3.27941353062722,-0.770959367085883,-0.0501565710842203),
 .UNSPECIFIED.);
#89=B_SPLINE_CURVE_WITH_KNOTS('',3,(#2586,#2587,#2588,#2589),
 .UNSPECIFIED.,.F.,.F.,(4,4),(-3.70579033130416,-0.0519077153520833),
 .UNSPECIFIED.);
#90=B_SPLINE_CURVE_WITH_KNOTS('',3,(#2594,#2595,#2596,#2597,#2598,#2599,
#2600,#2601,#2602,#2603,#2604,#2605,#2606,#2607),.UNSPECIFIED.,.F.,.F.,
(4,2,2,2,2,2,4),(-2.00845574543961,-1.97262561258688,-1.7892513634738,-1.5835948976818,
-1.36269075752362,-1.16102997377414,-1.04894097016099),.UNSPECIFIED.);
#91=B_SPLINE_CURVE_WITH_KNOTS('',3,(#2608,#2609,#2610,#2611,#2612,#2613,
#2614,#2615,#2616,#2617,#2618,#2619,#2620,#2621),.UNSPECIFIED.,.F.,.F.,
(4,2,2,2,2,2,4),(-2.0143472723785,-1.89948999841192,-1.68102573231096,-1.4676774482354,
-1.27725706223774,-1.08281901253501,-1.05914919260366),.UNSPECIFIED.);
#92=B_SPLINE_CURVE_WITH_KNOTS('',3,(#2628,#2629,#2630,#2631),
 .UNSPECIFIED.,.F.,.F.,(4,4),(-1.55540366222998,0.),.UNSPECIFIED.);
#93=B_SPLINE_CURVE_WITH_KNOTS('',3,(#2636,#2637,#2638,#2639),
 .UNSPECIFIED.,.F.,.F.,(4,4),(-1.54222855499271,0.),.UNSPECIFIED.);
#94=B_SPLINE_CURVE_WITH_KNOTS('',3,(#2642,#2643,#2644,#2645),
 .UNSPECIFIED.,.F.,.F.,(4,4),(-1.88974092586631,-1.59281359638495),
 .UNSPECIFIED.);
#95=B_SPLINE_CURVE_WITH_KNOTS('',3,(#2647,#2648,#2649,#2650),
 .UNSPECIFIED.,.F.,.F.,(4,4),(-0.467133088057972,-0.170205397421819),
 .UNSPECIFIED.);
#96=B_SPLINE_CURVE_WITH_KNOTS('',3,(#2684,#2685,#2686,#2687,#2688),
 .UNSPECIFIED.,.F.,.F.,(4,1,4),(0.121951219512195,0.254471511296148,0.267073170731707),
 .UNSPECIFIED.);
#97=B_SPLINE_CURVE_WITH_KNOTS('',3,(#2692,#2693,#2694,#2695,#2696,#2697,
#2698),.UNSPECIFIED.,.F.,.F.,(4,1,1,1,4),(-7.79988209328269,-5.07082134915897,
-2.36178843650998,-1.00727198018548,0.233252707739553),.UNSPECIFIED.);
#98=B_SPLINE_CURVE_WITH_KNOTS('',3,(#2702,#2703,#2704,#2705,#2706,#2707,
#2708),.UNSPECIFIED.,.F.,.F.,(4,1,1,1,4),(-0.233252710403439,1.00766227107685,
2.36211367891945,5.07101649460465,7.79988209342664),.UNSPECIFIED.);
#99=B_SPLINE_CURVE_WITH_KNOTS('',3,(#2711,#2712,#2713,#2714),
 .UNSPECIFIED.,.F.,.F.,(4,4),(0.732926829268293,0.878048780487805),
 .UNSPECIFIED.);
#100=B_SPLINE_CURVE_WITH_KNOTS('',3,(#2754,#2755,#2756,#2757,#2758),
 .UNSPECIFIED.,.F.,.F.,(4,1,4),(0.858231953367726,0.925462804703589,0.975988366502252),
 .UNSPECIFIED.);
#101=B_SPLINE_CURVE_WITH_KNOTS('',3,(#2760,#2761,#2762,#2763,#2764,#2765,
#2766,#2767,#2768,#2769),.UNSPECIFIED.,.F.,.F.,(4,3,3,4),(0.,0.0167066741282216,
0.0503248859410386,0.11756130956597),.UNSPECIFIED.);
#102=B_SPLINE_CURVE_WITH_KNOTS('',3,(#2809,#2810,#2811,#2812,#2813,#2814,
#2815,#2816,#2817,#2818),.UNSPECIFIED.,.F.,.F.,(4,2,2,2,4),(0.,0.687121612056065,
1.38490487025997,2.11997829068887,2.1229561371272),.UNSPECIFIED.);
#103=B_SPLINE_CURVE_WITH_KNOTS('',3,(#2856,#2857,#2858,#2859,#2860,#2861,
#2862,#2863,#2864,#2865,#2866,#2867),.UNSPECIFIED.,.F.,.F.,(4,2,2,2,2,4),
(-0.0029941840456465,0.,0.641948942543108,1.25914082665997,1.96793278945526,
2.12975189747694),.UNSPECIFIED.);
#104=B_SPLINE_CURVE_WITH_KNOTS('',3,(#2873,#2874,#2875,#2876,#2877,#2878,
#2879,#2880,#2881,#2882,#2883,#2884,#2885,#2886,#2887,#2888,#2889,#2890),
 .UNSPECIFIED.,.F.,.F.,(4,2,2,2,2,2,2,2,4),(0.,0.254856488911991,0.445493005850637,
0.548825242083867,0.618244647007061,0.679874410536142,0.75062840618647,
0.854034855716545,0.987473820373563),.UNSPECIFIED.);
#105=B_SPLINE_CURVE_WITH_KNOTS('',3,(#2892,#2893,#2894,#2895,#2896,#2897,
#2898,#2899,#2900,#2901,#2902,#2903),.UNSPECIFIED.,.F.,.F.,(4,2,2,2,2,4),
(-7.24212568307089,-7.06670370068127,-6.54667031936519,-5.96531084179392,
-5.34872634466172,-5.27999718007825),.UNSPECIFIED.);
#106=B_SPLINE_CURVE_WITH_KNOTS('',3,(#2948,#2949,#2950,#2951,#2952,#2953,
#2954,#2955,#2956,#2957,#2958,#2959,#2960,#2961),.UNSPECIFIED.,.F.,.F.,
(4,2,2,2,2,2,4),(0.,0.0502278469981518,0.132115803883675,0.317317579049,
0.687906126578591,1.01971759229863,1.31882542390054),.UNSPECIFIED.);
#107=B_SPLINE_CURVE_WITH_KNOTS('',3,(#2963,#2964,#2965,#2966,#2967,#2968,
#2969,#2970,#2971,#2972,#2973,#2974,#2975,#2976,#2977,#2978),
 .UNSPECIFIED.,.F.,.F.,(4,3,3,3,3,4),(-6.93889390390723E-18,0.034459121240801,
0.0400761211294094,0.0652100673822931,0.0815899816363961,0.0890226616005912),
 .UNSPECIFIED.);
#108=B_SPLINE_CURVE_WITH_KNOTS('',3,(#2980,#2981,#2982,#2983,#2984,#2985,
#2986,#2987,#2988,#2989,#2990,#2991,#2992,#2993,#2994,#2995),
 .UNSPECIFIED.,.F.,.F.,(4,2,2,2,2,2,2,4),(0.,0.147242331142516,0.293006840205445,
0.441887558559682,0.570387477294054,0.654998382095523,0.713675773725302,
0.808243440806387),.UNSPECIFIED.);
#109=B_SPLINE_CURVE_WITH_KNOTS('',3,(#2997,#2998,#2999,#3000,#3001,#3002,
#3003,#3004,#3005,#3006,#3007,#3008,#3009,#3010),.UNSPECIFIED.,.F.,.F.,
(4,2,2,2,2,2,4),(1.3589200358146,1.37584688708384,1.46392809882793,1.49555464117056,
1.50728614946068,1.51210944103608,1.51645994297252),.UNSPECIFIED.);
#110=B_SPLINE_CURVE_WITH_KNOTS('',3,(#3011,#3012,#3013,#3014,#3015,#3016,
#3017),.UNSPECIFIED.,.F.,.F.,(4,1,1,1,4),(-1.37212133492334E-5,1.00727198018548,
2.36178843650998,5.07082134915897,9.13437071813246),.UNSPECIFIED.);
#111=B_SPLINE_CURVE_WITH_KNOTS('',3,(#3080,#3081,#3082,#3083),
 .UNSPECIFIED.,.F.,.F.,(4,4),(-1.61555054840194,-1.05749100761243),
 .UNSPECIFIED.);
#112=B_SPLINE_CURVE_WITH_KNOTS('',3,(#3085,#3086,#3087,#3088,#3089,#3090,
#3091,#3092,#3093,#3094),.UNSPECIFIED.,.F.,.F.,(4,2,2,2,4),(-1.27614595753233,
-1.0569578548425,-0.663503158520202,-0.309083796436171,0.),
 .UNSPECIFIED.);
#113=B_SPLINE_CURVE_WITH_KNOTS('',3,(#3097,#3098,#3099,#3100),
 .UNSPECIFIED.,.F.,.F.,(4,4),(-1.40297302591123,-0.844913530644652),
 .UNSPECIFIED.);
#114=B_SPLINE_CURVE_WITH_KNOTS('',3,(#3102,#3103,#3104,#3105,#3106,#3107,
#3108,#3109,#3110,#3111,#3112,#3113),.UNSPECIFIED.,.F.,.F.,(4,2,2,2,2,4),
(0.,0.00624163776101164,0.0157500486109559,0.0356426585881628,0.0933840626571971,
0.161120593092413),.UNSPECIFIED.);
#115=B_SPLINE_CURVE_WITH_KNOTS('',3,(#3144,#3145,#3146,#3147),
 .UNSPECIFIED.,.F.,.F.,(4,4),(1.03085999450599,1.31419233774592),
 .UNSPECIFIED.);
#116=B_SPLINE_CURVE_WITH_KNOTS('',3,(#3148,#3149,#3150,#3151,#3152,#3153,
#3154,#3155,#3156,#3157,#3158,#3159,#3160,#3161,#3162,#3163),
 .UNSPECIFIED.,.F.,.F.,(4,2,2,2,2,2,2,4),(0.,0.209247008961566,0.356202990728606,
0.470560655089154,0.57667288425352,0.699979737208814,0.8956601314403,1.50045750656711),
 .UNSPECIFIED.);
#117=B_SPLINE_CURVE_WITH_KNOTS('',3,(#3207,#3208,#3209,#3210,#3211,#3212,
#3213,#3214,#3215,#3216,#3217,#3218,#3219,#3220),.UNSPECIFIED.,.F.,.F.,
(4,2,2,2,2,2,4),(0.,0.336258403251183,0.687667815397837,1.07518223697852,
1.25786707540672,1.33056790675972,1.39149567842378),.UNSPECIFIED.);
#118=B_SPLINE_CURVE_WITH_KNOTS('',3,(#3221,#3222,#3223,#3224,#3225,#3226,
#3227),.UNSPECIFIED.,.F.,.F.,(4,1,1,1,4),(-9.13437071813246,-5.07101649460465,
-2.36211367891945,-1.00766227107685,1.36888148285067E-5),.UNSPECIFIED.);
#119=B_SPLINE_CURVE_WITH_KNOTS('',3,(#3229,#3230,#3231,#3232,#3233,#3234,
#3235,#3236,#3237,#3238,#3239,#3240,#3241,#3242,#3243,#3244,#3245,#3246),
 .UNSPECIFIED.,.F.,.F.,(4,2,2,2,2,2,2,2,4),(0.,0.0923079184619063,0.150365535625133,
0.21045267767709,0.292361545765376,0.403110453463514,0.531218441630434,
0.621516966456901,0.717462724552344),.UNSPECIFIED.);
#120=B_SPLINE_CURVE_WITH_KNOTS('',3,(#3247,#3248,#3249,#3250,#3251,#3252,
#3253,#3254,#3255,#3256,#3257,#3258,#3259),.UNSPECIFIED.,.F.,.F.,(4,3,3,
3,4),(0.135544675257167,0.160738987420057,0.171709903706397,0.198042201782426,
0.224184742922601),.UNSPECIFIED.);
#121=B_SPLINE_CURVE_WITH_KNOTS('',3,(#3302,#3303,#3304,#3305),
 .UNSPECIFIED.,.F.,.F.,(4,4),(1.14627174348045,1.42960403072594),
 .UNSPECIFIED.);
#122=B_SPLINE_CURVE_WITH_KNOTS('',3,(#3332,#3333,#3334,#3335,#3336,#3337,
#3338,#3339,#3340,#3341),.UNSPECIFIED.,.F.,.F.,(4,2,2,2,4),(0.45989137872676,
0.578216973446301,0.770522485671031,0.962827997895762,1.0811535926153),
 .UNSPECIFIED.);
#123=B_SPLINE_CURVE_WITH_KNOTS('',3,(#3345,#3346,#3347,#3348,#3349,#3350,
#3351,#3352,#3353,#3354),.UNSPECIFIED.,.F.,.F.,(4,2,2,2,4),(2.01344908493303,
2.1320820371772,2.32533741886167,2.51859280054615,2.63722575279032),
 .UNSPECIFIED.);
#124=B_SPLINE_CURVE_WITH_KNOTS('',3,(#3393,#3394,#3395,#3396,#3397,#3398,
#3399,#3400,#3401,#3402,#3403,#3404,#3405,#3406,#3407,#3408,#3409,#3410,
#3411,#3412,#3413,#3414,#3415,#3416,#3417,#3418,#3419,#3420,#3421,#3422,
#3423,#3424,#3425,#3426,#3427,#3428,#3429,#3430,#3431,#3432,#3433,#3434,
#3435,#3436),.UNSPECIFIED.,.F.,.F.,(4,2,2,2,2,2,2,2,2,2,2,2,2,2,2,2,2,2,
2,2,2,4),(0.,0.150244761046254,0.300489522092507,0.600979044185015,0.874971391408256,
1.1489637386315,1.36766484323946,1.58636594784741,1.80506705245537,2.02376815706333,
2.29776050428657,2.57175285150981,2.87224237360232,3.02248713464857,3.17273189569483,
3.32297665674108,3.47322141778733,3.77371093987984,4.04770328710308,4.32169563432633,
4.54039673893428,4.75909784354224),.UNSPECIFIED.);
#125=B_SPLINE_CURVE_WITH_KNOTS('',3,(#3437,#3438,#3439,#3440,#3441,#3442,
#3443,#3444,#3445,#3446,#3447,#3448,#3449,#3450,#3451,#3452),
 .UNSPECIFIED.,.F.,.F.,(4,2,2,2,2,2,2,4),(4.75909784354224,4.9777989481502,
5.19650005275816,5.4704923999814,5.74448474720464,6.04497426929715,6.1952190303434,
6.34546379138965),.UNSPECIFIED.);
#126=B_SPLINE_CURVE_WITH_KNOTS('',3,(#3467,#3468,#3469,#3470,#3471,#3472,
#3473,#3474,#3475,#3476,#3477,#3478,#3479,#3480,#3481,#3482,#3483,#3484,
#3485,#3486,#3487,#3488,#3489,#3490,#3491,#3492),.UNSPECIFIED.,.F.,.F.,
(4,2,2,2,2,2,2,2,2,2,2,2,4),(0.,0.0784287845565709,0.156857569113142,0.235282159247748,
0.313706749382354,0.39213133951696,0.470555929651567,0.548984714208137,
0.627413498764708,0.705842283321279,0.78427106787785,0.862695658012456,
0.941120248147062),.UNSPECIFIED.);
#127=B_SPLINE_CURVE_WITH_KNOTS('',3,(#3493,#3494,#3495,#3496,#3497,#3498,
#3499,#3500,#3501,#3502),.UNSPECIFIED.,.F.,.F.,(4,2,2,2,4),(0.941120248147062,
1.01954483828167,1.09796942841627,1.17639821297285,1.25482699752942),
 .UNSPECIFIED.);
#128=B_SPLINE_CURVE_WITH_KNOTS('',3,(#3506,#3507,#3508,#3509,#3510,#3511,
#3512,#3513,#3514,#3515),.UNSPECIFIED.,.F.,.F.,(4,2,2,2,4),(0.,0.0784744455250849,
0.15694889105017,0.235417285876975,0.31388568070378),.UNSPECIFIED.);
#129=B_SPLINE_CURVE_WITH_KNOTS('',3,(#3516,#3517,#3518,#3519,#3520,#3521,
#3522,#3523,#3524,#3525,#3526,#3527,#3528,#3529,#3530,#3531,#3532,#3533,
#3534,#3535,#3536,#3537,#3538,#3539,#3540,#3541),.UNSPECIFIED.,.F.,.F.,
(4,2,2,2,2,2,2,2,2,2,2,2,4),(0.31388568070378,0.392354075530586,0.470822470357391,
0.549296915882476,0.627771361407561,0.706245806932646,0.784720252457731,
0.863188647284536,0.941657042111341,1.02012543693815,1.09859383176495,1.17706827729004,
1.25554272281512),.UNSPECIFIED.);
#130=SHAPE_REPRESENTATION_RELATIONSHIP('SRR','None',#3613,#135);
#131=SHAPE_REPRESENTATION_RELATIONSHIP('SRR','None',#3614,#136);
#132=SHAPE_REPRESENTATION_RELATIONSHIP('SRR','None',#3615,#137);
#133=SHAPE_REPRESENTATION_RELATIONSHIP('SRR','None',#3616,#138);
#134=SHAPE_REPRESENTATION_RELATIONSHIP('SRR','None',#3617,#139);
#135=ADVANCED_BREP_SHAPE_REPRESENTATION('',(#147),#3577);
#136=ADVANCED_BREP_SHAPE_REPRESENTATION('',(#148,#149,#150),#3578);
#137=ADVANCED_BREP_SHAPE_REPRESENTATION('',(#151),#3579);
#138=ADVANCED_BREP_SHAPE_REPRESENTATION('',(#152),#3580);
#139=ADVANCED_BREP_SHAPE_REPRESENTATION('',(#153),#3581);
#140=STYLED_ITEM('',(#3646),#147);
#141=STYLED_ITEM('',(#3646),#148);
#142=STYLED_ITEM('',(#3646),#149);
#143=STYLED_ITEM('',(#3646),#150);
#144=STYLED_ITEM('',(#3646),#151);
#145=STYLED_ITEM('',(#3646),#152);
#146=STYLED_ITEM('',(#3646),#153);
#147=MANIFOLD_SOLID_BREP('\X2\BCF8CCB4\X0\1',#1621);
#148=MANIFOLD_SOLID_BREP('\X2\BCF8CCB4\X0\9',#1622);
#149=MANIFOLD_SOLID_BREP('\X2\BCF8CCB4\X0\11',#1623);
#150=MANIFOLD_SOLID_BREP('\X2\BCF8CCB4\X0\12',#1624);
#151=MANIFOLD_SOLID_BREP('\X2\BCF8CCB4\X0\1',#1625);
#152=MANIFOLD_SOLID_BREP('\X2\BCF8CCB4\X0\1',#1626);
#153=MANIFOLD_SOLID_BREP('\X2\BCF8CCB4\X0\1',#1627);
#154=CIRCLE('',#1692,15.);
#155=CIRCLE('',#1693,15.);
#156=CIRCLE('',#1702,16.5);
#157=CIRCLE('',#1703,16.5);
#158=CIRCLE('',#1709,47.5);
#159=CIRCLE('',#1712,16.5);
#160=CIRCLE('',#1713,16.5);
#161=CIRCLE('',#1717,47.5);
#162=CIRCLE('',#1722,16.5);
#163=CIRCLE('',#1723,47.5);
#164=CIRCLE('',#1726,16.5);
#165=CIRCLE('',#1729,47.5);
#166=CIRCLE('',#1752,9.55);
#167=CIRCLE('',#1753,9.55);
#168=CIRCLE('',#1754,9.55);
#169=CIRCLE('',#1755,9.55);
#170=CIRCLE('',#1758,47.5);
#171=CIRCLE('',#1759,19.);
#172=CIRCLE('',#1760,19.);
#173=CIRCLE('',#1761,15.5);
#174=CIRCLE('',#1762,15.5);
#175=CIRCLE('',#1763,15.5);
#176=CIRCLE('',#1765,20.506990746357);
#177=CIRCLE('',#1766,20.506990746357);
#178=CIRCLE('',#1767,20.506990746357);
#179=CIRCLE('',#1768,47.5);
#180=CIRCLE('',#1775,10.5);
#181=CIRCLE('',#1776,10.5);
#182=CIRCLE('',#1779,15.5);
#183=CIRCLE('',#1780,15.5);
#184=CIRCLE('',#1786,8.65);
#185=CIRCLE('',#1787,8.65);
#186=CIRCLE('',#1788,8.65);
#187=CIRCLE('',#1790,9.55);
#188=CIRCLE('',#1791,9.55);
#189=CIRCLE('',#1792,9.55);
#190=CIRCLE('',#1797,10.5);
#191=CIRCLE('',#1800,10.5);
#192=CIRCLE('',#1802,9.60000000000001);
#193=CIRCLE('',#1803,9.60000000000001);
#194=CIRCLE('',#1806,10.5);
#195=CIRCLE('',#1809,10.5);
#196=CIRCLE('',#1813,2.07610186979601);
#197=CIRCLE('',#1815,2.07610186979601);
#198=CIRCLE('',#1819,9.6);
#199=CIRCLE('',#1821,10.5);
#200=CYLINDRICAL_SURFACE('',#1691,15.);
#201=CYLINDRICAL_SURFACE('',#1701,16.5);
#202=CYLINDRICAL_SURFACE('',#1711,16.5);
#203=CYLINDRICAL_SURFACE('',#1716,47.5);
#204=CYLINDRICAL_SURFACE('',#1725,16.5);
#205=CYLINDRICAL_SURFACE('',#1730,47.5);
#206=CYLINDRICAL_SURFACE('',#1745,5.);
#207=CYLINDRICAL_SURFACE('',#1746,5.);
#208=CYLINDRICAL_SURFACE('',#1750,5.);
#209=CYLINDRICAL_SURFACE('',#1751,9.55);
#210=CYLINDRICAL_SURFACE('',#1764,11.5);
#211=CYLINDRICAL_SURFACE('',#1769,47.5);
#212=CYLINDRICAL_SURFACE('',#1771,11.5);
#213=CYLINDRICAL_SURFACE('',#1773,20.506990746357);
#214=CYLINDRICAL_SURFACE('',#1774,10.5);
#215=CYLINDRICAL_SURFACE('',#1778,15.5);
#216=CYLINDRICAL_SURFACE('',#1784,5.);
#217=CYLINDRICAL_SURFACE('',#1785,8.65);
#218=CYLINDRICAL_SURFACE('',#1789,9.55);
#219=CYLINDRICAL_SURFACE('',#1796,10.5);
#220=CYLINDRICAL_SURFACE('',#1801,9.60000000000001);
#221=CYLINDRICAL_SURFACE('',#1804,10.5);
#222=CYLINDRICAL_SURFACE('',#1805,10.5);
#223=CYLINDRICAL_SURFACE('',#1812,2.07610186979601);
#224=CYLINDRICAL_SURFACE('',#1814,2.07610186979601);
#225=CYLINDRICAL_SURFACE('',#1818,9.6);
#226=CYLINDRICAL_SURFACE('',#1820,10.5);
#227=FACE_BOUND('',#334,.T.);
#228=FACE_BOUND('',#341,.T.);
#229=FACE_BOUND('',#350,.T.);
#230=FACE_BOUND('',#352,.T.);
#231=FACE_BOUND('',#368,.T.);
#232=FACE_BOUND('',#398,.T.);
#233=FACE_BOUND('',#410,.T.);
#234=FACE_BOUND('',#413,.T.);
#235=FACE_BOUND('',#419,.T.);
#236=FACE_BOUND('',#426,.T.);
#237=FACE_BOUND('',#428,.T.);
#238=FACE_BOUND('',#434,.T.);
#239=FACE_BOUND('',#436,.T.);
#240=FACE_BOUND('',#438,.T.);
#241=FACE_OUTER_BOUND('',#333,.T.);
#242=FACE_OUTER_BOUND('',#335,.T.);
#243=FACE_OUTER_BOUND('',#336,.T.);
#244=FACE_OUTER_BOUND('',#337,.T.);
#245=FACE_OUTER_BOUND('',#338,.T.);
#246=FACE_OUTER_BOUND('',#339,.T.);
#247=FACE_OUTER_BOUND('',#340,.T.);
#248=FACE_OUTER_BOUND('',#342,.T.);
#249=FACE_OUTER_BOUND('',#343,.T.);
#250=FACE_OUTER_BOUND('',#344,.T.);
#251=FACE_OUTER_BOUND('',#345,.T.);
#252=FACE_OUTER_BOUND('',#346,.T.);
#253=FACE_OUTER_BOUND('',#347,.T.);
#254=FACE_OUTER_BOUND('',#348,.T.);
#255=FACE_OUTER_BOUND('',#349,.T.);
#256=FACE_OUTER_BOUND('',#351,.T.);
#257=FACE_OUTER_BOUND('',#353,.T.);
#258=FACE_OUTER_BOUND('',#354,.T.);
#259=FACE_OUTER_BOUND('',#355,.T.);
#260=FACE_OUTER_BOUND('',#356,.T.);
#261=FACE_OUTER_BOUND('',#357,.T.);
#262=FACE_OUTER_BOUND('',#358,.T.);
#263=FACE_OUTER_BOUND('',#359,.T.);
#264=FACE_OUTER_BOUND('',#360,.T.);
#265=FACE_OUTER_BOUND('',#361,.T.);
#266=FACE_OUTER_BOUND('',#362,.T.);
#267=FACE_OUTER_BOUND('',#363,.T.);
#268=FACE_OUTER_BOUND('',#364,.T.);
#269=FACE_OUTER_BOUND('',#365,.T.);
#270=FACE_OUTER_BOUND('',#366,.T.);
#271=FACE_OUTER_BOUND('',#367,.T.);
#272=FACE_OUTER_BOUND('',#369,.T.);
#273=FACE_OUTER_BOUND('',#370,.T.);
#274=FACE_OUTER_BOUND('',#371,.T.);
#275=FACE_OUTER_BOUND('',#372,.T.);
#276=FACE_OUTER_BOUND('',#373,.T.);
#277=FACE_OUTER_BOUND('',#374,.T.);
#278=FACE_OUTER_BOUND('',#375,.T.);
#279=FACE_OUTER_BOUND('',#376,.T.);
#280=FACE_OUTER_BOUND('',#377,.T.);
#281=FACE_OUTER_BOUND('',#378,.T.);
#282=FACE_OUTER_BOUND('',#379,.T.);
#283=FACE_OUTER_BOUND('',#380,.T.);
#284=FACE_OUTER_BOUND('',#381,.T.);
#285=FACE_OUTER_BOUND('',#382,.T.);
#286=FACE_OUTER_BOUND('',#383,.T.);
#287=FACE_OUTER_BOUND('',#384,.T.);
#288=FACE_OUTER_BOUND('',#385,.T.);
#289=FACE_OUTER_BOUND('',#386,.T.);
#290=FACE_OUTER_BOUND('',#387,.T.);
#291=FACE_OUTER_BOUND('',#388,.T.);
#292=FACE_OUTER_BOUND('',#389,.T.);
#293=FACE_OUTER_BOUND('',#390,.T.);
#294=FACE_OUTER_BOUND('',#391,.T.);
#295=FACE_OUTER_BOUND('',#392,.T.);
#296=FACE_OUTER_BOUND('',#393,.T.);
#297=FACE_OUTER_BOUND('',#394,.T.);
#298=FACE_OUTER_BOUND('',#395,.T.);
#299=FACE_OUTER_BOUND('',#396,.T.);
#300=FACE_OUTER_BOUND('',#397,.T.);
#301=FACE_OUTER_BOUND('',#399,.T.);
#302=FACE_OUTER_BOUND('',#400,.T.);
#303=FACE_OUTER_BOUND('',#401,.T.);
#304=FACE_OUTER_BOUND('',#402,.T.);
#305=FACE_OUTER_BOUND('',#403,.T.);
#306=FACE_OUTER_BOUND('',#404,.T.);
#307=FACE_OUTER_BOUND('',#405,.T.);
#308=FACE_OUTER_BOUND('',#406,.T.);
#309=FACE_OUTER_BOUND('',#407,.T.);
#310=FACE_OUTER_BOUND('',#408,.T.);
#311=FACE_OUTER_BOUND('',#409,.T.);
#312=FACE_OUTER_BOUND('',#411,.T.);
#313=FACE_OUTER_BOUND('',#412,.T.);
#314=FACE_OUTER_BOUND('',#414,.T.);
#315=FACE_OUTER_BOUND('',#415,.T.);
#316=FACE_OUTER_BOUND('',#416,.T.);
#317=FACE_OUTER_BOUND('',#417,.T.);
#318=FACE_OUTER_BOUND('',#418,.T.);
#319=FACE_OUTER_BOUND('',#420,.T.);
#320=FACE_OUTER_BOUND('',#421,.T.);
#321=FACE_OUTER_BOUND('',#422,.T.);
#322=FACE_OUTER_BOUND('',#423,.T.);
#323=FACE_OUTER_BOUND('',#424,.T.);
#324=FACE_OUTER_BOUND('',#425,.T.);
#325=FACE_OUTER_BOUND('',#427,.T.);
#326=FACE_OUTER_BOUND('',#429,.T.);
#327=FACE_OUTER_BOUND('',#430,.T.);
#328=FACE_OUTER_BOUND('',#431,.T.);
#329=FACE_OUTER_BOUND('',#432,.T.);
#330=FACE_OUTER_BOUND('',#433,.T.);
#331=FACE_OUTER_BOUND('',#435,.T.);
#332=FACE_OUTER_BOUND('',#437,.T.);
#333=EDGE_LOOP('',(#1037,#1038,#1039,#1040,#1041,#1042));
#334=EDGE_LOOP('',(#1043,#1044,#1045,#1046));
#335=EDGE_LOOP('',(#1047,#1048,#1049,#1050));
#336=EDGE_LOOP('',(#1051,#1052,#1053,#1054));
#337=EDGE_LOOP('',(#1055,#1056,#1057,#1058));
#338=EDGE_LOOP('',(#1059,#1060,#1061,#1062));
#339=EDGE_LOOP('',(#1063,#1064,#1065,#1066));
#340=EDGE_LOOP('',(#1067));
#341=EDGE_LOOP('',(#1068,#1069,#1070,#1071));
#342=EDGE_LOOP('',(#1072,#1073,#1074,#1075));
#343=EDGE_LOOP('',(#1076,#1077,#1078,#1079));
#344=EDGE_LOOP('',(#1080,#1081,#1082,#1083));
#345=EDGE_LOOP('',(#1084,#1085,#1086,#1087));
#346=EDGE_LOOP('',(#1088,#1089,#1090,#1091));
#347=EDGE_LOOP('',(#1092,#1093,#1094,#1095));
#348=EDGE_LOOP('',(#1096,#1097,#1098,#1099));
#349=EDGE_LOOP('',(#1100));
#350=EDGE_LOOP('',(#1101));
#351=EDGE_LOOP('',(#1102));
#352=EDGE_LOOP('',(#1103,#1104,#1105,#1106,#1107,#1108));
#353=EDGE_LOOP('',(#1109,#1110,#1111,#1112,#1113,#1114,#1115,#1116));
#354=EDGE_LOOP('',(#1117,#1118,#1119));
#355=EDGE_LOOP('',(#1120,#1121,#1122,#1123));
#356=EDGE_LOOP('',(#1124,#1125,#1126,#1127));
#357=EDGE_LOOP('',(#1128,#1129,#1130,#1131,#1132));
#358=EDGE_LOOP('',(#1133,#1134,#1135,#1136,#1137,#1138,#1139,#1140));
#359=EDGE_LOOP('',(#1141,#1142,#1143,#1144));
#360=EDGE_LOOP('',(#1145,#1146,#1147,#1148));
#361=EDGE_LOOP('',(#1149,#1150,#1151,#1152));
#362=EDGE_LOOP('',(#1153,#1154,#1155,#1156));
#363=EDGE_LOOP('',(#1157,#1158,#1159,#1160));
#364=EDGE_LOOP('',(#1161,#1162,#1163,#1164));
#365=EDGE_LOOP('',(#1165,#1166,#1167,#1168));
#366=EDGE_LOOP('',(#1169,#1170,#1171,#1172));
#367=EDGE_LOOP('',(#1173,#1174,#1175,#1176));
#368=EDGE_LOOP('',(#1177,#1178,#1179,#1180));
#369=EDGE_LOOP('',(#1181,#1182,#1183,#1184));
#370=EDGE_LOOP('',(#1185,#1186,#1187,#1188));
#371=EDGE_LOOP('',(#1189,#1190,#1191,#1192));
#372=EDGE_LOOP('',(#1193,#1194,#1195,#1196));
#373=EDGE_LOOP('',(#1197,#1198,#1199,#1200));
#374=EDGE_LOOP('',(#1201,#1202,#1203,#1204));
#375=EDGE_LOOP('',(#1205,#1206,#1207,#1208));
#376=EDGE_LOOP('',(#1209,#1210,#1211,#1212));
#377=EDGE_LOOP('',(#1213,#1214,#1215,#1216));
#378=EDGE_LOOP('',(#1217,#1218,#1219,#1220));
#379=EDGE_LOOP('',(#1221,#1222,#1223,#1224));
#380=EDGE_LOOP('',(#1225,#1226,#1227,#1228));
#381=EDGE_LOOP('',(#1229,#1230,#1231,#1232,#1233,#1234));
#382=EDGE_LOOP('',(#1235,#1236,#1237,#1238));
#383=EDGE_LOOP('',(#1239,#1240,#1241,#1242));
#384=EDGE_LOOP('',(#1243,#1244,#1245,#1246));
#385=EDGE_LOOP('',(#1247,#1248,#1249,#1250,#1251,#1252));
#386=EDGE_LOOP('',(#1253,#1254,#1255,#1256));
#387=EDGE_LOOP('',(#1257,#1258,#1259,#1260,#1261,#1262,#1263,#1264,#1265,
#1266,#1267));
#388=EDGE_LOOP('',(#1268,#1269,#1270));
#389=EDGE_LOOP('',(#1271,#1272,#1273));
#390=EDGE_LOOP('',(#1274,#1275,#1276,#1277,#1278,#1279,#1280,#1281,#1282,
#1283,#1284,#1285,#1286,#1287,#1288,#1289));
#391=EDGE_LOOP('',(#1290,#1291,#1292,#1293,#1294));
#392=EDGE_LOOP('',(#1295,#1296,#1297));
#393=EDGE_LOOP('',(#1298,#1299,#1300));
#394=EDGE_LOOP('',(#1301,#1302,#1303,#1304,#1305));
#395=EDGE_LOOP('',(#1306,#1307,#1308,#1309,#1310,#1311));
#396=EDGE_LOOP('',(#1312,#1313,#1314,#1315));
#397=EDGE_LOOP('',(#1316,#1317,#1318,#1319,#1320,#1321,#1322,#1323,#1324,
#1325,#1326,#1327));
#398=EDGE_LOOP('',(#1328,#1329,#1330,#1331,#1332,#1333));
#399=EDGE_LOOP('',(#1334,#1335,#1336,#1337));
#400=EDGE_LOOP('',(#1338,#1339,#1340,#1341,#1342,#1343));
#401=EDGE_LOOP('',(#1344,#1345,#1346,#1347));
#402=EDGE_LOOP('',(#1348,#1349,#1350,#1351,#1352,#1353));
#403=EDGE_LOOP('',(#1354,#1355,#1356,#1357));
#404=EDGE_LOOP('',(#1358,#1359,#1360,#1361));
#405=EDGE_LOOP('',(#1362,#1363,#1364,#1365,#1366));
#406=EDGE_LOOP('',(#1367,#1368,#1369,#1370));
#407=EDGE_LOOP('',(#1371,#1372,#1373,#1374,#1375));
#408=EDGE_LOOP('',(#1376,#1377,#1378,#1379));
#409=EDGE_LOOP('',(#1380));
#410=EDGE_LOOP('',(#1381));
#411=EDGE_LOOP('',(#1382,#1383,#1384,#1385,#1386,#1387,#1388,#1389,#1390,
#1391,#1392));
#412=EDGE_LOOP('',(#1393));
#413=EDGE_LOOP('',(#1394));
#414=EDGE_LOOP('',(#1395,#1396,#1397,#1398));
#415=EDGE_LOOP('',(#1399,#1400,#1401,#1402));
#416=EDGE_LOOP('',(#1403,#1404,#1405,#1406,#1407,#1408));
#417=EDGE_LOOP('',(#1409,#1410,#1411,#1412,#1413,#1414));
#418=EDGE_LOOP('',(#1415));
#419=EDGE_LOOP('',(#1416));
#420=EDGE_LOOP('',(#1417,#1418,#1419,#1420,#1421,#1422));
#421=EDGE_LOOP('',(#1423,#1424,#1425,#1426,#1427));
#422=EDGE_LOOP('',(#1428,#1429,#1430,#1431));
#423=EDGE_LOOP('',(#1432,#1433));
#424=EDGE_LOOP('',(#1434,#1435,#1436,#1437,#1438));
#425=EDGE_LOOP('',(#1439,#1440));
#426=EDGE_LOOP('',(#1441));
#427=EDGE_LOOP('',(#1442,#1443));
#428=EDGE_LOOP('',(#1444));
#429=EDGE_LOOP('',(#1445,#1446,#1447,#1448,#1449));
#430=EDGE_LOOP('',(#1450,#1451,#1452,#1453,#1454));
#431=EDGE_LOOP('',(#1455));
#432=EDGE_LOOP('',(#1456));
#433=EDGE_LOOP('',(#1457,#1458,#1459,#1460,#1461));
#434=EDGE_LOOP('',(#1462,#1463));
#435=EDGE_LOOP('',(#1464,#1465,#1466,#1467,#1468,#1469,#1470));
#436=EDGE_LOOP('',(#1471,#1472));
#437=EDGE_LOOP('',(#1473));
#438=EDGE_LOOP('',(#1474));
#439=LINE('',#2262,#556);
#440=LINE('',#2264,#557);
#441=LINE('',#2266,#558);
#442=LINE('',#2268,#559);
#443=LINE('',#2270,#560);
#444=LINE('',#2271,#561);
#445=LINE('',#2274,#562);
#446=LINE('',#2276,#563);
#447=LINE('',#2278,#564);
#448=LINE('',#2279,#565);
#449=LINE('',#2282,#566);
#450=LINE('',#2284,#567);
#451=LINE('',#2285,#568);
#452=LINE('',#2288,#569);
#453=LINE('',#2289,#570);
#454=LINE('',#2292,#571);
#455=LINE('',#2293,#572);
#456=LINE('',#2295,#573);
#457=LINE('',#2300,#574);
#458=LINE('',#2306,#575);
#459=LINE('',#2307,#576);
#460=LINE('',#2308,#577);
#461=LINE('',#2311,#578);
#462=LINE('',#2312,#579);
#463=LINE('',#2315,#580);
#464=LINE('',#2316,#581);
#465=LINE('',#2319,#582);
#466=LINE('',#2320,#583);
#467=LINE('',#2323,#584);
#468=LINE('',#2324,#585);
#469=LINE('',#2326,#586);
#470=LINE('',#2331,#587);
#471=LINE('',#2339,#588);
#472=LINE('',#2341,#589);
#473=LINE('',#2343,#590);
#474=LINE('',#2345,#591);
#475=LINE('',#2347,#592);
#476=LINE('',#2349,#593);
#477=LINE('',#2351,#594);
#478=LINE('',#2352,#595);
#479=LINE('',#2355,#596);
#480=LINE('',#2359,#597);
#481=LINE('',#2361,#598);
#482=LINE('',#2362,#599);
#483=LINE('',#2368,#600);
#484=LINE('',#2371,#601);
#485=LINE('',#2372,#602);
#486=LINE('',#2375,#603);
#487=LINE('',#2377,#604);
#488=LINE('',#2378,#605);
#489=LINE('',#2379,#606);
#490=LINE('',#2383,#607);
#491=LINE('',#2389,#608);
#492=LINE('',#2393,#609);
#493=LINE('',#2397,#610);
#494=LINE('',#2399,#611);
#495=LINE('',#2400,#612);
#496=LINE('',#2403,#613);
#497=LINE('',#2407,#614);
#498=LINE('',#2408,#615);
#499=LINE('',#2413,#616);
#500=LINE('',#2415,#617);
#501=LINE('',#2417,#618);
#502=LINE('',#2418,#619);
#503=LINE('',#2423,#620);
#504=LINE('',#2425,#621);
#505=LINE('',#2427,#622);
#506=LINE('',#2428,#623);
#507=LINE('',#2430,#624);
#508=LINE('',#2431,#625);
#509=LINE('',#2433,#626);
#510=LINE('',#2435,#627);
#511=LINE('',#2440,#628);
#512=LINE('',#2442,#629);
#513=LINE('',#2444,#630);
#514=LINE('',#2445,#631);
#515=LINE('',#2448,#632);
#516=LINE('',#2450,#633);
#517=LINE('',#2451,#634);
#518=LINE('',#2454,#635);
#519=LINE('',#2455,#636);
#520=LINE('',#2458,#637);
#521=LINE('',#2459,#638);
#522=LINE('',#2461,#639);
#523=LINE('',#2476,#640);
#524=LINE('',#2480,#641);
#525=LINE('',#2486,#642);
#526=LINE('',#2518,#643);
#527=LINE('',#2540,#644);
#528=LINE('',#2574,#645);
#529=LINE('',#2584,#646);
#530=LINE('',#2591,#647);
#531=LINE('',#2626,#648);
#532=LINE('',#2690,#649);
#533=LINE('',#2710,#650);
#534=LINE('',#2871,#651);
#535=LINE('',#2904,#652);
#536=LINE('',#3037,#653);
#537=LINE('',#3038,#654);
#538=LINE('',#3117,#655);
#539=LINE('',#3276,#656);
#540=LINE('',#3307,#657);
#541=LINE('',#3309,#658);
#542=LINE('',#3310,#659);
#543=LINE('',#3312,#660);
#544=LINE('',#3318,#661);
#545=LINE('',#3324,#662);
#546=LINE('',#3343,#663);
#547=LINE('',#3355,#664);
#548=LINE('',#3360,#665);
#549=LINE('',#3367,#666);
#550=LINE('',#3376,#667);
#551=LINE('',#3388,#668);
#552=LINE('',#3465,#669);
#553=LINE('',#3543,#670);
#554=LINE('',#3549,#671);
#555=LINE('',#3554,#672);
#556=VECTOR('',#1842,10.);
#557=VECTOR('',#1843,10.);
#558=VECTOR('',#1844,10.);
#559=VECTOR('',#1845,10.);
#560=VECTOR('',#1846,10.);
#561=VECTOR('',#1847,10.);
#562=VECTOR('',#1848,10.);
#563=VECTOR('',#1849,10.);
#564=VECTOR('',#1850,10.);
#565=VECTOR('',#1851,10.);
#566=VECTOR('',#1854,10.);
#567=VECTOR('',#1855,10.);
#568=VECTOR('',#1856,10.);
#569=VECTOR('',#1859,10.);
#570=VECTOR('',#1860,10.);
#571=VECTOR('',#1863,10.);
#572=VECTOR('',#1864,10.);
#573=VECTOR('',#1867,10.);
#574=VECTOR('',#1872,15.);
#575=VECTOR('',#1879,10.);
#576=VECTOR('',#1880,10.);
#577=VECTOR('',#1881,10.);
#578=VECTOR('',#1884,10.);
#579=VECTOR('',#1885,10.);
#580=VECTOR('',#1888,10.);
#581=VECTOR('',#1889,10.);
#582=VECTOR('',#1892,10.);
#583=VECTOR('',#1893,10.);
#584=VECTOR('',#1896,10.);
#585=VECTOR('',#1897,10.);
#586=VECTOR('',#1900,10.);
#587=VECTOR('',#1905,16.5);
#588=VECTOR('',#1916,10.);
#589=VECTOR('',#1917,10.);
#590=VECTOR('',#1918,10.);
#591=VECTOR('',#1919,10.);
#592=VECTOR('',#1920,10.);
#593=VECTOR('',#1921,10.);
#594=VECTOR('',#1922,10.);
#595=VECTOR('',#1923,10.);
#596=VECTOR('',#1926,10.);
#597=VECTOR('',#1931,10.);
#598=VECTOR('',#1932,10.);
#599=VECTOR('',#1933,10.);
#600=VECTOR('',#1940,10.);
#601=VECTOR('',#1943,10.);
#602=VECTOR('',#1944,10.);
#603=VECTOR('',#1947,10.);
#604=VECTOR('',#1948,10.);
#605=VECTOR('',#1949,10.);
#606=VECTOR('',#1950,10.);
#607=VECTOR('',#1957,10.);
#608=VECTOR('',#1964,10.);
#609=VECTOR('',#1967,10.);
#610=VECTOR('',#1972,10.);
#611=VECTOR('',#1973,10.);
#612=VECTOR('',#1974,10.);
#613=VECTOR('',#1977,10.);
#614=VECTOR('',#1982,10.);
#615=VECTOR('',#1983,10.);
#616=VECTOR('',#1988,10.);
#617=VECTOR('',#1989,10.);
#618=VECTOR('',#1990,10.);
#619=VECTOR('',#1991,10.);
#620=VECTOR('',#1996,10.);
#621=VECTOR('',#1997,10.);
#622=VECTOR('',#1998,10.);
#623=VECTOR('',#1999,10.);
#624=VECTOR('',#2002,10.);
#625=VECTOR('',#2003,10.);
#626=VECTOR('',#2006,10.);
#627=VECTOR('',#2009,10.);
#628=VECTOR('',#2014,10.);
#629=VECTOR('',#2015,10.);
#630=VECTOR('',#2016,10.);
#631=VECTOR('',#2017,10.);
#632=VECTOR('',#2020,10.);
#633=VECTOR('',#2021,10.);
#634=VECTOR('',#2022,10.);
#635=VECTOR('',#2025,10.);
#636=VECTOR('',#2026,10.);
#637=VECTOR('',#2029,10.);
#638=VECTOR('',#2030,10.);
#639=VECTOR('',#2033,10.);
#640=VECTOR('',#2040,10.);
#641=VECTOR('',#2043,10.);
#642=VECTOR('',#2044,10.);
#643=VECTOR('',#2047,10.);
#644=VECTOR('',#2050,10.);
#645=VECTOR('',#2053,10.);
#646=VECTOR('',#2056,10.);
#647=VECTOR('',#2057,10.);
#648=VECTOR('',#2066,9.55);
#649=VECTOR('',#2077,10.);
#650=VECTOR('',#2080,10.);
#651=VECTOR('',#2093,10.);
#652=VECTOR('',#2094,11.5);
#653=VECTOR('',#2097,94.3372485852525);
#654=VECTOR('',#2098,10.);
#655=VECTOR('',#2103,94.3372485852525);
#656=VECTOR('',#2106,10.);
#657=VECTOR('',#2111,10.);
#658=VECTOR('',#2114,11.5);
#659=VECTOR('',#2115,10.);
#660=VECTOR('',#2118,10.);
#661=VECTOR('',#2125,10.5);
#662=VECTOR('',#2134,15.5);
#663=VECTOR('',#2145,10.);
#664=VECTOR('',#2146,10.);
#665=VECTOR('',#2151,8.65);
#666=VECTOR('',#2160,9.55);
#667=VECTOR('',#2173,10.5);
#668=VECTOR('',#2186,9.60000000000001);
#669=VECTOR('',#2209,2.07610186979601);
#670=VECTOR('',#2212,2.07610186979601);
#671=VECTOR('',#2221,9.6);
#672=VECTOR('',#2228,10.5);
#673=VERTEX_POINT('',#2260);
#674=VERTEX_POINT('',#2261);
#675=VERTEX_POINT('',#2263);
#676=VERTEX_POINT('',#2265);
#677=VERTEX_POINT('',#2267);
#678=VERTEX_POINT('',#2269);
#679=VERTEX_POINT('',#2272);
#680=VERTEX_POINT('',#2273);
#681=VERTEX_POINT('',#2275);
#682=VERTEX_POINT('',#2277);
#683=VERTEX_POINT('',#2281);
#684=VERTEX_POINT('',#2283);
#685=VERTEX_POINT('',#2287);
#686=VERTEX_POINT('',#2291);
#687=VERTEX_POINT('',#2297);
#688=VERTEX_POINT('',#2299);
#689=VERTEX_POINT('',#2304);
#690=VERTEX_POINT('',#2305);
#691=VERTEX_POINT('',#2310);
#692=VERTEX_POINT('',#2314);
#693=VERTEX_POINT('',#2318);
#694=VERTEX_POINT('',#2322);
#695=VERTEX_POINT('',#2328);
#696=VERTEX_POINT('',#2330);
#697=VERTEX_POINT('',#2337);
#698=VERTEX_POINT('',#2338);
#699=VERTEX_POINT('',#2340);
#700=VERTEX_POINT('',#2342);
#701=VERTEX_POINT('',#2344);
#702=VERTEX_POINT('',#2346);
#703=VERTEX_POINT('',#2348);
#704=VERTEX_POINT('',#2350);
#705=VERTEX_POINT('',#2354);
#706=VERTEX_POINT('',#2358);
#707=VERTEX_POINT('',#2360);
#708=VERTEX_POINT('',#2364);
#709=VERTEX_POINT('',#2366);
#710=VERTEX_POINT('',#2370);
#711=VERTEX_POINT('',#2374);
#712=VERTEX_POINT('',#2376);
#713=VERTEX_POINT('',#2387);
#714=VERTEX_POINT('',#2388);
#715=VERTEX_POINT('',#2390);
#716=VERTEX_POINT('',#2392);
#717=VERTEX_POINT('',#2396);
#718=VERTEX_POINT('',#2398);
#719=VERTEX_POINT('',#2402);
#720=VERTEX_POINT('',#2406);
#721=VERTEX_POINT('',#2411);
#722=VERTEX_POINT('',#2412);
#723=VERTEX_POINT('',#2414);
#724=VERTEX_POINT('',#2416);
#725=VERTEX_POINT('',#2421);
#726=VERTEX_POINT('',#2422);
#727=VERTEX_POINT('',#2424);
#728=VERTEX_POINT('',#2426);
#729=VERTEX_POINT('',#2438);
#730=VERTEX_POINT('',#2439);
#731=VERTEX_POINT('',#2441);
#732=VERTEX_POINT('',#2443);
#733=VERTEX_POINT('',#2447);
#734=VERTEX_POINT('',#2449);
#735=VERTEX_POINT('',#2453);
#736=VERTEX_POINT('',#2457);
#737=VERTEX_POINT('',#2465);
#738=VERTEX_POINT('',#2466);
#739=VERTEX_POINT('',#2475);
#740=VERTEX_POINT('',#2477);
#741=VERTEX_POINT('',#2479);
#742=VERTEX_POINT('',#2481);
#743=VERTEX_POINT('',#2488);
#744=VERTEX_POINT('',#2503);
#745=VERTEX_POINT('',#2520);
#746=VERTEX_POINT('',#2539);
#747=VERTEX_POINT('',#2560);
#748=VERTEX_POINT('',#2567);
#749=VERTEX_POINT('',#2576);
#750=VERTEX_POINT('',#2583);
#751=VERTEX_POINT('',#2585);
#752=VERTEX_POINT('',#2590);
#753=VERTEX_POINT('',#2623);
#754=VERTEX_POINT('',#2625);
#755=VERTEX_POINT('',#2627);
#756=VERTEX_POINT('',#2633);
#757=VERTEX_POINT('',#2635);
#758=VERTEX_POINT('',#2683);
#759=VERTEX_POINT('',#2689);
#760=VERTEX_POINT('',#2691);
#761=VERTEX_POINT('',#2699);
#762=VERTEX_POINT('',#2701);
#763=VERTEX_POINT('',#2709);
#764=VERTEX_POINT('',#2750);
#765=VERTEX_POINT('',#2751);
#766=VERTEX_POINT('',#2753);
#767=VERTEX_POINT('',#2759);
#768=VERTEX_POINT('',#2770);
#769=VERTEX_POINT('',#2808);
#770=VERTEX_POINT('',#2855);
#771=VERTEX_POINT('',#2870);
#772=VERTEX_POINT('',#2872);
#773=VERTEX_POINT('',#2891);
#774=VERTEX_POINT('',#2947);
#775=VERTEX_POINT('',#2962);
#776=VERTEX_POINT('',#2979);
#777=VERTEX_POINT('',#2996);
#778=VERTEX_POINT('',#3034);
#779=VERTEX_POINT('',#3036);
#780=VERTEX_POINT('',#3079);
#781=VERTEX_POINT('',#3084);
#782=VERTEX_POINT('',#3096);
#783=VERTEX_POINT('',#3101);
#784=VERTEX_POINT('',#3114);
#785=VERTEX_POINT('',#3116);
#786=VERTEX_POINT('',#3143);
#787=VERTEX_POINT('',#3206);
#788=VERTEX_POINT('',#3228);
#789=VERTEX_POINT('',#3315);
#790=VERTEX_POINT('',#3317);
#791=VERTEX_POINT('',#3322);
#792=VERTEX_POINT('',#3330);
#793=VERTEX_POINT('',#3331);
#794=VERTEX_POINT('',#3342);
#795=VERTEX_POINT('',#3344);
#796=VERTEX_POINT('',#3357);
#797=VERTEX_POINT('',#3359);
#798=VERTEX_POINT('',#3364);
#799=VERTEX_POINT('',#3366);
#800=VERTEX_POINT('',#3374);
#801=VERTEX_POINT('',#3375);
#802=VERTEX_POINT('',#3377);
#803=VERTEX_POINT('',#3379);
#804=VERTEX_POINT('',#3381);
#805=VERTEX_POINT('',#3385);
#806=VERTEX_POINT('',#3387);
#807=VERTEX_POINT('',#3391);
#808=VERTEX_POINT('',#3392);
#809=VERTEX_POINT('',#3455);
#810=VERTEX_POINT('',#3462);
#811=VERTEX_POINT('',#3464);
#812=VERTEX_POINT('',#3466);
#813=VERTEX_POINT('',#3504);
#814=VERTEX_POINT('',#3505);
#815=VERTEX_POINT('',#3542);
#816=VERTEX_POINT('',#3548);
#817=VERTEX_POINT('',#3552);
#818=EDGE_CURVE('',#673,#674,#439,.T.);
#819=EDGE_CURVE('',#674,#675,#440,.T.);
#820=EDGE_CURVE('',#675,#676,#441,.T.);
#821=EDGE_CURVE('',#676,#677,#442,.T.);
#822=EDGE_CURVE('',#677,#678,#443,.T.);
#823=EDGE_CURVE('',#678,#673,#444,.T.);
#824=EDGE_CURVE('',#679,#680,#445,.T.);
#825=EDGE_CURVE('',#681,#679,#446,.T.);
#826=EDGE_CURVE('',#682,#681,#447,.T.);
#827=EDGE_CURVE('',#680,#682,#448,.T.);
#828=EDGE_CURVE('',#679,#683,#449,.T.);
#829=EDGE_CURVE('',#684,#683,#450,.T.);
#830=EDGE_CURVE('',#681,#684,#451,.T.);
#831=EDGE_CURVE('',#685,#684,#452,.T.);
#832=EDGE_CURVE('',#682,#685,#453,.T.);
#833=EDGE_CURVE('',#686,#685,#454,.T.);
#834=EDGE_CURVE('',#680,#686,#455,.T.);
#835=EDGE_CURVE('',#683,#686,#456,.T.);
#836=EDGE_CURVE('',#687,#687,#154,.T.);
#837=EDGE_CURVE('',#687,#688,#457,.T.);
#838=EDGE_CURVE('',#688,#688,#155,.T.);
#839=EDGE_CURVE('',#689,#690,#458,.T.);
#840=EDGE_CURVE('',#690,#674,#459,.T.);
#841=EDGE_CURVE('',#689,#673,#460,.T.);
#842=EDGE_CURVE('',#691,#689,#461,.T.);
#843=EDGE_CURVE('',#691,#678,#462,.T.);
#844=EDGE_CURVE('',#692,#691,#463,.T.);
#845=EDGE_CURVE('',#692,#677,#464,.T.);
#846=EDGE_CURVE('',#693,#692,#465,.T.);
#847=EDGE_CURVE('',#693,#676,#466,.T.);
#848=EDGE_CURVE('',#694,#693,#467,.T.);
#849=EDGE_CURVE('',#694,#675,#468,.T.);
#850=EDGE_CURVE('',#690,#694,#469,.T.);
#851=EDGE_CURVE('',#695,#695,#156,.T.);
#852=EDGE_CURVE('',#695,#696,#470,.T.);
#853=EDGE_CURVE('',#696,#696,#157,.T.);
#854=EDGE_CURVE('',#697,#698,#471,.T.);
#855=EDGE_CURVE('',#699,#697,#472,.T.);
#856=EDGE_CURVE('',#699,#700,#473,.T.);
#857=EDGE_CURVE('',#700,#701,#474,.T.);
#858=EDGE_CURVE('',#702,#701,#475,.T.);
#859=EDGE_CURVE('',#702,#703,#476,.T.);
#860=EDGE_CURVE('',#703,#704,#477,.T.);
#861=EDGE_CURVE('',#704,#698,#478,.T.);
#862=EDGE_CURVE('',#705,#704,#479,.T.);
#863=EDGE_CURVE('',#703,#705,#158,.T.);
#864=EDGE_CURVE('',#706,#697,#480,.T.);
#865=EDGE_CURVE('',#707,#706,#481,.T.);
#866=EDGE_CURVE('',#707,#699,#482,.T.);
#867=EDGE_CURVE('',#701,#708,#159,.T.);
#868=EDGE_CURVE('',#709,#700,#160,.T.);
#869=EDGE_CURVE('',#709,#708,#483,.T.);
#870=EDGE_CURVE('',#710,#709,#484,.T.);
#871=EDGE_CURVE('',#710,#707,#485,.T.);
#872=EDGE_CURVE('',#698,#711,#486,.T.);
#873=EDGE_CURVE('',#712,#705,#487,.T.);
#874=EDGE_CURVE('',#708,#712,#488,.T.);
#875=EDGE_CURVE('',#710,#711,#489,.T.);
#876=EDGE_CURVE('',#712,#702,#161,.T.);
#877=EDGE_CURVE('',#711,#706,#490,.T.);
#878=EDGE_CURVE('',#713,#714,#491,.T.);
#879=EDGE_CURVE('',#715,#713,#162,.T.);
#880=EDGE_CURVE('',#716,#715,#492,.T.);
#881=EDGE_CURVE('',#714,#716,#163,.T.);
#882=EDGE_CURVE('',#715,#717,#493,.T.);
#883=EDGE_CURVE('',#717,#718,#494,.T.);
#884=EDGE_CURVE('',#718,#716,#495,.T.);
#885=EDGE_CURVE('',#713,#719,#496,.T.);
#886=EDGE_CURVE('',#717,#719,#164,.T.);
#887=EDGE_CURVE('',#720,#714,#497,.T.);
#888=EDGE_CURVE('',#719,#720,#498,.T.);
#889=EDGE_CURVE('',#720,#718,#165,.T.);
#890=EDGE_CURVE('',#721,#722,#499,.T.);
#891=EDGE_CURVE('',#722,#723,#500,.T.);
#892=EDGE_CURVE('',#723,#724,#501,.T.);
#893=EDGE_CURVE('',#724,#721,#502,.T.);
#894=EDGE_CURVE('',#725,#726,#503,.T.);
#895=EDGE_CURVE('',#727,#725,#504,.T.);
#896=EDGE_CURVE('',#728,#727,#505,.T.);
#897=EDGE_CURVE('',#726,#728,#506,.T.);
#898=EDGE_CURVE('',#722,#725,#507,.T.);
#899=EDGE_CURVE('',#723,#726,#508,.T.);
#900=EDGE_CURVE('',#724,#728,#509,.T.);
#901=EDGE_CURVE('',#721,#727,#510,.T.);
#902=EDGE_CURVE('',#729,#730,#511,.T.);
#903=EDGE_CURVE('',#731,#729,#512,.T.);
#904=EDGE_CURVE('',#732,#731,#513,.T.);
#905=EDGE_CURVE('',#730,#732,#514,.T.);
#906=EDGE_CURVE('',#731,#733,#515,.T.);
#907=EDGE_CURVE('',#734,#733,#516,.T.);
#908=EDGE_CURVE('',#732,#734,#517,.T.);
#909=EDGE_CURVE('',#729,#735,#518,.T.);
#910=EDGE_CURVE('',#735,#733,#519,.T.);
#911=EDGE_CURVE('',#730,#736,#520,.T.);
#912=EDGE_CURVE('',#735,#736,#521,.T.);
#913=EDGE_CURVE('',#736,#734,#522,.T.);
#914=EDGE_CURVE('',#737,#738,#80,.T.);
#915=EDGE_CURVE('',#737,#739,#523,.T.);
#916=EDGE_CURVE('',#740,#739,#74,.T.);
#917=EDGE_CURVE('',#741,#740,#524,.T.);
#918=EDGE_CURVE('',#742,#741,#81,.T.);
#919=EDGE_CURVE('',#738,#742,#525,.T.);
#920=EDGE_CURVE('',#738,#743,#82,.T.);
#921=EDGE_CURVE('',#744,#742,#83,.T.);
#922=EDGE_CURVE('',#743,#744,#526,.T.);
#923=EDGE_CURVE('',#745,#737,#84,.T.);
#924=EDGE_CURVE('',#745,#746,#527,.T.);
#925=EDGE_CURVE('',#739,#746,#85,.T.);
#926=EDGE_CURVE('',#743,#747,#86,.T.);
#927=EDGE_CURVE('',#748,#744,#87,.T.);
#928=EDGE_CURVE('',#747,#748,#528,.T.);
#929=EDGE_CURVE('',#749,#745,#88,.T.);
#930=EDGE_CURVE('',#749,#750,#529,.T.);
#931=EDGE_CURVE('',#751,#750,#89,.T.);
#932=EDGE_CURVE('',#752,#751,#530,.T.);
#933=EDGE_CURVE('',#746,#752,#75,.T.);
#934=EDGE_CURVE('',#747,#749,#90,.T.);
#935=EDGE_CURVE('',#750,#748,#91,.T.);
#936=EDGE_CURVE('',#753,#753,#166,.T.);
#937=EDGE_CURVE('',#753,#754,#531,.T.);
#938=EDGE_CURVE('',#755,#754,#92,.T.);
#939=EDGE_CURVE('',#755,#740,#167,.T.);
#940=EDGE_CURVE('',#752,#756,#168,.T.);
#941=EDGE_CURVE('',#757,#756,#93,.T.);
#942=EDGE_CURVE('',#754,#757,#169,.T.);
#943=EDGE_CURVE('',#756,#751,#94,.T.);
#944=EDGE_CURVE('',#741,#755,#95,.T.);
#945=EDGE_CURVE('',#758,#754,#96,.T.);
#946=EDGE_CURVE('',#759,#758,#532,.T.);
#947=EDGE_CURVE('',#760,#759,#97,.T.);
#948=EDGE_CURVE('',#760,#761,#170,.T.);
#949=EDGE_CURVE('',#762,#761,#98,.T.);
#950=EDGE_CURVE('',#763,#762,#533,.T.);
#951=EDGE_CURVE('',#757,#763,#99,.T.);
#952=EDGE_CURVE('',#764,#765,#171,.T.);
#953=EDGE_CURVE('',#765,#766,#100,.T.);
#954=EDGE_CURVE('',#766,#767,#101,.T.);
#955=EDGE_CURVE('',#767,#768,#172,.T.);
#956=EDGE_CURVE('',#764,#768,#173,.T.);
#957=EDGE_CURVE('',#769,#765,#102,.T.);
#958=EDGE_CURVE('',#769,#764,#174,.T.);
#959=EDGE_CURVE('',#767,#770,#103,.T.);
#960=EDGE_CURVE('',#768,#770,#175,.T.);
#961=EDGE_CURVE('',#769,#771,#534,.T.);
#962=EDGE_CURVE('',#772,#771,#104,.F.);
#963=EDGE_CURVE('',#772,#773,#105,.F.);
#964=EDGE_CURVE('',#773,#765,#535,.T.);
#965=EDGE_CURVE('',#774,#760,#106,.T.);
#966=EDGE_CURVE('',#759,#775,#107,.T.);
#967=EDGE_CURVE('',#775,#776,#108,.T.);
#968=EDGE_CURVE('',#776,#777,#109,.T.);
#969=EDGE_CURVE('',#777,#774,#110,.T.);
#970=EDGE_CURVE('',#777,#778,#176,.T.);
#971=EDGE_CURVE('',#778,#779,#536,.T.);
#972=EDGE_CURVE('',#779,#774,#537,.T.);
#973=EDGE_CURVE('',#780,#776,#111,.T.);
#974=EDGE_CURVE('',#780,#781,#112,.T.);
#975=EDGE_CURVE('',#781,#773,#177,.T.);
#976=EDGE_CURVE('',#782,#772,#113,.T.);
#977=EDGE_CURVE('',#783,#782,#114,.T.);
#978=EDGE_CURVE('',#784,#783,#178,.T.);
#979=EDGE_CURVE('',#784,#785,#538,.T.);
#980=EDGE_CURVE('',#785,#779,#179,.T.);
#981=EDGE_CURVE('',#775,#786,#115,.T.);
#982=EDGE_CURVE('',#780,#786,#116,.T.);
#983=EDGE_CURVE('',#761,#787,#117,.T.);
#984=EDGE_CURVE('',#787,#783,#118,.T.);
#985=EDGE_CURVE('',#782,#788,#119,.T.);
#986=EDGE_CURVE('',#788,#762,#120,.T.);
#987=EDGE_CURVE('',#787,#785,#539,.T.);
#988=EDGE_CURVE('',#771,#788,#121,.T.);
#989=EDGE_CURVE('',#771,#763,#540,.T.);
#990=EDGE_CURVE('',#767,#781,#541,.T.);
#991=EDGE_CURVE('',#786,#770,#542,.T.);
#992=EDGE_CURVE('',#758,#786,#543,.T.);
#993=EDGE_CURVE('',#789,#789,#180,.T.);
#994=EDGE_CURVE('',#789,#790,#544,.T.);
#995=EDGE_CURVE('',#790,#790,#181,.T.);
#996=EDGE_CURVE('',#791,#791,#182,.T.);
#997=EDGE_CURVE('',#791,#770,#545,.T.);
#998=EDGE_CURVE('',#758,#763,#183,.T.);
#999=EDGE_CURVE('',#792,#793,#122,.T.);
#1000=EDGE_CURVE('',#794,#792,#546,.T.);
#1001=EDGE_CURVE('',#795,#794,#123,.T.);
#1002=EDGE_CURVE('',#793,#795,#547,.T.);
#1003=EDGE_CURVE('',#796,#796,#184,.T.);
#1004=EDGE_CURVE('',#796,#797,#548,.T.);
#1005=EDGE_CURVE('',#797,#795,#185,.T.);
#1006=EDGE_CURVE('',#794,#797,#186,.T.);
#1007=EDGE_CURVE('',#798,#798,#187,.T.);
#1008=EDGE_CURVE('',#798,#799,#549,.T.);
#1009=EDGE_CURVE('',#799,#792,#188,.T.);
#1010=EDGE_CURVE('',#793,#799,#189,.T.);
#1011=EDGE_CURVE('',#800,#801,#550,.T.);
#1012=EDGE_CURVE('',#802,#800,#190,.T.);
#1013=EDGE_CURVE('',#803,#802,#76,.T.);
#1014=EDGE_CURVE('',#804,#803,#77,.T.);
#1015=EDGE_CURVE('',#804,#801,#191,.T.);
#1016=EDGE_CURVE('',#805,#805,#192,.T.);
#1017=EDGE_CURVE('',#805,#806,#551,.T.);
#1018=EDGE_CURVE('',#806,#806,#193,.T.);
#1019=EDGE_CURVE('',#807,#808,#124,.T.);
#1020=EDGE_CURVE('',#808,#807,#125,.T.);
#1021=EDGE_CURVE('',#801,#804,#194,.T.);
#1022=EDGE_CURVE('',#809,#804,#78,.T.);
#1023=EDGE_CURVE('',#802,#809,#79,.T.);
#1024=EDGE_CURVE('',#800,#802,#195,.T.);
#1025=EDGE_CURVE('',#810,#810,#196,.T.);
#1026=EDGE_CURVE('',#810,#811,#552,.T.);
#1027=EDGE_CURVE('',#812,#811,#126,.T.);
#1028=EDGE_CURVE('',#811,#812,#127,.T.);
#1029=EDGE_CURVE('',#813,#814,#128,.T.);
#1030=EDGE_CURVE('',#814,#813,#129,.T.);
#1031=EDGE_CURVE('',#814,#815,#553,.T.);
#1032=EDGE_CURVE('',#815,#815,#197,.T.);
#1033=EDGE_CURVE('',#808,#816,#554,.T.);
#1034=EDGE_CURVE('',#816,#816,#198,.T.);
#1035=EDGE_CURVE('',#817,#817,#199,.T.);
#1036=EDGE_CURVE('',#817,#802,#555,.T.);
#1037=ORIENTED_EDGE('',*,*,#818,.T.);
#1038=ORIENTED_EDGE('',*,*,#819,.T.);
#1039=ORIENTED_EDGE('',*,*,#820,.T.);
#1040=ORIENTED_EDGE('',*,*,#821,.T.);
#1041=ORIENTED_EDGE('',*,*,#822,.T.);
#1042=ORIENTED_EDGE('',*,*,#823,.T.);
#1043=ORIENTED_EDGE('',*,*,#824,.F.);
#1044=ORIENTED_EDGE('',*,*,#825,.F.);
#1045=ORIENTED_EDGE('',*,*,#826,.F.);
#1046=ORIENTED_EDGE('',*,*,#827,.F.);
#1047=ORIENTED_EDGE('',*,*,#825,.T.);
#1048=ORIENTED_EDGE('',*,*,#828,.T.);
#1049=ORIENTED_EDGE('',*,*,#829,.F.);
#1050=ORIENTED_EDGE('',*,*,#830,.F.);
#1051=ORIENTED_EDGE('',*,*,#826,.T.);
#1052=ORIENTED_EDGE('',*,*,#830,.T.);
#1053=ORIENTED_EDGE('',*,*,#831,.F.);
#1054=ORIENTED_EDGE('',*,*,#832,.F.);
#1055=ORIENTED_EDGE('',*,*,#827,.T.);
#1056=ORIENTED_EDGE('',*,*,#832,.T.);
#1057=ORIENTED_EDGE('',*,*,#833,.F.);
#1058=ORIENTED_EDGE('',*,*,#834,.F.);
#1059=ORIENTED_EDGE('',*,*,#824,.T.);
#1060=ORIENTED_EDGE('',*,*,#834,.T.);
#1061=ORIENTED_EDGE('',*,*,#835,.F.);
#1062=ORIENTED_EDGE('',*,*,#828,.F.);
#1063=ORIENTED_EDGE('',*,*,#836,.F.);
#1064=ORIENTED_EDGE('',*,*,#837,.T.);
#1065=ORIENTED_EDGE('',*,*,#838,.F.);
#1066=ORIENTED_EDGE('',*,*,#837,.F.);
#1067=ORIENTED_EDGE('',*,*,#836,.T.);
#1068=ORIENTED_EDGE('',*,*,#835,.T.);
#1069=ORIENTED_EDGE('',*,*,#833,.T.);
#1070=ORIENTED_EDGE('',*,*,#831,.T.);
#1071=ORIENTED_EDGE('',*,*,#829,.T.);
#1072=ORIENTED_EDGE('',*,*,#839,.T.);
#1073=ORIENTED_EDGE('',*,*,#840,.T.);
#1074=ORIENTED_EDGE('',*,*,#818,.F.);
#1075=ORIENTED_EDGE('',*,*,#841,.F.);
#1076=ORIENTED_EDGE('',*,*,#842,.T.);
#1077=ORIENTED_EDGE('',*,*,#841,.T.);
#1078=ORIENTED_EDGE('',*,*,#823,.F.);
#1079=ORIENTED_EDGE('',*,*,#843,.F.);
#1080=ORIENTED_EDGE('',*,*,#844,.T.);
#1081=ORIENTED_EDGE('',*,*,#843,.T.);
#1082=ORIENTED_EDGE('',*,*,#822,.F.);
#1083=ORIENTED_EDGE('',*,*,#845,.F.);
#1084=ORIENTED_EDGE('',*,*,#846,.T.);
#1085=ORIENTED_EDGE('',*,*,#845,.T.);
#1086=ORIENTED_EDGE('',*,*,#821,.F.);
#1087=ORIENTED_EDGE('',*,*,#847,.F.);
#1088=ORIENTED_EDGE('',*,*,#848,.T.);
#1089=ORIENTED_EDGE('',*,*,#847,.T.);
#1090=ORIENTED_EDGE('',*,*,#820,.F.);
#1091=ORIENTED_EDGE('',*,*,#849,.F.);
#1092=ORIENTED_EDGE('',*,*,#850,.T.);
#1093=ORIENTED_EDGE('',*,*,#849,.T.);
#1094=ORIENTED_EDGE('',*,*,#819,.F.);
#1095=ORIENTED_EDGE('',*,*,#840,.F.);
#1096=ORIENTED_EDGE('',*,*,#851,.F.);
#1097=ORIENTED_EDGE('',*,*,#852,.T.);
#1098=ORIENTED_EDGE('',*,*,#853,.T.);
#1099=ORIENTED_EDGE('',*,*,#852,.F.);
#1100=ORIENTED_EDGE('',*,*,#851,.T.);
#1101=ORIENTED_EDGE('',*,*,#838,.T.);
#1102=ORIENTED_EDGE('',*,*,#853,.F.);
#1103=ORIENTED_EDGE('',*,*,#850,.F.);
#1104=ORIENTED_EDGE('',*,*,#839,.F.);
#1105=ORIENTED_EDGE('',*,*,#842,.F.);
#1106=ORIENTED_EDGE('',*,*,#844,.F.);
#1107=ORIENTED_EDGE('',*,*,#846,.F.);
#1108=ORIENTED_EDGE('',*,*,#848,.F.);
#1109=ORIENTED_EDGE('',*,*,#854,.F.);
#1110=ORIENTED_EDGE('',*,*,#855,.F.);
#1111=ORIENTED_EDGE('',*,*,#856,.T.);
#1112=ORIENTED_EDGE('',*,*,#857,.T.);
#1113=ORIENTED_EDGE('',*,*,#858,.F.);
#1114=ORIENTED_EDGE('',*,*,#859,.T.);
#1115=ORIENTED_EDGE('',*,*,#860,.T.);
#1116=ORIENTED_EDGE('',*,*,#861,.T.);
#1117=ORIENTED_EDGE('',*,*,#862,.T.);
#1118=ORIENTED_EDGE('',*,*,#860,.F.);
#1119=ORIENTED_EDGE('',*,*,#863,.T.);
#1120=ORIENTED_EDGE('',*,*,#864,.F.);
#1121=ORIENTED_EDGE('',*,*,#865,.F.);
#1122=ORIENTED_EDGE('',*,*,#866,.T.);
#1123=ORIENTED_EDGE('',*,*,#855,.T.);
#1124=ORIENTED_EDGE('',*,*,#867,.F.);
#1125=ORIENTED_EDGE('',*,*,#857,.F.);
#1126=ORIENTED_EDGE('',*,*,#868,.F.);
#1127=ORIENTED_EDGE('',*,*,#869,.T.);
#1128=ORIENTED_EDGE('',*,*,#870,.T.);
#1129=ORIENTED_EDGE('',*,*,#868,.T.);
#1130=ORIENTED_EDGE('',*,*,#856,.F.);
#1131=ORIENTED_EDGE('',*,*,#866,.F.);
#1132=ORIENTED_EDGE('',*,*,#871,.F.);
#1133=ORIENTED_EDGE('',*,*,#872,.F.);
#1134=ORIENTED_EDGE('',*,*,#861,.F.);
#1135=ORIENTED_EDGE('',*,*,#862,.F.);
#1136=ORIENTED_EDGE('',*,*,#873,.F.);
#1137=ORIENTED_EDGE('',*,*,#874,.F.);
#1138=ORIENTED_EDGE('',*,*,#869,.F.);
#1139=ORIENTED_EDGE('',*,*,#870,.F.);
#1140=ORIENTED_EDGE('',*,*,#875,.T.);
#1141=ORIENTED_EDGE('',*,*,#876,.F.);
#1142=ORIENTED_EDGE('',*,*,#873,.T.);
#1143=ORIENTED_EDGE('',*,*,#863,.F.);
#1144=ORIENTED_EDGE('',*,*,#859,.F.);
#1145=ORIENTED_EDGE('',*,*,#877,.F.);
#1146=ORIENTED_EDGE('',*,*,#875,.F.);
#1147=ORIENTED_EDGE('',*,*,#871,.T.);
#1148=ORIENTED_EDGE('',*,*,#865,.T.);
#1149=ORIENTED_EDGE('',*,*,#872,.T.);
#1150=ORIENTED_EDGE('',*,*,#877,.T.);
#1151=ORIENTED_EDGE('',*,*,#864,.T.);
#1152=ORIENTED_EDGE('',*,*,#854,.T.);
#1153=ORIENTED_EDGE('',*,*,#874,.T.);
#1154=ORIENTED_EDGE('',*,*,#876,.T.);
#1155=ORIENTED_EDGE('',*,*,#858,.T.);
#1156=ORIENTED_EDGE('',*,*,#867,.T.);
#1157=ORIENTED_EDGE('',*,*,#878,.F.);
#1158=ORIENTED_EDGE('',*,*,#879,.F.);
#1159=ORIENTED_EDGE('',*,*,#880,.F.);
#1160=ORIENTED_EDGE('',*,*,#881,.F.);
#1161=ORIENTED_EDGE('',*,*,#880,.T.);
#1162=ORIENTED_EDGE('',*,*,#882,.T.);
#1163=ORIENTED_EDGE('',*,*,#883,.T.);
#1164=ORIENTED_EDGE('',*,*,#884,.T.);
#1165=ORIENTED_EDGE('',*,*,#879,.T.);
#1166=ORIENTED_EDGE('',*,*,#885,.T.);
#1167=ORIENTED_EDGE('',*,*,#886,.F.);
#1168=ORIENTED_EDGE('',*,*,#882,.F.);
#1169=ORIENTED_EDGE('',*,*,#878,.T.);
#1170=ORIENTED_EDGE('',*,*,#887,.F.);
#1171=ORIENTED_EDGE('',*,*,#888,.F.);
#1172=ORIENTED_EDGE('',*,*,#885,.F.);
#1173=ORIENTED_EDGE('',*,*,#888,.T.);
#1174=ORIENTED_EDGE('',*,*,#889,.T.);
#1175=ORIENTED_EDGE('',*,*,#883,.F.);
#1176=ORIENTED_EDGE('',*,*,#886,.T.);
#1177=ORIENTED_EDGE('',*,*,#890,.T.);
#1178=ORIENTED_EDGE('',*,*,#891,.T.);
#1179=ORIENTED_EDGE('',*,*,#892,.T.);
#1180=ORIENTED_EDGE('',*,*,#893,.T.);
#1181=ORIENTED_EDGE('',*,*,#881,.T.);
#1182=ORIENTED_EDGE('',*,*,#884,.F.);
#1183=ORIENTED_EDGE('',*,*,#889,.F.);
#1184=ORIENTED_EDGE('',*,*,#887,.T.);
#1185=ORIENTED_EDGE('',*,*,#894,.F.);
#1186=ORIENTED_EDGE('',*,*,#895,.F.);
#1187=ORIENTED_EDGE('',*,*,#896,.F.);
#1188=ORIENTED_EDGE('',*,*,#897,.F.);
#1189=ORIENTED_EDGE('',*,*,#891,.F.);
#1190=ORIENTED_EDGE('',*,*,#898,.T.);
#1191=ORIENTED_EDGE('',*,*,#894,.T.);
#1192=ORIENTED_EDGE('',*,*,#899,.F.);
#1193=ORIENTED_EDGE('',*,*,#892,.F.);
#1194=ORIENTED_EDGE('',*,*,#899,.T.);
#1195=ORIENTED_EDGE('',*,*,#897,.T.);
#1196=ORIENTED_EDGE('',*,*,#900,.F.);
#1197=ORIENTED_EDGE('',*,*,#893,.F.);
#1198=ORIENTED_EDGE('',*,*,#900,.T.);
#1199=ORIENTED_EDGE('',*,*,#896,.T.);
#1200=ORIENTED_EDGE('',*,*,#901,.F.);
#1201=ORIENTED_EDGE('',*,*,#890,.F.);
#1202=ORIENTED_EDGE('',*,*,#901,.T.);
#1203=ORIENTED_EDGE('',*,*,#895,.T.);
#1204=ORIENTED_EDGE('',*,*,#898,.F.);
#1205=ORIENTED_EDGE('',*,*,#902,.F.);
#1206=ORIENTED_EDGE('',*,*,#903,.F.);
#1207=ORIENTED_EDGE('',*,*,#904,.F.);
#1208=ORIENTED_EDGE('',*,*,#905,.F.);
#1209=ORIENTED_EDGE('',*,*,#904,.T.);
#1210=ORIENTED_EDGE('',*,*,#906,.T.);
#1211=ORIENTED_EDGE('',*,*,#907,.F.);
#1212=ORIENTED_EDGE('',*,*,#908,.F.);
#1213=ORIENTED_EDGE('',*,*,#903,.T.);
#1214=ORIENTED_EDGE('',*,*,#909,.T.);
#1215=ORIENTED_EDGE('',*,*,#910,.T.);
#1216=ORIENTED_EDGE('',*,*,#906,.F.);
#1217=ORIENTED_EDGE('',*,*,#902,.T.);
#1218=ORIENTED_EDGE('',*,*,#911,.T.);
#1219=ORIENTED_EDGE('',*,*,#912,.F.);
#1220=ORIENTED_EDGE('',*,*,#909,.F.);
#1221=ORIENTED_EDGE('',*,*,#912,.T.);
#1222=ORIENTED_EDGE('',*,*,#913,.T.);
#1223=ORIENTED_EDGE('',*,*,#907,.T.);
#1224=ORIENTED_EDGE('',*,*,#910,.F.);
#1225=ORIENTED_EDGE('',*,*,#905,.T.);
#1226=ORIENTED_EDGE('',*,*,#908,.T.);
#1227=ORIENTED_EDGE('',*,*,#913,.F.);
#1228=ORIENTED_EDGE('',*,*,#911,.F.);
#1229=ORIENTED_EDGE('',*,*,#914,.F.);
#1230=ORIENTED_EDGE('',*,*,#915,.T.);
#1231=ORIENTED_EDGE('',*,*,#916,.F.);
#1232=ORIENTED_EDGE('',*,*,#917,.F.);
#1233=ORIENTED_EDGE('',*,*,#918,.F.);
#1234=ORIENTED_EDGE('',*,*,#919,.F.);
#1235=ORIENTED_EDGE('',*,*,#920,.F.);
#1236=ORIENTED_EDGE('',*,*,#919,.T.);
#1237=ORIENTED_EDGE('',*,*,#921,.F.);
#1238=ORIENTED_EDGE('',*,*,#922,.F.);
#1239=ORIENTED_EDGE('',*,*,#923,.F.);
#1240=ORIENTED_EDGE('',*,*,#924,.T.);
#1241=ORIENTED_EDGE('',*,*,#925,.F.);
#1242=ORIENTED_EDGE('',*,*,#915,.F.);
#1243=ORIENTED_EDGE('',*,*,#926,.F.);
#1244=ORIENTED_EDGE('',*,*,#922,.T.);
#1245=ORIENTED_EDGE('',*,*,#927,.F.);
#1246=ORIENTED_EDGE('',*,*,#928,.F.);
#1247=ORIENTED_EDGE('',*,*,#929,.F.);
#1248=ORIENTED_EDGE('',*,*,#930,.T.);
#1249=ORIENTED_EDGE('',*,*,#931,.F.);
#1250=ORIENTED_EDGE('',*,*,#932,.F.);
#1251=ORIENTED_EDGE('',*,*,#933,.F.);
#1252=ORIENTED_EDGE('',*,*,#924,.F.);
#1253=ORIENTED_EDGE('',*,*,#934,.F.);
#1254=ORIENTED_EDGE('',*,*,#928,.T.);
#1255=ORIENTED_EDGE('',*,*,#935,.F.);
#1256=ORIENTED_EDGE('',*,*,#930,.F.);
#1257=ORIENTED_EDGE('',*,*,#936,.F.);
#1258=ORIENTED_EDGE('',*,*,#937,.T.);
#1259=ORIENTED_EDGE('',*,*,#938,.F.);
#1260=ORIENTED_EDGE('',*,*,#939,.T.);
#1261=ORIENTED_EDGE('',*,*,#916,.T.);
#1262=ORIENTED_EDGE('',*,*,#925,.T.);
#1263=ORIENTED_EDGE('',*,*,#933,.T.);
#1264=ORIENTED_EDGE('',*,*,#940,.T.);
#1265=ORIENTED_EDGE('',*,*,#941,.F.);
#1266=ORIENTED_EDGE('',*,*,#942,.F.);
#1267=ORIENTED_EDGE('',*,*,#937,.F.);
#1268=ORIENTED_EDGE('',*,*,#932,.T.);
#1269=ORIENTED_EDGE('',*,*,#943,.F.);
#1270=ORIENTED_EDGE('',*,*,#940,.F.);
#1271=ORIENTED_EDGE('',*,*,#917,.T.);
#1272=ORIENTED_EDGE('',*,*,#939,.F.);
#1273=ORIENTED_EDGE('',*,*,#944,.F.);
#1274=ORIENTED_EDGE('',*,*,#918,.T.);
#1275=ORIENTED_EDGE('',*,*,#944,.T.);
#1276=ORIENTED_EDGE('',*,*,#938,.T.);
#1277=ORIENTED_EDGE('',*,*,#945,.F.);
#1278=ORIENTED_EDGE('',*,*,#946,.F.);
#1279=ORIENTED_EDGE('',*,*,#947,.F.);
#1280=ORIENTED_EDGE('',*,*,#948,.T.);
#1281=ORIENTED_EDGE('',*,*,#949,.F.);
#1282=ORIENTED_EDGE('',*,*,#950,.F.);
#1283=ORIENTED_EDGE('',*,*,#951,.F.);
#1284=ORIENTED_EDGE('',*,*,#941,.T.);
#1285=ORIENTED_EDGE('',*,*,#943,.T.);
#1286=ORIENTED_EDGE('',*,*,#931,.T.);
#1287=ORIENTED_EDGE('',*,*,#935,.T.);
#1288=ORIENTED_EDGE('',*,*,#927,.T.);
#1289=ORIENTED_EDGE('',*,*,#921,.T.);
#1290=ORIENTED_EDGE('',*,*,#952,.T.);
#1291=ORIENTED_EDGE('',*,*,#953,.T.);
#1292=ORIENTED_EDGE('',*,*,#954,.T.);
#1293=ORIENTED_EDGE('',*,*,#955,.T.);
#1294=ORIENTED_EDGE('',*,*,#956,.F.);
#1295=ORIENTED_EDGE('',*,*,#957,.T.);
#1296=ORIENTED_EDGE('',*,*,#952,.F.);
#1297=ORIENTED_EDGE('',*,*,#958,.F.);
#1298=ORIENTED_EDGE('',*,*,#959,.T.);
#1299=ORIENTED_EDGE('',*,*,#960,.F.);
#1300=ORIENTED_EDGE('',*,*,#955,.F.);
#1301=ORIENTED_EDGE('',*,*,#957,.F.);
#1302=ORIENTED_EDGE('',*,*,#961,.T.);
#1303=ORIENTED_EDGE('',*,*,#962,.F.);
#1304=ORIENTED_EDGE('',*,*,#963,.T.);
#1305=ORIENTED_EDGE('',*,*,#964,.T.);
#1306=ORIENTED_EDGE('',*,*,#965,.T.);
#1307=ORIENTED_EDGE('',*,*,#947,.T.);
#1308=ORIENTED_EDGE('',*,*,#966,.T.);
#1309=ORIENTED_EDGE('',*,*,#967,.T.);
#1310=ORIENTED_EDGE('',*,*,#968,.T.);
#1311=ORIENTED_EDGE('',*,*,#969,.T.);
#1312=ORIENTED_EDGE('',*,*,#969,.F.);
#1313=ORIENTED_EDGE('',*,*,#970,.T.);
#1314=ORIENTED_EDGE('',*,*,#971,.T.);
#1315=ORIENTED_EDGE('',*,*,#972,.T.);
#1316=ORIENTED_EDGE('',*,*,#968,.F.);
#1317=ORIENTED_EDGE('',*,*,#973,.F.);
#1318=ORIENTED_EDGE('',*,*,#974,.T.);
#1319=ORIENTED_EDGE('',*,*,#975,.T.);
#1320=ORIENTED_EDGE('',*,*,#963,.F.);
#1321=ORIENTED_EDGE('',*,*,#976,.F.);
#1322=ORIENTED_EDGE('',*,*,#977,.F.);
#1323=ORIENTED_EDGE('',*,*,#978,.F.);
#1324=ORIENTED_EDGE('',*,*,#979,.T.);
#1325=ORIENTED_EDGE('',*,*,#980,.T.);
#1326=ORIENTED_EDGE('',*,*,#971,.F.);
#1327=ORIENTED_EDGE('',*,*,#970,.F.);
#1328=ORIENTED_EDGE('',*,*,#926,.T.);
#1329=ORIENTED_EDGE('',*,*,#934,.T.);
#1330=ORIENTED_EDGE('',*,*,#929,.T.);
#1331=ORIENTED_EDGE('',*,*,#923,.T.);
#1332=ORIENTED_EDGE('',*,*,#914,.T.);
#1333=ORIENTED_EDGE('',*,*,#920,.T.);
#1334=ORIENTED_EDGE('',*,*,#967,.F.);
#1335=ORIENTED_EDGE('',*,*,#981,.T.);
#1336=ORIENTED_EDGE('',*,*,#982,.F.);
#1337=ORIENTED_EDGE('',*,*,#973,.T.);
#1338=ORIENTED_EDGE('',*,*,#983,.T.);
#1339=ORIENTED_EDGE('',*,*,#984,.T.);
#1340=ORIENTED_EDGE('',*,*,#977,.T.);
#1341=ORIENTED_EDGE('',*,*,#985,.T.);
#1342=ORIENTED_EDGE('',*,*,#986,.T.);
#1343=ORIENTED_EDGE('',*,*,#949,.T.);
#1344=ORIENTED_EDGE('',*,*,#984,.F.);
#1345=ORIENTED_EDGE('',*,*,#987,.T.);
#1346=ORIENTED_EDGE('',*,*,#979,.F.);
#1347=ORIENTED_EDGE('',*,*,#978,.T.);
#1348=ORIENTED_EDGE('',*,*,#965,.F.);
#1349=ORIENTED_EDGE('',*,*,#972,.F.);
#1350=ORIENTED_EDGE('',*,*,#980,.F.);
#1351=ORIENTED_EDGE('',*,*,#987,.F.);
#1352=ORIENTED_EDGE('',*,*,#983,.F.);
#1353=ORIENTED_EDGE('',*,*,#948,.F.);
#1354=ORIENTED_EDGE('',*,*,#985,.F.);
#1355=ORIENTED_EDGE('',*,*,#976,.T.);
#1356=ORIENTED_EDGE('',*,*,#962,.T.);
#1357=ORIENTED_EDGE('',*,*,#988,.T.);
#1358=ORIENTED_EDGE('',*,*,#986,.F.);
#1359=ORIENTED_EDGE('',*,*,#988,.F.);
#1360=ORIENTED_EDGE('',*,*,#989,.T.);
#1361=ORIENTED_EDGE('',*,*,#950,.T.);
#1362=ORIENTED_EDGE('',*,*,#959,.F.);
#1363=ORIENTED_EDGE('',*,*,#990,.T.);
#1364=ORIENTED_EDGE('',*,*,#974,.F.);
#1365=ORIENTED_EDGE('',*,*,#982,.T.);
#1366=ORIENTED_EDGE('',*,*,#991,.T.);
#1367=ORIENTED_EDGE('',*,*,#966,.F.);
#1368=ORIENTED_EDGE('',*,*,#946,.T.);
#1369=ORIENTED_EDGE('',*,*,#992,.T.);
#1370=ORIENTED_EDGE('',*,*,#981,.F.);
#1371=ORIENTED_EDGE('',*,*,#953,.F.);
#1372=ORIENTED_EDGE('',*,*,#964,.F.);
#1373=ORIENTED_EDGE('',*,*,#975,.F.);
#1374=ORIENTED_EDGE('',*,*,#990,.F.);
#1375=ORIENTED_EDGE('',*,*,#954,.F.);
#1376=ORIENTED_EDGE('',*,*,#993,.F.);
#1377=ORIENTED_EDGE('',*,*,#994,.T.);
#1378=ORIENTED_EDGE('',*,*,#995,.T.);
#1379=ORIENTED_EDGE('',*,*,#994,.F.);
#1380=ORIENTED_EDGE('',*,*,#995,.F.);
#1381=ORIENTED_EDGE('',*,*,#936,.T.);
#1382=ORIENTED_EDGE('',*,*,#996,.F.);
#1383=ORIENTED_EDGE('',*,*,#997,.T.);
#1384=ORIENTED_EDGE('',*,*,#991,.F.);
#1385=ORIENTED_EDGE('',*,*,#992,.F.);
#1386=ORIENTED_EDGE('',*,*,#998,.T.);
#1387=ORIENTED_EDGE('',*,*,#989,.F.);
#1388=ORIENTED_EDGE('',*,*,#961,.F.);
#1389=ORIENTED_EDGE('',*,*,#958,.T.);
#1390=ORIENTED_EDGE('',*,*,#956,.T.);
#1391=ORIENTED_EDGE('',*,*,#960,.T.);
#1392=ORIENTED_EDGE('',*,*,#997,.F.);
#1393=ORIENTED_EDGE('',*,*,#996,.T.);
#1394=ORIENTED_EDGE('',*,*,#993,.T.);
#1395=ORIENTED_EDGE('',*,*,#942,.T.);
#1396=ORIENTED_EDGE('',*,*,#951,.T.);
#1397=ORIENTED_EDGE('',*,*,#998,.F.);
#1398=ORIENTED_EDGE('',*,*,#945,.T.);
#1399=ORIENTED_EDGE('',*,*,#999,.F.);
#1400=ORIENTED_EDGE('',*,*,#1000,.F.);
#1401=ORIENTED_EDGE('',*,*,#1001,.F.);
#1402=ORIENTED_EDGE('',*,*,#1002,.F.);
#1403=ORIENTED_EDGE('',*,*,#1003,.F.);
#1404=ORIENTED_EDGE('',*,*,#1004,.T.);
#1405=ORIENTED_EDGE('',*,*,#1005,.T.);
#1406=ORIENTED_EDGE('',*,*,#1001,.T.);
#1407=ORIENTED_EDGE('',*,*,#1006,.T.);
#1408=ORIENTED_EDGE('',*,*,#1004,.F.);
#1409=ORIENTED_EDGE('',*,*,#1007,.F.);
#1410=ORIENTED_EDGE('',*,*,#1008,.T.);
#1411=ORIENTED_EDGE('',*,*,#1009,.T.);
#1412=ORIENTED_EDGE('',*,*,#999,.T.);
#1413=ORIENTED_EDGE('',*,*,#1010,.T.);
#1414=ORIENTED_EDGE('',*,*,#1008,.F.);
#1415=ORIENTED_EDGE('',*,*,#1007,.T.);
#1416=ORIENTED_EDGE('',*,*,#1003,.T.);
#1417=ORIENTED_EDGE('',*,*,#1002,.T.);
#1418=ORIENTED_EDGE('',*,*,#1005,.F.);
#1419=ORIENTED_EDGE('',*,*,#1006,.F.);
#1420=ORIENTED_EDGE('',*,*,#1000,.T.);
#1421=ORIENTED_EDGE('',*,*,#1009,.F.);
#1422=ORIENTED_EDGE('',*,*,#1010,.F.);
#1423=ORIENTED_EDGE('',*,*,#1011,.F.);
#1424=ORIENTED_EDGE('',*,*,#1012,.F.);
#1425=ORIENTED_EDGE('',*,*,#1013,.F.);
#1426=ORIENTED_EDGE('',*,*,#1014,.F.);
#1427=ORIENTED_EDGE('',*,*,#1015,.T.);
#1428=ORIENTED_EDGE('',*,*,#1016,.F.);
#1429=ORIENTED_EDGE('',*,*,#1017,.T.);
#1430=ORIENTED_EDGE('',*,*,#1018,.T.);
#1431=ORIENTED_EDGE('',*,*,#1017,.F.);
#1432=ORIENTED_EDGE('',*,*,#1019,.F.);
#1433=ORIENTED_EDGE('',*,*,#1020,.F.);
#1434=ORIENTED_EDGE('',*,*,#1011,.T.);
#1435=ORIENTED_EDGE('',*,*,#1021,.T.);
#1436=ORIENTED_EDGE('',*,*,#1022,.F.);
#1437=ORIENTED_EDGE('',*,*,#1023,.F.);
#1438=ORIENTED_EDGE('',*,*,#1024,.F.);
#1439=ORIENTED_EDGE('',*,*,#1012,.T.);
#1440=ORIENTED_EDGE('',*,*,#1024,.T.);
#1441=ORIENTED_EDGE('',*,*,#1016,.T.);
#1442=ORIENTED_EDGE('',*,*,#1015,.F.);
#1443=ORIENTED_EDGE('',*,*,#1021,.F.);
#1444=ORIENTED_EDGE('',*,*,#1018,.F.);
#1445=ORIENTED_EDGE('',*,*,#1025,.F.);
#1446=ORIENTED_EDGE('',*,*,#1026,.T.);
#1447=ORIENTED_EDGE('',*,*,#1027,.F.);
#1448=ORIENTED_EDGE('',*,*,#1028,.F.);
#1449=ORIENTED_EDGE('',*,*,#1026,.F.);
#1450=ORIENTED_EDGE('',*,*,#1029,.F.);
#1451=ORIENTED_EDGE('',*,*,#1030,.F.);
#1452=ORIENTED_EDGE('',*,*,#1031,.T.);
#1453=ORIENTED_EDGE('',*,*,#1032,.F.);
#1454=ORIENTED_EDGE('',*,*,#1031,.F.);
#1455=ORIENTED_EDGE('',*,*,#1032,.T.);
#1456=ORIENTED_EDGE('',*,*,#1025,.T.);
#1457=ORIENTED_EDGE('',*,*,#1019,.T.);
#1458=ORIENTED_EDGE('',*,*,#1033,.T.);
#1459=ORIENTED_EDGE('',*,*,#1034,.F.);
#1460=ORIENTED_EDGE('',*,*,#1033,.F.);
#1461=ORIENTED_EDGE('',*,*,#1020,.T.);
#1462=ORIENTED_EDGE('',*,*,#1029,.T.);
#1463=ORIENTED_EDGE('',*,*,#1030,.T.);
#1464=ORIENTED_EDGE('',*,*,#1035,.F.);
#1465=ORIENTED_EDGE('',*,*,#1036,.T.);
#1466=ORIENTED_EDGE('',*,*,#1023,.T.);
#1467=ORIENTED_EDGE('',*,*,#1022,.T.);
#1468=ORIENTED_EDGE('',*,*,#1014,.T.);
#1469=ORIENTED_EDGE('',*,*,#1013,.T.);
#1470=ORIENTED_EDGE('',*,*,#1036,.F.);
#1471=ORIENTED_EDGE('',*,*,#1027,.T.);
#1472=ORIENTED_EDGE('',*,*,#1028,.T.);
#1473=ORIENTED_EDGE('',*,*,#1035,.T.);
#1474=ORIENTED_EDGE('',*,*,#1034,.T.);
#1475=PLANE('',#1686);
#1476=PLANE('',#1687);
#1477=PLANE('',#1688);
#1478=PLANE('',#1689);
#1479=PLANE('',#1690);
#1480=PLANE('',#1694);
#1481=PLANE('',#1695);
#1482=PLANE('',#1696);
#1483=PLANE('',#1697);
#1484=PLANE('',#1698);
#1485=PLANE('',#1699);
#1486=PLANE('',#1700);
#1487=PLANE('',#1704);
#1488=PLANE('',#1705);
#1489=PLANE('',#1707);
#1490=PLANE('',#1708);
#1491=PLANE('',#1710);
#1492=PLANE('',#1714);
#1493=PLANE('',#1715);
#1494=PLANE('',#1718);
#1495=PLANE('',#1719);
#1496=PLANE('',#1720);
#1497=PLANE('',#1721);
#1498=PLANE('',#1724);
#1499=PLANE('',#1727);
#1500=PLANE('',#1728);
#1501=PLANE('',#1731);
#1502=PLANE('',#1732);
#1503=PLANE('',#1733);
#1504=PLANE('',#1734);
#1505=PLANE('',#1735);
#1506=PLANE('',#1736);
#1507=PLANE('',#1737);
#1508=PLANE('',#1738);
#1509=PLANE('',#1739);
#1510=PLANE('',#1740);
#1511=PLANE('',#1741);
#1512=PLANE('',#1743);
#1513=PLANE('',#1747);
#1514=PLANE('',#1748);
#1515=PLANE('',#1756);
#1516=PLANE('',#1757);
#1517=PLANE('',#1770);
#1518=PLANE('',#1772);
#1519=PLANE('',#1777);
#1520=PLANE('',#1781);
#1521=PLANE('',#1782);
#1522=PLANE('',#1793);
#1523=PLANE('',#1794);
#1524=PLANE('',#1810);
#1525=PLANE('',#1811);
#1526=PLANE('',#1816);
#1527=PLANE('',#1817);
#1528=PLANE('',#1822);
#1529=ADVANCED_FACE('',(#241,#227),#1475,.F.);
#1530=ADVANCED_FACE('',(#242),#1476,.T.);
#1531=ADVANCED_FACE('',(#243),#1477,.T.);
#1532=ADVANCED_FACE('',(#244),#1478,.T.);
#1533=ADVANCED_FACE('',(#245),#1479,.T.);
#1534=ADVANCED_FACE('',(#246),#200,.T.);
#1535=ADVANCED_FACE('',(#247,#228),#1480,.T.);
#1536=ADVANCED_FACE('',(#248),#1481,.T.);
#1537=ADVANCED_FACE('',(#249),#1482,.T.);
#1538=ADVANCED_FACE('',(#250),#1483,.T.);
#1539=ADVANCED_FACE('',(#251),#1484,.T.);
#1540=ADVANCED_FACE('',(#252),#1485,.T.);
#1541=ADVANCED_FACE('',(#253),#1486,.T.);
#1542=ADVANCED_FACE('',(#254),#201,.T.);
#1543=ADVANCED_FACE('',(#255,#229),#1487,.T.);
#1544=ADVANCED_FACE('',(#256,#230),#1488,.F.);
#1545=ADVANCED_FACE('',(#257),#1489,.T.);
#1546=ADVANCED_FACE('',(#258),#1490,.T.);
#1547=ADVANCED_FACE('',(#259),#1491,.T.);
#1548=ADVANCED_FACE('',(#260),#202,.F.);
#1549=ADVANCED_FACE('',(#261),#1492,.F.);
#1550=ADVANCED_FACE('',(#262),#1493,.F.);
#1551=ADVANCED_FACE('',(#263),#203,.T.);
#1552=ADVANCED_FACE('',(#264),#1494,.T.);
#1553=ADVANCED_FACE('',(#265),#1495,.T.);
#1554=ADVANCED_FACE('',(#266),#1496,.T.);
#1555=ADVANCED_FACE('',(#267),#1497,.F.);
#1556=ADVANCED_FACE('',(#268),#1498,.T.);
#1557=ADVANCED_FACE('',(#269),#204,.F.);
#1558=ADVANCED_FACE('',(#270),#1499,.F.);
#1559=ADVANCED_FACE('',(#271,#231),#1500,.F.);
#1560=ADVANCED_FACE('',(#272),#205,.T.);
#1561=ADVANCED_FACE('',(#273),#1501,.F.);
#1562=ADVANCED_FACE('',(#274),#1502,.F.);
#1563=ADVANCED_FACE('',(#275),#1503,.F.);
#1564=ADVANCED_FACE('',(#276),#1504,.F.);
#1565=ADVANCED_FACE('',(#277),#1505,.F.);
#1566=ADVANCED_FACE('',(#278),#1506,.F.);
#1567=ADVANCED_FACE('',(#279),#1507,.T.);
#1568=ADVANCED_FACE('',(#280),#1508,.T.);
#1569=ADVANCED_FACE('',(#281),#1509,.F.);
#1570=ADVANCED_FACE('',(#282),#1510,.T.);
#1571=ADVANCED_FACE('',(#283),#1511,.T.);
#1572=ADVANCED_FACE('',(#284),#1512,.F.);
#1573=ADVANCED_FACE('',(#285),#206,.F.);
#1574=ADVANCED_FACE('',(#286),#207,.F.);
#1575=ADVANCED_FACE('',(#287),#1513,.F.);
#1576=ADVANCED_FACE('',(#288),#1514,.F.);
#1577=ADVANCED_FACE('',(#289),#208,.F.);
#1578=ADVANCED_FACE('',(#290),#209,.F.);
#1579=ADVANCED_FACE('',(#291),#1515,.F.);
#1580=ADVANCED_FACE('',(#292),#1516,.F.);
#1581=ADVANCED_FACE('',(#293),#63,.F.);
#1582=ADVANCED_FACE('',(#294),#64,.F.);
#1583=ADVANCED_FACE('',(#295),#65,.F.);
#1584=ADVANCED_FACE('',(#296),#66,.F.);
#1585=ADVANCED_FACE('',(#297),#210,.T.);
#1586=ADVANCED_FACE('',(#298),#67,.F.);
#1587=ADVANCED_FACE('',(#299),#68,.F.);
#1588=ADVANCED_FACE('',(#300,#232),#69,.F.);
#1589=ADVANCED_FACE('',(#301),#70,.F.);
#1590=ADVANCED_FACE('',(#302),#71,.F.);
#1591=ADVANCED_FACE('',(#303),#72,.F.);
#1592=ADVANCED_FACE('',(#304),#211,.F.);
#1593=ADVANCED_FACE('',(#305),#73,.F.);
#1594=ADVANCED_FACE('',(#306),#1517,.T.);
#1595=ADVANCED_FACE('',(#307),#212,.T.);
#1596=ADVANCED_FACE('',(#308),#1518,.T.);
#1597=ADVANCED_FACE('',(#309),#213,.T.);
#1598=ADVANCED_FACE('',(#310),#214,.F.);
#1599=ADVANCED_FACE('',(#311,#233),#1519,.F.);
#1600=ADVANCED_FACE('',(#312),#215,.T.);
#1601=ADVANCED_FACE('',(#313,#234),#1520,.T.);
#1602=ADVANCED_FACE('',(#314),#1521,.F.);
#1603=ADVANCED_FACE('',(#315),#216,.F.);
#1604=ADVANCED_FACE('',(#316),#217,.F.);
#1605=ADVANCED_FACE('',(#317),#218,.T.);
#1606=ADVANCED_FACE('',(#318,#235),#1522,.T.);
#1607=ADVANCED_FACE('',(#319),#1523,.F.);
#1608=ADVANCED_FACE('',(#320),#219,.T.);
#1609=ADVANCED_FACE('',(#321),#220,.F.);
#1610=ADVANCED_FACE('',(#322),#221,.T.);
#1611=ADVANCED_FACE('',(#323),#222,.T.);
#1612=ADVANCED_FACE('',(#324,#236),#1524,.T.);
#1613=ADVANCED_FACE('',(#325,#237),#1525,.F.);
#1614=ADVANCED_FACE('',(#326),#223,.T.);
#1615=ADVANCED_FACE('',(#327),#224,.T.);
#1616=ADVANCED_FACE('',(#328),#1526,.T.);
#1617=ADVANCED_FACE('',(#329),#1527,.F.);
#1618=ADVANCED_FACE('',(#330,#238),#225,.F.);
#1619=ADVANCED_FACE('',(#331,#239),#226,.T.);
#1620=ADVANCED_FACE('',(#332,#240),#1528,.T.);
#1621=CLOSED_SHELL('',(#1529,#1530,#1531,#1532,#1533,#1534,#1535,#1536,
#1537,#1538,#1539,#1540,#1541,#1542,#1543,#1544));
#1622=CLOSED_SHELL('',(#1545,#1546,#1547,#1548,#1549,#1550,#1551,#1552,
#1553,#1554));
#1623=CLOSED_SHELL('',(#1555,#1556,#1557,#1558,#1559,#1560,#1561,#1562,
#1563,#1564,#1565));
#1624=CLOSED_SHELL('',(#1566,#1567,#1568,#1569,#1570,#1571));
#1625=CLOSED_SHELL('',(#1572,#1573,#1574,#1575,#1576,#1577,#1578,#1579,
#1580,#1581,#1582,#1583,#1584,#1585,#1586,#1587,#1588,#1589,#1590,#1591,
#1592,#1593,#1594,#1595,#1596,#1597,#1598,#1599,#1600,#1601,#1602));
#1626=CLOSED_SHELL('',(#1603,#1604,#1605,#1606,#1607));
#1627=CLOSED_SHELL('',(#1608,#1609,#1610,#1611,#1612,#1613,#1614,#1615,
#1616,#1617,#1618,#1619,#1620));
#1628=DERIVED_UNIT_ELEMENT(#1638,1.);
#1629=DERIVED_UNIT_ELEMENT(#3584,-3.);
#1630=DERIVED_UNIT_ELEMENT(#1638,1.);
#1631=DERIVED_UNIT_ELEMENT(#3584,-3.);
#1632=DERIVED_UNIT_ELEMENT(#1638,1.);
#1633=DERIVED_UNIT_ELEMENT(#3584,-3.);
#1634=DERIVED_UNIT_ELEMENT(#1638,1.);
#1635=DERIVED_UNIT_ELEMENT(#3584,-3.);
#1636=DERIVED_UNIT_ELEMENT(#1638,1.);
#1637=DERIVED_UNIT_ELEMENT(#3584,-3.);
#1638=(
MASS_UNIT()
NAMED_UNIT(*)
SI_UNIT(.KILO.,.GRAM.)
);
#1639=DERIVED_UNIT((#1628,#1629));
#1640=DERIVED_UNIT((#1630,#1631));
#1641=DERIVED_UNIT((#1632,#1633));
#1642=DERIVED_UNIT((#1634,#1635));
#1643=DERIVED_UNIT((#1636,#1637));
#1644=MEASURE_REPRESENTATION_ITEM('density measure',
POSITIVE_RATIO_MEASURE(7850.),#1639);
#1645=MEASURE_REPRESENTATION_ITEM('density measure',
POSITIVE_RATIO_MEASURE(7850.),#1640);
#1646=MEASURE_REPRESENTATION_ITEM('density measure',
POSITIVE_RATIO_MEASURE(7850.),#1641);
#1647=MEASURE_REPRESENTATION_ITEM('density measure',
POSITIVE_RATIO_MEASURE(7850.),#1642);
#1648=MEASURE_REPRESENTATION_ITEM('density measure',
POSITIVE_RATIO_MEASURE(7850.),#1643);
#1649=PROPERTY_DEFINITION_REPRESENTATION(#1674,#1659);
#1650=PROPERTY_DEFINITION_REPRESENTATION(#1675,#1660);
#1651=PROPERTY_DEFINITION_REPRESENTATION(#1676,#1661);
#1652=PROPERTY_DEFINITION_REPRESENTATION(#1677,#1662);
#1653=PROPERTY_DEFINITION_REPRESENTATION(#1678,#1663);
#1654=PROPERTY_DEFINITION_REPRESENTATION(#1679,#1664);
#1655=PROPERTY_DEFINITION_REPRESENTATION(#1680,#1665);
#1656=PROPERTY_DEFINITION_REPRESENTATION(#1681,#1666);
#1657=PROPERTY_DEFINITION_REPRESENTATION(#1682,#1667);
#1658=PROPERTY_DEFINITION_REPRESENTATION(#1683,#1668);
#1659=REPRESENTATION('material name',(#1669),#3577);
#1660=REPRESENTATION('density',(#1644),#3577);
#1661=REPRESENTATION('material name',(#1670),#3578);
#1662=REPRESENTATION('density',(#1645),#3578);
#1663=REPRESENTATION('material name',(#1671),#3579);
#1664=REPRESENTATION('density',(#1646),#3579);
#1665=REPRESENTATION('material name',(#1672),#3580);
#1666=REPRESENTATION('density',(#1647),#3580);
#1667=REPRESENTATION('material name',(#1673),#3581);
#1668=REPRESENTATION('density',(#1648),#3581);
#1669=DESCRIPTIVE_REPRESENTATION_ITEM('\X2\AC15CCA0\X0\','\X2\AC15CCA0\X0\');
#1670=DESCRIPTIVE_REPRESENTATION_ITEM('\X2\AC15CCA0\X0\','\X2\AC15CCA0\X0\');
#1671=DESCRIPTIVE_REPRESENTATION_ITEM('\X2\AC15CCA0\X0\','\X2\AC15CCA0\X0\');
#1672=DESCRIPTIVE_REPRESENTATION_ITEM('\X2\AC15CCA0\X0\','\X2\AC15CCA0\X0\');
#1673=DESCRIPTIVE_REPRESENTATION_ITEM('\X2\AC15CCA0\X0\','\X2\AC15CCA0\X0\');
#1674=PROPERTY_DEFINITION('material property','material name',#3620);
#1675=PROPERTY_DEFINITION('material property','density of part',#3620);
#1676=PROPERTY_DEFINITION('material property','material name',#3621);
#1677=PROPERTY_DEFINITION('material property','density of part',#3621);
#1678=PROPERTY_DEFINITION('material property','material name',#3622);
#1679=PROPERTY_DEFINITION('material property','density of part',#3622);
#1680=PROPERTY_DEFINITION('material property','material name',#3623);
#1681=PROPERTY_DEFINITION('material property','density of part',#3623);
#1682=PROPERTY_DEFINITION('material property','material name',#3624);
#1683=PROPERTY_DEFINITION('material property','density of part',#3624);
#1684=AXIS2_PLACEMENT_3D('',#2257,#1836,#1837);
#1685=AXIS2_PLACEMENT_3D('',#2258,#1838,#1839);
#1686=AXIS2_PLACEMENT_3D('',#2259,#1840,#1841);
#1687=AXIS2_PLACEMENT_3D('',#2280,#1852,#1853);
#1688=AXIS2_PLACEMENT_3D('',#2286,#1857,#1858);
#1689=AXIS2_PLACEMENT_3D('',#2290,#1861,#1862);
#1690=AXIS2_PLACEMENT_3D('',#2294,#1865,#1866);
#1691=AXIS2_PLACEMENT_3D('',#2296,#1868,#1869);
#1692=AXIS2_PLACEMENT_3D('',#2298,#1870,#1871);
#1693=AXIS2_PLACEMENT_3D('',#2301,#1873,#1874);
#1694=AXIS2_PLACEMENT_3D('',#2302,#1875,#1876);
#1695=AXIS2_PLACEMENT_3D('',#2303,#1877,#1878);
#1696=AXIS2_PLACEMENT_3D('',#2309,#1882,#1883);
#1697=AXIS2_PLACEMENT_3D('',#2313,#1886,#1887);
#1698=AXIS2_PLACEMENT_3D('',#2317,#1890,#1891);
#1699=AXIS2_PLACEMENT_3D('',#2321,#1894,#1895);
#1700=AXIS2_PLACEMENT_3D('',#2325,#1898,#1899);
#1701=AXIS2_PLACEMENT_3D('',#2327,#1901,#1902);
#1702=AXIS2_PLACEMENT_3D('',#2329,#1903,#1904);
#1703=AXIS2_PLACEMENT_3D('',#2332,#1906,#1907);
#1704=AXIS2_PLACEMENT_3D('',#2333,#1908,#1909);
#1705=AXIS2_PLACEMENT_3D('',#2334,#1910,#1911);
#1706=AXIS2_PLACEMENT_3D('',#2335,#1912,#1913);
#1707=AXIS2_PLACEMENT_3D('',#2336,#1914,#1915);
#1708=AXIS2_PLACEMENT_3D('',#2353,#1924,#1925);
#1709=AXIS2_PLACEMENT_3D('',#2356,#1927,#1928);
#1710=AXIS2_PLACEMENT_3D('',#2357,#1929,#1930);
#1711=AXIS2_PLACEMENT_3D('',#2363,#1934,#1935);
#1712=AXIS2_PLACEMENT_3D('',#2365,#1936,#1937);
#1713=AXIS2_PLACEMENT_3D('',#2367,#1938,#1939);
#1714=AXIS2_PLACEMENT_3D('',#2369,#1941,#1942);
#1715=AXIS2_PLACEMENT_3D('',#2373,#1945,#1946);
#1716=AXIS2_PLACEMENT_3D('',#2380,#1951,#1952);
#1717=AXIS2_PLACEMENT_3D('',#2381,#1953,#1954);
#1718=AXIS2_PLACEMENT_3D('',#2382,#1955,#1956);
#1719=AXIS2_PLACEMENT_3D('',#2384,#1958,#1959);
#1720=AXIS2_PLACEMENT_3D('',#2385,#1960,#1961);
#1721=AXIS2_PLACEMENT_3D('',#2386,#1962,#1963);
#1722=AXIS2_PLACEMENT_3D('',#2391,#1965,#1966);
#1723=AXIS2_PLACEMENT_3D('',#2394,#1968,#1969);
#1724=AXIS2_PLACEMENT_3D('',#2395,#1970,#1971);
#1725=AXIS2_PLACEMENT_3D('',#2401,#1975,#1976);
#1726=AXIS2_PLACEMENT_3D('',#2404,#1978,#1979);
#1727=AXIS2_PLACEMENT_3D('',#2405,#1980,#1981);
#1728=AXIS2_PLACEMENT_3D('',#2409,#1984,#1985);
#1729=AXIS2_PLACEMENT_3D('',#2410,#1986,#1987);
#1730=AXIS2_PLACEMENT_3D('',#2419,#1992,#1993);
#1731=AXIS2_PLACEMENT_3D('',#2420,#1994,#1995);
#1732=AXIS2_PLACEMENT_3D('',#2429,#2000,#2001);
#1733=AXIS2_PLACEMENT_3D('',#2432,#2004,#2005);
#1734=AXIS2_PLACEMENT_3D('',#2434,#2007,#2008);
#1735=AXIS2_PLACEMENT_3D('',#2436,#2010,#2011);
#1736=AXIS2_PLACEMENT_3D('',#2437,#2012,#2013);
#1737=AXIS2_PLACEMENT_3D('',#2446,#2018,#2019);
#1738=AXIS2_PLACEMENT_3D('',#2452,#2023,#2024);
#1739=AXIS2_PLACEMENT_3D('',#2456,#2027,#2028);
#1740=AXIS2_PLACEMENT_3D('',#2460,#2031,#2032);
#1741=AXIS2_PLACEMENT_3D('',#2462,#2034,#2035);
#1742=AXIS2_PLACEMENT_3D('',#2463,#2036,#2037);
#1743=AXIS2_PLACEMENT_3D('',#2464,#2038,#2039);
#1744=AXIS2_PLACEMENT_3D('',#2478,#2041,#2042);
#1745=AXIS2_PLACEMENT_3D('',#2487,#2045,#2046);
#1746=AXIS2_PLACEMENT_3D('',#2519,#2048,#2049);
#1747=AXIS2_PLACEMENT_3D('',#2559,#2051,#2052);
#1748=AXIS2_PLACEMENT_3D('',#2575,#2054,#2055);
#1749=AXIS2_PLACEMENT_3D('',#2592,#2058,#2059);
#1750=AXIS2_PLACEMENT_3D('',#2593,#2060,#2061);
#1751=AXIS2_PLACEMENT_3D('',#2622,#2062,#2063);
#1752=AXIS2_PLACEMENT_3D('',#2624,#2064,#2065);
#1753=AXIS2_PLACEMENT_3D('',#2632,#2067,#2068);
#1754=AXIS2_PLACEMENT_3D('',#2634,#2069,#2070);
#1755=AXIS2_PLACEMENT_3D('',#2640,#2071,#2072);
#1756=AXIS2_PLACEMENT_3D('',#2641,#2073,#2074);
#1757=AXIS2_PLACEMENT_3D('',#2646,#2075,#2076);
#1758=AXIS2_PLACEMENT_3D('',#2700,#2078,#2079);
#1759=AXIS2_PLACEMENT_3D('',#2752,#2081,#2082);
#1760=AXIS2_PLACEMENT_3D('',#2771,#2083,#2084);
#1761=AXIS2_PLACEMENT_3D('',#2772,#2085,#2086);
#1762=AXIS2_PLACEMENT_3D('',#2819,#2087,#2088);
#1763=AXIS2_PLACEMENT_3D('',#2868,#2089,#2090);
#1764=AXIS2_PLACEMENT_3D('',#2869,#2091,#2092);
#1765=AXIS2_PLACEMENT_3D('',#3035,#2095,#2096);
#1766=AXIS2_PLACEMENT_3D('',#3095,#2099,#2100);
#1767=AXIS2_PLACEMENT_3D('',#3115,#2101,#2102);
#1768=AXIS2_PLACEMENT_3D('',#3118,#2104,#2105);
#1769=AXIS2_PLACEMENT_3D('',#3277,#2107,#2108);
#1770=AXIS2_PLACEMENT_3D('',#3306,#2109,#2110);
#1771=AXIS2_PLACEMENT_3D('',#3308,#2112,#2113);
#1772=AXIS2_PLACEMENT_3D('',#3311,#2116,#2117);
#1773=AXIS2_PLACEMENT_3D('',#3313,#2119,#2120);
#1774=AXIS2_PLACEMENT_3D('',#3314,#2121,#2122);
#1775=AXIS2_PLACEMENT_3D('',#3316,#2123,#2124);
#1776=AXIS2_PLACEMENT_3D('',#3319,#2126,#2127);
#1777=AXIS2_PLACEMENT_3D('',#3320,#2128,#2129);
#1778=AXIS2_PLACEMENT_3D('',#3321,#2130,#2131);
#1779=AXIS2_PLACEMENT_3D('',#3323,#2132,#2133);
#1780=AXIS2_PLACEMENT_3D('',#3325,#2135,#2136);
#1781=AXIS2_PLACEMENT_3D('',#3326,#2137,#2138);
#1782=AXIS2_PLACEMENT_3D('',#3327,#2139,#2140);
#1783=AXIS2_PLACEMENT_3D('',#3328,#2141,#2142);
#1784=AXIS2_PLACEMENT_3D('',#3329,#2143,#2144);
#1785=AXIS2_PLACEMENT_3D('',#3356,#2147,#2148);
#1786=AXIS2_PLACEMENT_3D('',#3358,#2149,#2150);
#1787=AXIS2_PLACEMENT_3D('',#3361,#2152,#2153);
#1788=AXIS2_PLACEMENT_3D('',#3362,#2154,#2155);
#1789=AXIS2_PLACEMENT_3D('',#3363,#2156,#2157);
#1790=AXIS2_PLACEMENT_3D('',#3365,#2158,#2159);
#1791=AXIS2_PLACEMENT_3D('',#3368,#2161,#2162);
#1792=AXIS2_PLACEMENT_3D('',#3369,#2163,#2164);
#1793=AXIS2_PLACEMENT_3D('',#3370,#2165,#2166);
#1794=AXIS2_PLACEMENT_3D('',#3371,#2167,#2168);
#1795=AXIS2_PLACEMENT_3D('',#3372,#2169,#2170);
#1796=AXIS2_PLACEMENT_3D('',#3373,#2171,#2172);
#1797=AXIS2_PLACEMENT_3D('',#3378,#2174,#2175);
#1798=AXIS2_PLACEMENT_3D('',#3380,#2176,#2177);
#1799=AXIS2_PLACEMENT_3D('',#3382,#2178,#2179);
#1800=AXIS2_PLACEMENT_3D('',#3383,#2180,#2181);
#1801=AXIS2_PLACEMENT_3D('',#3384,#2182,#2183);
#1802=AXIS2_PLACEMENT_3D('',#3386,#2184,#2185);
#1803=AXIS2_PLACEMENT_3D('',#3389,#2187,#2188);
#1804=AXIS2_PLACEMENT_3D('',#3390,#2189,#2190);
#1805=AXIS2_PLACEMENT_3D('',#3453,#2191,#2192);
#1806=AXIS2_PLACEMENT_3D('',#3454,#2193,#2194);
#1807=AXIS2_PLACEMENT_3D('',#3456,#2195,#2196);
#1808=AXIS2_PLACEMENT_3D('',#3457,#2197,#2198);
#1809=AXIS2_PLACEMENT_3D('',#3458,#2199,#2200);
#1810=AXIS2_PLACEMENT_3D('',#3459,#2201,#2202);
#1811=AXIS2_PLACEMENT_3D('',#3460,#2203,#2204);
#1812=AXIS2_PLACEMENT_3D('',#3461,#2205,#2206);
#1813=AXIS2_PLACEMENT_3D('',#3463,#2207,#2208);
#1814=AXIS2_PLACEMENT_3D('',#3503,#2210,#2211);
#1815=AXIS2_PLACEMENT_3D('',#3544,#2213,#2214);
#1816=AXIS2_PLACEMENT_3D('',#3545,#2215,#2216);
#1817=AXIS2_PLACEMENT_3D('',#3546,#2217,#2218);
#1818=AXIS2_PLACEMENT_3D('',#3547,#2219,#2220);
#1819=AXIS2_PLACEMENT_3D('',#3550,#2222,#2223);
#1820=AXIS2_PLACEMENT_3D('',#3551,#2224,#2225);
#1821=AXIS2_PLACEMENT_3D('',#3553,#2226,#2227);
#1822=AXIS2_PLACEMENT_3D('',#3555,#2229,#2230);
#1823=AXIS2_PLACEMENT_3D('',#3556,#2231,#2232);
#1824=AXIS2_PLACEMENT_3D('',#3557,#2233,#2234);
#1825=AXIS2_PLACEMENT_3D('',#3558,#2235,#2236);
#1826=AXIS2_PLACEMENT_3D('',#3559,#2237,#2238);
#1827=AXIS2_PLACEMENT_3D('',#3560,#2239,#2240);
#1828=AXIS2_PLACEMENT_3D('',#3561,#2241,#2242);
#1829=AXIS2_PLACEMENT_3D('',#3562,#2243,#2244);
#1830=AXIS2_PLACEMENT_3D('',#3563,#2245,#2246);
#1831=AXIS2_PLACEMENT_3D('',#3564,#2247,#2248);
#1832=AXIS2_PLACEMENT_3D('',#3565,#2249,#2250);
#1833=AXIS2_PLACEMENT_3D('',#3566,#2251,#2252);
#1834=AXIS2_PLACEMENT_3D('',#3567,#2253,#2254);
#1835=AXIS2_PLACEMENT_3D('',#3568,#2255,#2256);
#1836=DIRECTION('axis',(0.,0.,1.));
#1837=DIRECTION('refdir',(1.,0.,0.));
#1838=DIRECTION('axis',(0.,0.,1.));
#1839=DIRECTION('refdir',(1.,0.,0.));
#1840=DIRECTION('center_axis',(0.,0.,1.));
#1841=DIRECTION('ref_axis',(-1.,0.,0.));
#1842=DIRECTION('',(0.5,0.866025403784439,0.));
#1843=DIRECTION('',(1.,-1.2819751242557E-15,0.));
#1844=DIRECTION('',(0.499999999999999,-0.866025403784439,0.));
#1845=DIRECTION('',(-0.500000000000001,-0.866025403784438,0.));
#1846=DIRECTION('',(-1.,6.40987562127854E-16,0.));
#1847=DIRECTION('',(-0.5,0.866025403784439,0.));
#1848=DIRECTION('',(-1.,0.,0.));
#1849=DIRECTION('',(0.,-1.,0.));
#1850=DIRECTION('',(1.,0.,0.));
#1851=DIRECTION('',(0.,1.,0.));
#1852=DIRECTION('center_axis',(-1.,0.,0.));
#1853=DIRECTION('ref_axis',(0.,-1.,0.));
#1854=DIRECTION('',(0.,0.,1.));
#1855=DIRECTION('',(0.,-1.,0.));
#1856=DIRECTION('',(0.,0.,1.));
#1857=DIRECTION('center_axis',(0.,-1.,0.));
#1858=DIRECTION('ref_axis',(1.,0.,0.));
#1859=DIRECTION('',(1.,0.,0.));
#1860=DIRECTION('',(0.,0.,1.));
#1861=DIRECTION('center_axis',(1.,0.,0.));
#1862=DIRECTION('ref_axis',(0.,1.,0.));
#1863=DIRECTION('',(0.,1.,0.));
#1864=DIRECTION('',(0.,0.,1.));
#1865=DIRECTION('center_axis',(0.,1.,0.));
#1866=DIRECTION('ref_axis',(-1.,0.,0.));
#1867=DIRECTION('',(-1.,0.,0.));
#1868=DIRECTION('center_axis',(0.,0.,1.));
#1869=DIRECTION('ref_axis',(-1.,0.,0.));
#1870=DIRECTION('center_axis',(0.,0.,1.));
#1871=DIRECTION('ref_axis',(-1.,0.,0.));
#1872=DIRECTION('',(0.,0.,-1.));
#1873=DIRECTION('center_axis',(0.,0.,-1.));
#1874=DIRECTION('ref_axis',(-1.,0.,0.));
#1875=DIRECTION('center_axis',(0.,0.,1.));
#1876=DIRECTION('ref_axis',(-1.,0.,0.));
#1877=DIRECTION('center_axis',(0.866025403784439,-0.5,0.));
#1878=DIRECTION('ref_axis',(0.5,0.866025403784439,0.));
#1879=DIRECTION('',(0.5,0.866025403784439,0.));
#1880=DIRECTION('',(0.,0.,1.));
#1881=DIRECTION('',(0.,0.,1.));
#1882=DIRECTION('center_axis',(0.866025403784439,0.5,0.));
#1883=DIRECTION('ref_axis',(-0.5,0.866025403784439,0.));
#1884=DIRECTION('',(-0.5,0.866025403784439,0.));
#1885=DIRECTION('',(0.,0.,1.));
#1886=DIRECTION('center_axis',(6.40987562127854E-16,1.,0.));
#1887=DIRECTION('ref_axis',(-1.,6.40987562127854E-16,0.));
#1888=DIRECTION('',(-1.,6.40987562127854E-16,0.));
#1889=DIRECTION('',(0.,0.,1.));
#1890=DIRECTION('center_axis',(-0.866025403784438,0.500000000000001,0.));
#1891=DIRECTION('ref_axis',(-0.500000000000001,-0.866025403784438,0.));
#1892=DIRECTION('',(-0.500000000000001,-0.866025403784438,0.));
#1893=DIRECTION('',(0.,0.,1.));
#1894=DIRECTION('center_axis',(-0.866025403784439,-0.5,0.));
#1895=DIRECTION('ref_axis',(0.499999999999999,-0.866025403784439,0.));
#1896=DIRECTION('',(0.499999999999999,-0.866025403784439,0.));
#1897=DIRECTION('',(0.,0.,1.));
#1898=DIRECTION('center_axis',(-1.2819751242557E-15,-1.,0.));
#1899=DIRECTION('ref_axis',(1.,-1.2819751242557E-15,0.));
#1900=DIRECTION('',(1.,-1.2819751242557E-15,0.));
#1901=DIRECTION('center_axis',(0.,0.,1.));
#1902=DIRECTION('ref_axis',(1.,0.,0.));
#1903=DIRECTION('center_axis',(0.,0.,1.));
#1904=DIRECTION('ref_axis',(1.,0.,0.));
#1905=DIRECTION('',(0.,0.,-1.));
#1906=DIRECTION('center_axis',(0.,0.,1.));
#1907=DIRECTION('ref_axis',(1.,0.,0.));
#1908=DIRECTION('center_axis',(0.,0.,1.));
#1909=DIRECTION('ref_axis',(1.,0.,0.));
#1910=DIRECTION('center_axis',(0.,0.,1.));
#1911=DIRECTION('ref_axis',(1.,0.,0.));
#1912=DIRECTION('axis',(0.,0.,1.));
#1913=DIRECTION('refdir',(1.,0.,0.));
#1914=DIRECTION('center_axis',(-0.866025403784439,0.5,0.));
#1915=DIRECTION('ref_axis',(0.,0.,1.));
#1916=DIRECTION('',(-0.5,-0.866025403784439,0.));
#1917=DIRECTION('',(0.,0.,1.));
#1918=DIRECTION('',(0.5,0.866025403784439,0.));
#1919=DIRECTION('',(0.,0.,1.));
#1920=DIRECTION('',(-0.5,-0.866025403784439,0.));
#1921=DIRECTION('',(0.,0.,-1.));
#1922=DIRECTION('',(-0.5,-0.866025403784439,0.));
#1923=DIRECTION('',(0.,0.,1.));
#1924=DIRECTION('center_axis',(0.,0.,-1.));
#1925=DIRECTION('ref_axis',(1.,0.,0.));
#1926=DIRECTION('',(-0.5,0.866025403784439,0.));
#1927=DIRECTION('center_axis',(0.,0.,-1.));
#1928=DIRECTION('ref_axis',(1.,0.,0.));
#1929=DIRECTION('center_axis',(0.866025403784439,0.499999999999999,0.));
#1930=DIRECTION('ref_axis',(-0.499999999999999,0.866025403784439,0.));
#1931=DIRECTION('',(-0.499999999999999,0.866025403784439,0.));
#1932=DIRECTION('',(0.,0.,1.));
#1933=DIRECTION('',(-0.499999999999999,0.866025403784439,0.));
#1934=DIRECTION('center_axis',(0.,0.,1.));
#1935=DIRECTION('ref_axis',(1.,0.,0.));
#1936=DIRECTION('center_axis',(0.,0.,-1.));
#1937=DIRECTION('ref_axis',(1.,0.,0.));
#1938=DIRECTION('center_axis',(0.,0.,1.));
#1939=DIRECTION('ref_axis',(1.,0.,0.));
#1940=DIRECTION('',(0.,0.,1.));
#1941=DIRECTION('center_axis',(0.,0.,-1.));
#1942=DIRECTION('ref_axis',(1.,0.,0.));
#1943=DIRECTION('',(0.5,-0.866025403784439,0.));
#1944=DIRECTION('',(0.500000000000001,0.866025403784438,0.));
#1945=DIRECTION('center_axis',(0.866025403784439,0.5,0.));
#1946=DIRECTION('ref_axis',(0.,0.,-1.));
#1947=DIRECTION('',(0.5,-0.866025403784439,0.));
#1948=DIRECTION('',(0.,0.,-1.));
#1949=DIRECTION('',(0.5,-0.866025403784439,0.));
#1950=DIRECTION('',(0.,0.,1.));
#1951=DIRECTION('center_axis',(0.,0.,1.));
#1952=DIRECTION('ref_axis',(1.,0.,0.));
#1953=DIRECTION('center_axis',(0.,0.,1.));
#1954=DIRECTION('ref_axis',(1.,0.,0.));
#1955=DIRECTION('center_axis',(0.866025403784438,-0.500000000000001,0.));
#1956=DIRECTION('ref_axis',(0.500000000000001,0.866025403784438,0.));
#1957=DIRECTION('',(0.500000000000001,0.866025403784438,0.));
#1958=DIRECTION('center_axis',(0.,0.,1.));
#1959=DIRECTION('ref_axis',(1.,0.,0.));
#1960=DIRECTION('center_axis',(0.,0.,1.));
#1961=DIRECTION('ref_axis',(1.,0.,0.));
#1962=DIRECTION('center_axis',(0.,0.,1.));
#1963=DIRECTION('ref_axis',(1.,0.,0.));
#1964=DIRECTION('',(0.5,-0.866025403784439,0.));
#1965=DIRECTION('center_axis',(0.,0.,-1.));
#1966=DIRECTION('ref_axis',(1.,0.,0.));
#1967=DIRECTION('',(-0.5,-0.866025403784439,0.));
#1968=DIRECTION('center_axis',(0.,0.,1.));
#1969=DIRECTION('ref_axis',(1.,0.,0.));
#1970=DIRECTION('center_axis',(-0.866025403784439,0.5,0.));
#1971=DIRECTION('ref_axis',(0.,0.,1.));
#1972=DIRECTION('',(0.,0.,1.));
#1973=DIRECTION('',(0.5,0.866025403784439,0.));
#1974=DIRECTION('',(0.,0.,-1.));
#1975=DIRECTION('center_axis',(0.,0.,1.));
#1976=DIRECTION('ref_axis',(1.,0.,0.));
#1977=DIRECTION('',(0.,0.,1.));
#1978=DIRECTION('center_axis',(0.,0.,-1.));
#1979=DIRECTION('ref_axis',(1.,0.,0.));
#1980=DIRECTION('center_axis',(0.866025403784439,0.5,0.));
#1981=DIRECTION('ref_axis',(0.,0.,-1.));
#1982=DIRECTION('',(0.,0.,-1.));
#1983=DIRECTION('',(0.5,-0.866025403784439,0.));
#1984=DIRECTION('center_axis',(0.,0.,-1.));
#1985=DIRECTION('ref_axis',(1.,0.,0.));
#1986=DIRECTION('center_axis',(0.,0.,1.));
#1987=DIRECTION('ref_axis',(1.,0.,0.));
#1988=DIRECTION('',(0.,1.,0.));
#1989=DIRECTION('',(1.,0.,0.));
#1990=DIRECTION('',(0.,-1.,0.));
#1991=DIRECTION('',(-1.,0.,0.));
#1992=DIRECTION('center_axis',(0.,0.,1.));
#1993=DIRECTION('ref_axis',(1.,0.,0.));
#1994=DIRECTION('center_axis',(0.,0.,-1.));
#1995=DIRECTION('ref_axis',(-1.,0.,0.));
#1996=DIRECTION('',(1.,0.,0.));
#1997=DIRECTION('',(0.,1.,0.));
#1998=DIRECTION('',(-1.,0.,0.));
#1999=DIRECTION('',(0.,-1.,0.));
#2000=DIRECTION('center_axis',(0.,1.,0.));
#2001=DIRECTION('ref_axis',(1.,0.,0.));
#2002=DIRECTION('',(0.,0.,-1.));
#2003=DIRECTION('',(0.,0.,-1.));
#2004=DIRECTION('center_axis',(1.,0.,0.));
#2005=DIRECTION('ref_axis',(0.,-1.,0.));
#2006=DIRECTION('',(0.,0.,-1.));
#2007=DIRECTION('center_axis',(0.,-1.,0.));
#2008=DIRECTION('ref_axis',(-1.,0.,0.));
#2009=DIRECTION('',(0.,0.,-1.));
#2010=DIRECTION('center_axis',(-1.,0.,0.));
#2011=DIRECTION('ref_axis',(0.,1.,0.));
#2012=DIRECTION('center_axis',(0.,0.,1.));
#2013=DIRECTION('ref_axis',(1.,0.,0.));
#2014=DIRECTION('',(0.5,-0.866025403784439,0.));
#2015=DIRECTION('',(-0.5,-0.866025403784439,0.));
#2016=DIRECTION('',(-0.499999999999999,0.866025403784439,0.));
#2017=DIRECTION('',(0.500000000000001,0.866025403784438,0.));
#2018=DIRECTION('center_axis',(0.866025403784439,0.499999999999999,0.));
#2019=DIRECTION('ref_axis',(-0.499999999999999,0.866025403784439,0.));
#2020=DIRECTION('',(0.,0.,1.));
#2021=DIRECTION('',(-0.499999999999999,0.866025403784439,0.));
#2022=DIRECTION('',(0.,0.,1.));
#2023=DIRECTION('center_axis',(-0.866025403784439,0.5,0.));
#2024=DIRECTION('ref_axis',(0.,0.,1.));
#2025=DIRECTION('',(0.,0.,1.));
#2026=DIRECTION('',(0.5,0.866025403784439,0.));
#2027=DIRECTION('center_axis',(0.866025403784439,0.5,0.));
#2028=DIRECTION('ref_axis',(0.,0.,-1.));
#2029=DIRECTION('',(0.,0.,1.));
#2030=DIRECTION('',(0.5,-0.866025403784439,0.));
#2031=DIRECTION('center_axis',(0.,0.,1.));
#2032=DIRECTION('ref_axis',(1.,0.,0.));
#2033=DIRECTION('',(0.500000000000001,0.866025403784438,0.));
#2034=DIRECTION('center_axis',(0.866025403784438,-0.500000000000001,0.));
#2035=DIRECTION('ref_axis',(0.500000000000001,0.866025403784438,0.));
#2036=DIRECTION('axis',(0.,0.,1.));
#2037=DIRECTION('refdir',(1.,0.,0.));
#2038=DIRECTION('center_axis',(0.261005472021139,-0.965337321134443,0.));
#2039=DIRECTION('ref_axis',(-0.965337321134443,-0.261005472021139,0.));
#2040=DIRECTION('',(0.,0.,-1.));
#2041=DIRECTION('center_axis',(-0.261005472021139,0.965337321134443,0.));
#2042=DIRECTION('ref_axis',(0.965337321134443,0.261005472021139,-2.14347944090685E-16));
#2043=DIRECTION('',(2.22044604925031E-16,6.00358606772791E-17,1.));
#2044=DIRECTION('',(0.,0.,-1.));
#2045=DIRECTION('center_axis',(0.,0.,-1.));
#2046=DIRECTION('ref_axis',(-1.,-4.44089209850063E-16,0.));
#2047=DIRECTION('',(0.,0.,-1.));
#2048=DIRECTION('center_axis',(0.,0.,-1.));
#2049=DIRECTION('ref_axis',(0.261005472021139,-0.965337321134443,0.));
#2050=DIRECTION('',(0.,0.,-1.));
#2051=DIRECTION('center_axis',(-1.,0.,0.));
#2052=DIRECTION('ref_axis',(0.,1.,0.));
#2053=DIRECTION('',(0.,0.,-1.));
#2054=DIRECTION('center_axis',(0.26100547202114,0.965337321134443,0.));
#2055=DIRECTION('ref_axis',(0.965337321134443,-0.26100547202114,0.));
#2056=DIRECTION('',(0.,0.,-1.));
#2057=DIRECTION('',(-2.22044604925031E-16,6.00358606772791E-17,-1.));
#2058=DIRECTION('center_axis',(-0.26100547202114,-0.965337321134443,0.));
#2059=DIRECTION('ref_axis',(-0.965337321134443,0.26100547202114,2.14347944090685E-16));
#2060=DIRECTION('center_axis',(0.,0.,-1.));
#2061=DIRECTION('ref_axis',(0.26100547202114,0.965337321134443,0.));
#2062=DIRECTION('center_axis',(-1.,0.,2.22044604925031E-16));
#2063=DIRECTION('ref_axis',(0.,1.,0.));
#2064=DIRECTION('center_axis',(-1.,0.,0.));
#2065=DIRECTION('ref_axis',(0.,1.,0.));
#2066=DIRECTION('',(-1.,0.,2.22044604925031E-16));
#2067=DIRECTION('center_axis',(-1.,0.,2.22044604925031E-16));
#2068=DIRECTION('ref_axis',(0.,1.,0.));
#2069=DIRECTION('center_axis',(-1.,0.,2.22044604925031E-16));
#2070=DIRECTION('ref_axis',(0.,1.,0.));
#2071=DIRECTION('center_axis',(1.,-4.93038065763132E-33,0.));
#2072=DIRECTION('ref_axis',(0.,1.,0.));
#2073=DIRECTION('center_axis',(-1.,0.,2.22044604925031E-16));
#2074=DIRECTION('ref_axis',(0.,1.,0.));
#2075=DIRECTION('center_axis',(-1.,0.,2.22044604925031E-16));
#2076=DIRECTION('ref_axis',(0.,1.,0.));
#2077=DIRECTION('',(4.93038065763132E-33,1.,0.));
#2078=DIRECTION('center_axis',(0.,4.69537444649964E-34,1.));
#2079=DIRECTION('ref_axis',(1.,-1.29746859411351E-33,0.));
#2080=DIRECTION('',(4.93038065763132E-33,1.,0.));
#2081=DIRECTION('center_axis',(-0.195794457417917,-0.697483146373201,0.689334310019285));
#2082=DIRECTION('ref_axis',(0.699659958616261,0.393183674908124,0.596558915862327));
#2083=DIRECTION('center_axis',(-0.195794458245164,0.697483143773953,0.689334312414293));
#2084=DIRECTION('ref_axis',(2.68070945558544E-11,-0.702939741903876,0.711249407206862));
#2085=DIRECTION('center_axis',(1.,0.,0.));
#2086=DIRECTION('ref_axis',(4.93038065763132E-33,1.,0.));
#2087=DIRECTION('center_axis',(1.,0.,0.));
#2088=DIRECTION('ref_axis',(4.93038065763132E-33,1.,0.));
#2089=DIRECTION('center_axis',(1.,0.,0.));
#2090=DIRECTION('ref_axis',(4.93038065763132E-33,1.,0.));
#2091=DIRECTION('center_axis',(-1.,0.,0.));
#2092=DIRECTION('ref_axis',(0.,0.70293974069964,0.711249408397028));
#2093=DIRECTION('',(-1.,4.93038065763132E-33,0.));
#2094=DIRECTION('',(1.,0.,0.));
#2095=DIRECTION('center_axis',(-1.,6.84227765783602E-49,0.));
#2096=DIRECTION('ref_axis',(-6.83994515433995E-49,-0.999659104232141,-0.0261089127654516));
#2097=DIRECTION('',(-0.914273007676877,-0.238630909371689,0.327353259531531));
#2098=DIRECTION('',(0.,-4.69537444649964E-34,-1.));
#2099=DIRECTION('center_axis',(-1.,6.84227765783602E-49,0.));
#2100=DIRECTION('ref_axis',(-6.83994515433995E-49,-0.999659104232141,-0.0261089127654516));
#2101=DIRECTION('center_axis',(-1.,6.84227765783602E-49,0.));
#2102=DIRECTION('ref_axis',(-6.83994515433995E-49,-0.999659104232141,-0.0261089127654516));
#2103=DIRECTION('',(-0.914273007676877,0.238630909371689,0.32735325953153));
#2104=DIRECTION('center_axis',(0.,-4.69537444649964E-34,-1.));
#2105=DIRECTION('ref_axis',(1.,-1.29746859411351E-33,0.));
#2106=DIRECTION('',(0.,4.69537444649964E-34,1.));
#2107=DIRECTION('center_axis',(0.,0.,1.));
#2108=DIRECTION('ref_axis',(1.,0.,0.));
#2109=DIRECTION('center_axis',(0.,0.,-1.));
#2110=DIRECTION('ref_axis',(6.84227765783602E-49,1.,0.));
#2111=DIRECTION('',(-1.,4.93038065763132E-33,0.));
#2112=DIRECTION('center_axis',(1.,0.,0.));
#2113=DIRECTION('ref_axis',(0.,-0.70293974069964,0.711249408397028));
#2114=DIRECTION('',(-1.,0.,0.));
#2115=DIRECTION('',(1.,-4.93038065763132E-33,0.));
#2116=DIRECTION('center_axis',(0.,0.,-1.));
#2117=DIRECTION('ref_axis',(6.84227765783602E-49,1.,0.));
#2118=DIRECTION('',(1.,-4.93038065763132E-33,0.));
#2119=DIRECTION('center_axis',(1.,0.,0.));
#2120=DIRECTION('ref_axis',(0.,-0.999659104232141,-0.0261089127654516));
#2121=DIRECTION('center_axis',(1.,-4.93038065763132E-33,0.));
#2122=DIRECTION('ref_axis',(4.93038065763132E-33,1.,0.));
#2123=DIRECTION('center_axis',(-1.,4.93038065763132E-33,0.));
#2124=DIRECTION('ref_axis',(0.,1.,0.));
#2125=DIRECTION('',(-1.,4.93038065763132E-33,0.));
#2126=DIRECTION('center_axis',(-1.,0.,0.));
#2127=DIRECTION('ref_axis',(4.93038065763132E-33,1.,0.));
#2128=DIRECTION('center_axis',(-1.,0.,0.));
#2129=DIRECTION('ref_axis',(0.,-1.,0.));
#2130=DIRECTION('center_axis',(1.,-4.93038065763132E-33,0.));
#2131=DIRECTION('ref_axis',(4.93038065763132E-33,1.,0.));
#2132=DIRECTION('center_axis',(1.,-4.93038065763132E-33,0.));
#2133=DIRECTION('ref_axis',(0.,1.,0.));
#2134=DIRECTION('',(-1.,4.93038065763132E-33,0.));
#2135=DIRECTION('center_axis',(1.,-4.93038065763132E-33,0.));
#2136=DIRECTION('ref_axis',(0.,1.,0.));
#2137=DIRECTION('center_axis',(1.,-4.93038065763132E-33,0.));
#2138=DIRECTION('ref_axis',(0.,0.,-1.));
#2139=DIRECTION('center_axis',(1.,-4.93038065763132E-33,0.));
#2140=DIRECTION('ref_axis',(0.,0.,-1.));
#2141=DIRECTION('axis',(0.,0.,1.));
#2142=DIRECTION('refdir',(1.,0.,0.));
#2143=DIRECTION('center_axis',(0.,0.,-1.));
#2144=DIRECTION('ref_axis',(0.261005472021139,-0.965337321134443,0.));
#2145=DIRECTION('',(0.,0.,1.));
#2146=DIRECTION('',(0.,0.,-1.));
#2147=DIRECTION('center_axis',(1.,-5.60270529276287E-33,0.));
#2148=DIRECTION('ref_axis',(5.60270529276287E-33,1.,0.));
#2149=DIRECTION('center_axis',(-1.,5.60270529276287E-33,0.));
#2150=DIRECTION('ref_axis',(0.,1.,0.));
#2151=DIRECTION('',(-1.,5.60270529276287E-33,0.));
#2152=DIRECTION('center_axis',(-1.,5.60270529276287E-33,0.));
#2153=DIRECTION('ref_axis',(0.,1.,0.));
#2154=DIRECTION('center_axis',(-1.,5.60270529276287E-33,0.));
#2155=DIRECTION('ref_axis',(0.,1.,0.));
#2156=DIRECTION('center_axis',(1.,-5.60270529276287E-33,0.));
#2157=DIRECTION('ref_axis',(5.60270529276287E-33,1.,0.));
#2158=DIRECTION('center_axis',(1.,-5.60270529276287E-33,0.));
#2159=DIRECTION('ref_axis',(0.,1.,0.));
#2160=DIRECTION('',(-1.,5.60270529276287E-33,0.));
#2161=DIRECTION('center_axis',(1.,-5.60270529276287E-33,0.));
#2162=DIRECTION('ref_axis',(0.,1.,0.));
#2163=DIRECTION('center_axis',(1.,-5.60270529276287E-33,0.));
#2164=DIRECTION('ref_axis',(0.,1.,0.));
#2165=DIRECTION('center_axis',(1.,-5.60270529276287E-33,0.));
#2166=DIRECTION('ref_axis',(0.,0.,-1.));
#2167=DIRECTION('center_axis',(1.,-5.60270529276287E-33,0.));
#2168=DIRECTION('ref_axis',(0.,0.,-1.));
#2169=DIRECTION('axis',(0.,0.,1.));
#2170=DIRECTION('refdir',(1.,0.,0.));
#2171=DIRECTION('center_axis',(0.,1.,0.));
#2172=DIRECTION('ref_axis',(-1.,0.,0.));
#2173=DIRECTION('',(0.,-1.,0.));
#2174=DIRECTION('center_axis',(0.,1.,0.));
#2175=DIRECTION('ref_axis',(-1.,0.,0.));
#2176=DIRECTION('center_axis',(-0.707106781186547,-0.707106781186548,0.));
#2177=DIRECTION('ref_axis',(-0.707106781186548,0.707106781186547,0.));
#2178=DIRECTION('center_axis',(-0.707106781186547,0.707106781186548,0.));
#2179=DIRECTION('ref_axis',(-0.707106781186548,-0.707106781186547,0.));
#2180=DIRECTION('center_axis',(0.,1.,0.));
#2181=DIRECTION('ref_axis',(-1.,0.,0.));
#2182=DIRECTION('center_axis',(0.,1.,0.));
#2183=DIRECTION('ref_axis',(-1.,0.,0.));
#2184=DIRECTION('center_axis',(0.,-1.,0.));
#2185=DIRECTION('ref_axis',(-1.,0.,0.));
#2186=DIRECTION('',(0.,-1.,0.));
#2187=DIRECTION('center_axis',(0.,-1.,0.));
#2188=DIRECTION('ref_axis',(-1.,0.,0.));
#2189=DIRECTION('center_axis',(0.,1.,0.));
#2190=DIRECTION('ref_axis',(-1.,0.,0.));
#2191=DIRECTION('center_axis',(0.,1.,0.));
#2192=DIRECTION('ref_axis',(-1.,0.,0.));
#2193=DIRECTION('center_axis',(0.,1.,0.));
#2194=DIRECTION('ref_axis',(-1.,0.,0.));
#2195=DIRECTION('center_axis',(-0.707106781186547,0.707106781186548,0.));
#2196=DIRECTION('ref_axis',(-0.707106781186548,-0.707106781186547,0.));
#2197=DIRECTION('center_axis',(-0.707106781186547,-0.707106781186548,0.));
#2198=DIRECTION('ref_axis',(-0.707106781186548,0.707106781186547,0.));
#2199=DIRECTION('center_axis',(0.,1.,0.));
#2200=DIRECTION('ref_axis',(-1.,0.,0.));
#2201=DIRECTION('center_axis',(0.,1.,0.));
#2202=DIRECTION('ref_axis',(0.,0.,1.));
#2203=DIRECTION('center_axis',(0.,1.,0.));
#2204=DIRECTION('ref_axis',(0.,0.,1.));
#2205=DIRECTION('center_axis',(0.,0.,1.));
#2206=DIRECTION('ref_axis',(1.,0.,0.));
#2207=DIRECTION('center_axis',(0.,0.,1.));
#2208=DIRECTION('ref_axis',(1.,0.,0.));
#2209=DIRECTION('',(0.,0.,-1.));
#2210=DIRECTION('center_axis',(0.,0.,1.));
#2211=DIRECTION('ref_axis',(1.,0.,0.));
#2212=DIRECTION('',(0.,0.,-1.));
#2213=DIRECTION('center_axis',(0.,0.,-1.));
#2214=DIRECTION('ref_axis',(1.,0.,0.));
#2215=DIRECTION('center_axis',(0.,0.,-1.));
#2216=DIRECTION('ref_axis',(1.,0.,0.));
#2217=DIRECTION('center_axis',(0.,0.,-1.));
#2218=DIRECTION('ref_axis',(1.,0.,0.));
#2219=DIRECTION('center_axis',(-1.,6.12323399573676E-17,0.));
#2220=DIRECTION('ref_axis',(-6.12323399573676E-17,-1.,0.));
#2221=DIRECTION('',(-1.,6.12323399573676E-17,0.));
#2222=DIRECTION('center_axis',(1.,-6.12323399573676E-17,0.));
#2223=DIRECTION('ref_axis',(-6.12323399573676E-17,-1.,0.));
#2224=DIRECTION('center_axis',(-1.,6.12323399573676E-17,0.));
#2225=DIRECTION('ref_axis',(-6.12323399573676E-17,-1.,0.));
#2226=DIRECTION('center_axis',(-1.,6.12323399573676E-17,0.));
#2227=DIRECTION('ref_axis',(0.,-1.,0.));
#2228=DIRECTION('',(1.,-6.12323399573676E-17,0.));
#2229=DIRECTION('center_axis',(-1.,6.12323399573676E-17,0.));
#2230=DIRECTION('ref_axis',(0.,0.,1.));
#2231=DIRECTION('',(0.,0.,1.));
#2232=DIRECTION('',(1.,0.,0.));
#2233=DIRECTION('',(0.,0.,1.));
#2234=DIRECTION('',(1.,0.,0.));
#2235=DIRECTION('',(0.,0.,1.));
#2236=DIRECTION('',(1.,0.,0.));
#2237=DIRECTION('',(0.,0.,1.));
#2238=DIRECTION('',(1.,0.,0.));
#2239=DIRECTION('',(0.,0.,1.));
#2240=DIRECTION('',(1.,0.,0.));
#2241=DIRECTION('',(0.,0.,1.));
#2242=DIRECTION('',(-0.5,0.866025403784439,0.));
#2243=DIRECTION('',(0.,0.,1.));
#2244=DIRECTION('',(-0.5,0.866025403784439,0.));
#2245=DIRECTION('',(0.,0.,1.));
#2246=DIRECTION('',(-0.5,-0.866025403784438,0.));
#2247=DIRECTION('',(0.,0.,1.));
#2248=DIRECTION('',(-0.5,-0.866025403784438,0.));
#2249=DIRECTION('',(0.,0.,1.));
#2250=DIRECTION('',(-0.5,0.866025403784439,0.));
#2251=DIRECTION('',(0.,0.,1.));
#2252=DIRECTION('',(-0.5,0.866025403784439,0.));
#2253=DIRECTION('',(0.,0.,1.));
#2254=DIRECTION('',(-0.5,-0.866025403784438,0.));
#2255=DIRECTION('',(0.,0.,1.));
#2256=DIRECTION('',(-0.5,-0.866025403784438,0.));
#2257=CARTESIAN_POINT('',(0.,0.,0.));
#2258=CARTESIAN_POINT('',(0.,0.,0.));
#2259=CARTESIAN_POINT('Origin',(0.,0.,29.));
#2260=CARTESIAN_POINT('',(-13.8564064605511,4.44089209850063E-15,29.));
#2261=CARTESIAN_POINT('',(-6.92820323027555,12.,29.));
#2262=CARTESIAN_POINT('',(-6.92820323027554,12.,29.));
#2263=CARTESIAN_POINT('',(6.92820323027556,12.,29.));
#2264=CARTESIAN_POINT('',(6.92820323027556,12.,29.));
#2265=CARTESIAN_POINT('',(13.8564064605511,-1.77635683940025E-14,29.));
#2266=CARTESIAN_POINT('',(13.8564064605511,-1.88737914186277E-14,29.));
#2267=CARTESIAN_POINT('',(6.92820323027552,-12.0000000000001,29.));
#2268=CARTESIAN_POINT('',(6.92820323027552,-12.0000000000001,29.));
#2269=CARTESIAN_POINT('',(-6.92820323027551,-12.0000000000001,29.));
#2270=CARTESIAN_POINT('',(-6.92820323027551,-12.0000000000001,29.));
#2271=CARTESIAN_POINT('',(-13.8564064605511,3.88578058618805E-15,29.));
#2272=CARTESIAN_POINT('',(6.35,-6.35,29.));
#2273=CARTESIAN_POINT('',(-6.35,-6.35,29.));
#2274=CARTESIAN_POINT('',(6.35,-6.35,29.));
#2275=CARTESIAN_POINT('',(6.35,6.35,29.));
#2276=CARTESIAN_POINT('',(6.35,6.35,29.));
#2277=CARTESIAN_POINT('',(-6.35,6.35,29.));
#2278=CARTESIAN_POINT('',(-6.35,6.35,29.));
#2279=CARTESIAN_POINT('',(-6.35,-6.35,29.));
#2280=CARTESIAN_POINT('Origin',(6.35,6.35,29.));
#2281=CARTESIAN_POINT('',(6.35,-6.35,44.));
#2282=CARTESIAN_POINT('',(6.35,-6.35,29.));
#2283=CARTESIAN_POINT('',(6.35,6.35,44.));
#2284=CARTESIAN_POINT('',(6.35,6.35,44.));
#2285=CARTESIAN_POINT('',(6.35,6.35,29.));
#2286=CARTESIAN_POINT('Origin',(-6.35,6.35,29.));
#2287=CARTESIAN_POINT('',(-6.35,6.35,44.));
#2288=CARTESIAN_POINT('',(-6.35,6.35,44.));
#2289=CARTESIAN_POINT('',(-6.35,6.35,29.));
#2290=CARTESIAN_POINT('Origin',(-6.35,-6.35,29.));
#2291=CARTESIAN_POINT('',(-6.35,-6.35,44.));
#2292=CARTESIAN_POINT('',(-6.35,-6.35,44.));
#2293=CARTESIAN_POINT('',(-6.35,-6.35,29.));
#2294=CARTESIAN_POINT('Origin',(6.35,-6.35,29.));
#2295=CARTESIAN_POINT('',(6.35,-6.35,44.));
#2296=CARTESIAN_POINT('Origin',(0.,0.,29.));
#2297=CARTESIAN_POINT('',(15.,2.22044604925031E-15,44.));
#2298=CARTESIAN_POINT('Origin',(0.,0.,44.));
#2299=CARTESIAN_POINT('',(15.,1.83697019872103E-15,29.));
#2300=CARTESIAN_POINT('',(15.,1.83697019872103E-15,29.));
#2301=CARTESIAN_POINT('Origin',(0.,0.,29.));
#2302=CARTESIAN_POINT('Origin',(0.,0.,44.));
#2303=CARTESIAN_POINT('Origin',(-13.8564064605511,4.44089209850063E-15,
0.));
#2304=CARTESIAN_POINT('',(-13.8564064605511,3.88578058618805E-15,0.));
#2305=CARTESIAN_POINT('',(-6.92820323027555,12.,0.));
#2306=CARTESIAN_POINT('',(-6.92820323027554,12.,0.));
#2307=CARTESIAN_POINT('',(-6.92820323027555,12.,0.));
#2308=CARTESIAN_POINT('',(-13.8564064605511,3.88578058618805E-15,0.));
#2309=CARTESIAN_POINT('Origin',(-6.92820323027551,-12.0000000000001,0.));
#2310=CARTESIAN_POINT('',(-6.92820323027551,-12.0000000000001,0.));
#2311=CARTESIAN_POINT('',(-13.8564064605511,3.88578058618805E-15,0.));
#2312=CARTESIAN_POINT('',(-6.92820323027551,-12.0000000000001,0.));
#2313=CARTESIAN_POINT('Origin',(6.92820323027552,-12.0000000000001,0.));
#2314=CARTESIAN_POINT('',(6.92820323027552,-12.0000000000001,0.));
#2315=CARTESIAN_POINT('',(-6.92820323027551,-12.0000000000001,0.));
#2316=CARTESIAN_POINT('',(6.92820323027552,-12.0000000000001,0.));
#2317=CARTESIAN_POINT('Origin',(13.8564064605511,-1.99840144432528E-14,
0.));
#2318=CARTESIAN_POINT('',(13.8564064605511,-1.88737914186277E-14,0.));
#2319=CARTESIAN_POINT('',(6.92820323027552,-12.0000000000001,0.));
#2320=CARTESIAN_POINT('',(13.8564064605511,-1.88737914186277E-14,0.));
#2321=CARTESIAN_POINT('Origin',(6.92820323027556,12.,0.));
#2322=CARTESIAN_POINT('',(6.92820323027556,12.,0.));
#2323=CARTESIAN_POINT('',(13.8564064605511,-1.88737914186277E-14,0.));
#2324=CARTESIAN_POINT('',(6.92820323027556,12.,0.));
#2325=CARTESIAN_POINT('Origin',(-6.92820323027555,12.,0.));
#2326=CARTESIAN_POINT('',(6.92820323027556,12.,0.));
#2327=CARTESIAN_POINT('Origin',(0.,0.,0.));
#2328=CARTESIAN_POINT('',(-16.5,-2.22044604925031E-15,29.));
#2329=CARTESIAN_POINT('Origin',(0.,0.,29.));
#2330=CARTESIAN_POINT('',(-16.5,-2.02066721859313E-15,0.));
#2331=CARTESIAN_POINT('',(-16.5,-2.02066721859313E-15,0.));
#2332=CARTESIAN_POINT('Origin',(0.,0.,0.));
#2333=CARTESIAN_POINT('Origin',(0.,0.,29.));
#2334=CARTESIAN_POINT('Origin',(0.,0.,0.));
#2335=CARTESIAN_POINT('',(0.,0.,0.));
#2336=CARTESIAN_POINT('Origin',(2.13491744991808E-31,-1.23259516440783E-31,
5.));
#2337=CARTESIAN_POINT('',(6.92820323027556,12.,5.));
#2338=CARTESIAN_POINT('',(0.,-5.55111512312578E-16,5.));
#2339=CARTESIAN_POINT('',(2.96875,5.14202583497011,5.));
#2340=CARTESIAN_POINT('',(6.92820323027556,12.,0.));
#2341=CARTESIAN_POINT('',(6.92820323027556,12.,0.));
#2342=CARTESIAN_POINT('',(8.25,14.2894191624432,0.));
#2343=CARTESIAN_POINT('',(2.13491744991808E-31,-1.23259516440783E-31,0.));
#2344=CARTESIAN_POINT('',(8.25,14.2894191624432,5.));
#2345=CARTESIAN_POINT('',(8.25,14.2894191624432,0.));
#2346=CARTESIAN_POINT('',(23.75,41.1362066797608,5.));
#2347=CARTESIAN_POINT('',(2.96875,5.14202583497011,5.));
#2348=CARTESIAN_POINT('',(23.75,41.1362066797608,-15.));
#2349=CARTESIAN_POINT('',(23.75,41.1362066797608,0.));
#2350=CARTESIAN_POINT('',(-3.20493781063927E-16,-5.55111512312578E-16,-15.));
#2351=CARTESIAN_POINT('',(2.13491744991808E-31,-1.23259516440783E-31,-15.));
#2352=CARTESIAN_POINT('',(0.,-5.55111512312578E-16,5.));
#2353=CARTESIAN_POINT('Origin',(0.,0.,-15.));
#2354=CARTESIAN_POINT('',(23.75,-41.1362066797608,-15.));
#2355=CARTESIAN_POINT('',(2.1732758349701,-3.7642241650299,-15.));
#2356=CARTESIAN_POINT('Origin',(0.,0.,-15.));
#2357=CARTESIAN_POINT('Origin',(13.8564064605511,-1.99840144432528E-14,
0.));
#2358=CARTESIAN_POINT('',(13.8564064605511,-1.99840144432528E-14,5.));
#2359=CARTESIAN_POINT('',(15.0931056529822,-2.1420258349701,5.));
#2360=CARTESIAN_POINT('',(13.8564064605511,-1.99840144432528E-14,0.));
#2361=CARTESIAN_POINT('',(13.8564064605511,-1.99840144432528E-14,0.));
#2362=CARTESIAN_POINT('',(13.8564064605511,-1.99840144432528E-14,0.));
#2363=CARTESIAN_POINT('Origin',(0.,0.,0.));
#2364=CARTESIAN_POINT('',(8.25,-14.2894191624432,5.));
#2365=CARTESIAN_POINT('Origin',(0.,0.,5.));
#2366=CARTESIAN_POINT('',(8.25,-14.2894191624432,0.));
#2367=CARTESIAN_POINT('Origin',(0.,0.,0.));
#2368=CARTESIAN_POINT('',(8.25,-14.2894191624432,0.));
#2369=CARTESIAN_POINT('Origin',(0.,0.,0.));
#2370=CARTESIAN_POINT('',(6.92820323027552,-12.0000000000001,0.));
#2371=CARTESIAN_POINT('',(2.1732758349701,-3.7642241650299,0.));
#2372=CARTESIAN_POINT('',(6.92820323027552,-12.0000000000001,0.));
#2373=CARTESIAN_POINT('Origin',(4.34655166994021,-7.52844833005979,5.));
#2374=CARTESIAN_POINT('',(6.92820323027552,-12.0000000000001,5.));
#2375=CARTESIAN_POINT('',(5.14202583497011,-8.90625,5.));
#2376=CARTESIAN_POINT('',(23.75,-41.1362066797608,5.));
#2377=CARTESIAN_POINT('',(23.75,-41.1362066797608,0.));
#2378=CARTESIAN_POINT('',(5.14202583497011,-8.90625,5.));
#2379=CARTESIAN_POINT('',(6.92820323027552,-12.0000000000001,0.));
#2380=CARTESIAN_POINT('Origin',(0.,0.,0.));
#2381=CARTESIAN_POINT('Origin',(0.,0.,5.));
#2382=CARTESIAN_POINT('Origin',(6.92820323027552,-12.0000000000001,0.));
#2383=CARTESIAN_POINT('',(11.6290040378444,-3.85797416502994,5.));
#2384=CARTESIAN_POINT('Origin',(23.75,0.,5.));
#2385=CARTESIAN_POINT('Origin',(23.75,0.,5.));
#2386=CARTESIAN_POINT('Origin',(23.75,0.,5.));
#2387=CARTESIAN_POINT('',(8.25,-14.2894191624432,5.));
#2388=CARTESIAN_POINT('',(23.75,-41.1362066797608,5.));
#2389=CARTESIAN_POINT('',(5.14202583497011,-8.90625,5.));
#2390=CARTESIAN_POINT('',(8.25,14.2894191624432,5.));
#2391=CARTESIAN_POINT('Origin',(0.,0.,5.));
#2392=CARTESIAN_POINT('',(23.75,41.1362066797608,5.));
#2393=CARTESIAN_POINT('',(2.96875,5.14202583497011,5.));
#2394=CARTESIAN_POINT('Origin',(0.,0.,5.));
#2395=CARTESIAN_POINT('Origin',(2.13491744991808E-31,-1.23259516440783E-31,
5.));
#2396=CARTESIAN_POINT('',(8.25,14.2894191624432,25.));
#2397=CARTESIAN_POINT('',(8.25,14.2894191624432,0.));
#2398=CARTESIAN_POINT('',(23.75,41.1362066797608,25.));
#2399=CARTESIAN_POINT('',(2.13491744991808E-31,-1.23259516440783E-31,25.));
#2400=CARTESIAN_POINT('',(23.75,41.1362066797608,0.));
#2401=CARTESIAN_POINT('Origin',(0.,0.,0.));
#2402=CARTESIAN_POINT('',(8.25,-14.2894191624432,25.));
#2403=CARTESIAN_POINT('',(8.25,-14.2894191624432,0.));
#2404=CARTESIAN_POINT('Origin',(0.,0.,25.));
#2405=CARTESIAN_POINT('Origin',(4.34655166994021,-7.52844833005979,5.));
#2406=CARTESIAN_POINT('',(23.75,-41.1362066797608,25.));
#2407=CARTESIAN_POINT('',(23.75,-41.1362066797608,0.));
#2408=CARTESIAN_POINT('',(2.1732758349701,-3.7642241650299,25.));
#2409=CARTESIAN_POINT('Origin',(0.,0.,25.));
#2410=CARTESIAN_POINT('Origin',(0.,0.,25.));
#2411=CARTESIAN_POINT('',(24.6333333333333,-4.6,25.));
#2412=CARTESIAN_POINT('',(24.6333333333333,4.6,25.));
#2413=CARTESIAN_POINT('',(24.6333333333333,-2.3,25.));
#2414=CARTESIAN_POINT('',(29.0333333333333,4.6,25.));
#2415=CARTESIAN_POINT('',(12.3166666666667,4.6,25.));
#2416=CARTESIAN_POINT('',(29.0333333333333,-4.6,25.));
#2417=CARTESIAN_POINT('',(29.0333333333333,2.3,25.));
#2418=CARTESIAN_POINT('',(14.5166666666667,-4.6,25.));
#2419=CARTESIAN_POINT('Origin',(0.,0.,0.));
#2420=CARTESIAN_POINT('Origin',(26.8333333333333,5.55111512312578E-16,10.));
#2421=CARTESIAN_POINT('',(24.6333333333333,4.6,10.));
#2422=CARTESIAN_POINT('',(29.0333333333333,4.6,10.));
#2423=CARTESIAN_POINT('',(24.6333333333333,4.6,10.));
#2424=CARTESIAN_POINT('',(24.6333333333333,-4.6,10.));
#2425=CARTESIAN_POINT('',(24.6333333333333,-4.6,10.));
#2426=CARTESIAN_POINT('',(29.0333333333333,-4.6,10.));
#2427=CARTESIAN_POINT('',(29.0333333333333,-4.6,10.));
#2428=CARTESIAN_POINT('',(29.0333333333333,4.6,10.));
#2429=CARTESIAN_POINT('Origin',(24.6333333333333,4.6,25.));
#2430=CARTESIAN_POINT('',(24.6333333333333,4.6,25.));
#2431=CARTESIAN_POINT('',(29.0333333333333,4.6,25.));
#2432=CARTESIAN_POINT('Origin',(29.0333333333333,4.6,25.));
#2433=CARTESIAN_POINT('',(29.0333333333333,-4.6,25.));
#2434=CARTESIAN_POINT('Origin',(29.0333333333333,-4.6,25.));
#2435=CARTESIAN_POINT('',(24.6333333333333,-4.6,25.));
#2436=CARTESIAN_POINT('Origin',(24.6333333333333,-4.6,25.));
#2437=CARTESIAN_POINT('Origin',(23.75,0.,5.));
#2438=CARTESIAN_POINT('',(0.,-5.55111512312578E-16,5.));
#2439=CARTESIAN_POINT('',(6.92820323027552,-12.0000000000001,5.));
#2440=CARTESIAN_POINT('',(5.14202583497011,-8.90625,5.));
#2441=CARTESIAN_POINT('',(6.92820323027556,12.,5.));
#2442=CARTESIAN_POINT('',(2.96875,5.14202583497011,5.));
#2443=CARTESIAN_POINT('',(13.8564064605511,-1.99840144432528E-14,5.));
#2444=CARTESIAN_POINT('',(15.0931056529822,-2.1420258349701,5.));
#2445=CARTESIAN_POINT('',(11.6290040378444,-3.85797416502994,5.));
#2446=CARTESIAN_POINT('Origin',(13.8564064605511,-1.99840144432528E-14,
0.));
#2447=CARTESIAN_POINT('',(6.92820323027556,12.,25.));
#2448=CARTESIAN_POINT('',(6.92820323027556,12.,0.));
#2449=CARTESIAN_POINT('',(13.8564064605511,-1.99840144432528E-14,25.));
#2450=CARTESIAN_POINT('',(13.8564064605511,-1.99840144432528E-14,25.));
#2451=CARTESIAN_POINT('',(13.8564064605511,-1.99840144432528E-14,0.));
#2452=CARTESIAN_POINT('Origin',(2.13491744991808E-31,-1.23259516440783E-31,
5.));
#2453=CARTESIAN_POINT('',(-4.29380249076394E-17,-7.43708407166899E-17,25.));
#2454=CARTESIAN_POINT('',(0.,-5.55111512312578E-16,5.));
#2455=CARTESIAN_POINT('',(-6.45281364618619E-15,-1.11766010869683E-14,25.));
#2456=CARTESIAN_POINT('Origin',(4.34655166994021,-7.52844833005979,5.));
#2457=CARTESIAN_POINT('',(6.92820323027552,-12.0000000000001,25.));
#2458=CARTESIAN_POINT('',(6.92820323027552,-12.0000000000001,0.));
#2459=CARTESIAN_POINT('',(2.17327583497011,-3.76422416502991,25.));
#2460=CARTESIAN_POINT('Origin',(2.22044604925031E-15,-3.10862446895044E-14,
25.));
#2461=CARTESIAN_POINT('',(6.92820323027552,-12.0000000000001,25.));
#2462=CARTESIAN_POINT('Origin',(6.92820323027552,-12.0000000000001,0.));
#2463=CARTESIAN_POINT('',(0.,0.,0.));
#2464=CARTESIAN_POINT('Origin',(97.2928843955702,-4.82668660567222,44.));
#2465=CARTESIAN_POINT('',(97.2928843955702,-4.82668660567222,9.54718752202823));
#2466=CARTESIAN_POINT('',(60.3075555570906,-14.8266866056722,19.9987085246986));
#2467=CARTESIAN_POINT('Ctrl Pts',(97.2928843955702,-4.82668660567222,9.54718752202823));
#2468=CARTESIAN_POINT('Ctrl Pts',(94.9106295709935,-5.47079466132326,10.2055883006059));
#2469=CARTESIAN_POINT('Ctrl Pts',(91.5658768557044,-6.37514047127824,11.1298411057912));
#2470=CARTESIAN_POINT('Ctrl Pts',(85.42261496963,-8.03614013763322,12.8375020617597));
#2471=CARTESIAN_POINT('Ctrl Pts',(82.3576393196558,-8.86484052912085,13.6946826274782));
#2472=CARTESIAN_POINT('Ctrl Pts',(72.833514594386,-11.4399493694027,16.3799286636479));
#2473=CARTESIAN_POINT('Ctrl Pts',(66.6041977736729,-13.1242163521074,18.1654551006088));
#2474=CARTESIAN_POINT('Ctrl Pts',(60.3075555570906,-14.8266866056722,19.9987085246986));
#2475=CARTESIAN_POINT('',(97.2928843955702,-4.82668660567222,-6.75951479519412));
#2476=CARTESIAN_POINT('',(97.2928843955702,-4.82668660567222,44.));
#2477=CARTESIAN_POINT('',(95.,-5.44663090996206,-7.15546612406791));
#2478=CARTESIAN_POINT('Origin',(115.144543526677,3.45126646034193E-31,-15.));
#2479=CARTESIAN_POINT('',(95.,-5.44663090996206,-10.2779331170368));
#2480=CARTESIAN_POINT('',(95.,-5.44663090996205,14.5));
#2481=CARTESIAN_POINT('',(60.3075555570906,-14.8266866056722,0.11589854490011));
#2482=CARTESIAN_POINT('Ctrl Pts',(60.3075555570906,-14.8266866056722,0.115898544900109));
#2483=CARTESIAN_POINT('Ctrl Pts',(71.638904834425,-11.7629449456156,-3.18386563381342));
#2484=CARTESIAN_POINT('Ctrl Pts',(83.3920400982507,-8.58516185352699,-6.6830694596035));
#2485=CARTESIAN_POINT('Ctrl Pts',(95.,-5.44663090996205,-10.2779331170368));
#2486=CARTESIAN_POINT('',(60.3075555570906,-14.8266866056722,44.));
#2487=CARTESIAN_POINT('Origin',(59.0025281969849,-10.,44.));
#2488=CARTESIAN_POINT('',(54.0025281969849,-10.,22.6276346010786));
#2489=CARTESIAN_POINT('Ctrl Pts',(60.3075555570906,-14.8266866056722,19.9987085246986));
#2490=CARTESIAN_POINT('Ctrl Pts',(59.9809410696302,-14.9149958076498,20.0938016087423));
#2491=CARTESIAN_POINT('Ctrl Pts',(59.6474105417013,-14.969601243059,20.196956555942));
#2492=CARTESIAN_POINT('Ctrl Pts',(58.6134751932447,-15.0337571364047,20.5338569626228));
#2493=CARTESIAN_POINT('Ctrl Pts',(57.9178026960855,-14.9297273569634,20.7846426811285));
#2494=CARTESIAN_POINT('Ctrl Pts',(56.6556928656727,-14.4631349631308,21.2745113513395));
#2495=CARTESIAN_POINT('Ctrl Pts',(56.0896061210757,-14.1172164836564,21.5111231841918));
#2496=CARTESIAN_POINT('Ctrl Pts',(55.1769375836455,-13.2718598174331,21.9189118029207));
#2497=CARTESIAN_POINT('Ctrl Pts',(54.8169576339063,-12.7993461608096,22.0924252189685));
#2498=CARTESIAN_POINT('Ctrl Pts',(54.2585343980452,-11.7022522214884,22.3913454582858));
#2499=CARTESIAN_POINT('Ctrl Pts',(54.0778347164587,-11.0807573664556,22.5098190188779));
#2500=CARTESIAN_POINT('Ctrl Pts',(54.008846663302,-10.2901441722084,22.601098999804));
#2501=CARTESIAN_POINT('Ctrl Pts',(54.0025281969849,-10.1451265692461,22.6155119785692));
#2502=CARTESIAN_POINT('Ctrl Pts',(54.0025281969849,-10.,22.6276346010786));
#2503=CARTESIAN_POINT('',(54.0025281969849,-10.,2.57180995466265));
#2504=CARTESIAN_POINT('Ctrl Pts',(54.0025281969849,-10.,2.57180995466265));
#2505=CARTESIAN_POINT('Ctrl Pts',(54.0025281969849,-10.3721826950822,2.54557054189985));
#2506=CARTESIAN_POINT('Ctrl Pts',(54.044080681745,-10.7427823170971,2.50454337249294));
#2507=CARTESIAN_POINT('Ctrl Pts',(54.2705580997203,-11.7422419670219,2.35303923664183));
#2508=CARTESIAN_POINT('Ctrl Pts',(54.5366737161686,-12.337829504671,2.21584935318272));
#2509=CARTESIAN_POINT('Ctrl Pts',(55.2984108403753,-13.4288131428881,1.87007848713266));
#2510=CARTESIAN_POINT('Ctrl Pts',(55.8031220239081,-13.9018499331221,1.66020283138547));
#2511=CARTESIAN_POINT('Ctrl Pts',(56.9329630894634,-14.5974957127026,1.22467767492336));
#2512=CARTESIAN_POINT('Ctrl Pts',(57.5451231348145,-14.8264366557178,1.00278691614281));
#2513=CARTESIAN_POINT('Ctrl Pts',(58.8308283555476,-15.0399764010578,0.566343850783061));
#2514=CARTESIAN_POINT('Ctrl Pts',(59.4974671354108,-15.0196845628893,0.354617819806817));
#2515=CARTESIAN_POINT('Ctrl Pts',(60.1992994171697,-14.8549835851184,0.147528270015263));
#2516=CARTESIAN_POINT('Ctrl Pts',(60.2535394663005,-14.8412913401674,0.131628389343255));
#2517=CARTESIAN_POINT('Ctrl Pts',(60.3075555570906,-14.8266866056722,0.11589854490011));
#2518=CARTESIAN_POINT('',(54.0025281969849,-10.,44.));
#2519=CARTESIAN_POINT('Origin',(95.9878570354645,-4.44089209850063E-15,
44.));
#2520=CARTESIAN_POINT('',(97.2928843955702,4.82668660567222,9.54718752202824));
#2521=CARTESIAN_POINT('Ctrl Pts',(97.2928843955702,4.82668660567221,9.54718752202823));
#2522=CARTESIAN_POINT('Ctrl Pts',(97.6239634658898,4.73717028103292,9.45568483498553));
#2523=CARTESIAN_POINT('Ctrl Pts',(97.9467499960054,4.61335563374237,9.37190665599089));
#2524=CARTESIAN_POINT('Ctrl Pts',(98.5671065655646,4.29760774538261,9.22087042512487));
#2525=CARTESIAN_POINT('Ctrl Pts',(98.8623187256469,4.10631296810864,9.15425055601645));
#2526=CARTESIAN_POINT('Ctrl Pts',(99.5678930000336,3.53441185005829,9.00555415811333));
#2527=CARTESIAN_POINT('Ctrl Pts',(99.9400834447249,3.1135542591396,8.93804250002703));
#2528=CARTESIAN_POINT('Ctrl Pts',(100.545784087441,2.13792378697892,8.83731494913029));
#2529=CARTESIAN_POINT('Ctrl Pts',(100.765963842294,1.58665196610515,8.80640579970008));
#2530=CARTESIAN_POINT('Ctrl Pts',(101.015513302697,0.37555868122495,8.77192580174256));
#2531=CARTESIAN_POINT('Ctrl Pts',(101.021862727337,-0.277892840560523,8.77115429182065));
#2532=CARTESIAN_POINT('Ctrl Pts',(100.784302188695,-1.5557571975092,8.80378078003509));
#2533=CARTESIAN_POINT('Ctrl Pts',(100.540457275099,-2.16723247972091,8.83753071603663));
#2534=CARTESIAN_POINT('Ctrl Pts',(99.855526095444,-3.22726204579349,8.95283003005976));
#2535=CARTESIAN_POINT('Ctrl Pts',(99.4342153311909,-3.67272962679834,9.03086920317139));
#2536=CARTESIAN_POINT('Ctrl Pts',(98.4441488907828,-4.39938480068735,9.24672379831602));
#2537=CARTESIAN_POINT('Ctrl Pts',(97.8830907643607,-4.66710809513146,9.3840679729673));
#2538=CARTESIAN_POINT('Ctrl Pts',(97.2928843955702,-4.82668660567223,9.54718752202823));
#2539=CARTESIAN_POINT('',(97.2928843955702,4.82668660567222,-6.75951479519412));
#2540=CARTESIAN_POINT('',(97.2928843955702,4.82668660567222,44.));
#2541=CARTESIAN_POINT('Ctrl Pts',(97.2928843955702,-4.82668660567222,-6.75951479519412));
#2542=CARTESIAN_POINT('Ctrl Pts',(97.5060048076884,-4.76906364575507,-6.72576338834139));
#2543=CARTESIAN_POINT('Ctrl Pts',(97.7156430092303,-4.69715630133434,-6.68443250795683));
#2544=CARTESIAN_POINT('Ctrl Pts',(98.5321064772158,-4.35532216314879,-6.49590424438182));
#2545=CARTESIAN_POINT('Ctrl Pts',(99.0856394738028,-3.97328537352715,-6.30301403208008));
#2546=CARTESIAN_POINT('Ctrl Pts',(99.9596672827964,-3.09925756453361,-5.95468795129056));
#2547=CARTESIAN_POINT('Ctrl Pts',(100.342775359378,-2.54524560366499,-5.77407200970966));
#2548=CARTESIAN_POINT('Ctrl Pts',(100.857183365074,-1.31652996878352,-5.52040235137708));
#2549=CARTESIAN_POINT('Ctrl Pts',(100.987857035465,-0.641018374082439,-5.44999999999999));
#2550=CARTESIAN_POINT('Ctrl Pts',(100.987857035465,0.641018374082431,-5.44999999999999));
#2551=CARTESIAN_POINT('Ctrl Pts',(100.857183365074,1.3165299687835,-5.52040235137708));
#2552=CARTESIAN_POINT('Ctrl Pts',(100.342775359378,2.54524560366498,-5.77407200970966));
#2553=CARTESIAN_POINT('Ctrl Pts',(99.9596672827964,3.0992575645336,-5.95468795129056));
#2554=CARTESIAN_POINT('Ctrl Pts',(99.0856394738028,3.97328537352714,-6.30301403208008));
#2555=CARTESIAN_POINT('Ctrl Pts',(98.5321064772158,4.35532216314878,-6.49590424438181));
#2556=CARTESIAN_POINT('Ctrl Pts',(97.7156430092303,4.69715630133434,-6.68443250795683));
#2557=CARTESIAN_POINT('Ctrl Pts',(97.5060048076885,4.76906364575506,-6.72576338834138));
#2558=CARTESIAN_POINT('Ctrl Pts',(97.2928843955702,4.82668660567222,-6.75951479519412));
#2559=CARTESIAN_POINT('Origin',(54.0025281969849,-10.,44.));
#2560=CARTESIAN_POINT('',(54.0025281969849,10.,22.6276346010786));
#2561=CARTESIAN_POINT('Ctrl Pts',(54.0025281969849,-10.,22.6276346010786));
#2562=CARTESIAN_POINT('Ctrl Pts',(54.0025281969849,-6.86245361419706,22.8897181784567));
#2563=CARTESIAN_POINT('Ctrl Pts',(54.0025281969849,-3.62470448783779,23.0150242172746));
#2564=CARTESIAN_POINT('Ctrl Pts',(54.0025281969849,2.96438800915392,23.0396157789137));
#2565=CARTESIAN_POINT('Ctrl Pts',(54.0025281969849,6.54781434675869,22.9160004304633));
#2566=CARTESIAN_POINT('Ctrl Pts',(54.0025281969849,10.,22.6276346010786));
#2567=CARTESIAN_POINT('',(54.0025281969849,10.,2.57180995466265));
#2568=CARTESIAN_POINT('Ctrl Pts',(54.0025281969849,10.,2.57180995466265));
#2569=CARTESIAN_POINT('Ctrl Pts',(54.0025281969849,6.75451187771197,2.80062151302562));
#2570=CARTESIAN_POINT('Ctrl Pts',(54.0025281970064,3.47023841327312,2.91416301278403));
#2571=CARTESIAN_POINT('Ctrl Pts',(54.0025281970064,-3.17753379052174,2.92410786101127));
#2572=CARTESIAN_POINT('Ctrl Pts',(54.0025281969849,-6.61060074606461,2.81076745380781));
#2573=CARTESIAN_POINT('Ctrl Pts',(54.0025281969849,-10.,2.57180995466265));
#2574=CARTESIAN_POINT('',(54.0025281969849,10.,44.));
#2575=CARTESIAN_POINT('Origin',(60.3075555570906,14.8266866056722,44.));
#2576=CARTESIAN_POINT('',(60.3075555570906,14.8266866056722,19.9987085246986));
#2577=CARTESIAN_POINT('Ctrl Pts',(60.3075555570906,14.8266866056722,19.9987085246986));
#2578=CARTESIAN_POINT('Ctrl Pts',(69.8167047652451,12.2556268079664,17.2301408109223));
#2579=CARTESIAN_POINT('Ctrl Pts',(78.3141534204667,9.95810805604958,14.8134391152938));
#2580=CARTESIAN_POINT('Ctrl Pts',(91.5702368951288,6.37396161448262,11.1286358523193));
#2581=CARTESIAN_POINT('Ctrl Pts',(94.9117366410001,5.47049533452491,10.2052823317621));
#2582=CARTESIAN_POINT('Ctrl Pts',(97.2928843955702,4.82668660567222,9.54718752202824));
#2583=CARTESIAN_POINT('',(60.3075555570906,14.8266866056722,0.11589854490011));
#2584=CARTESIAN_POINT('',(60.3075555570906,14.8266866056722,44.));
#2585=CARTESIAN_POINT('',(95.,5.44663090996206,-10.2779331170368));
#2586=CARTESIAN_POINT('Ctrl Pts',(95.,5.44663090996205,-10.2779331170368));
#2587=CARTESIAN_POINT('Ctrl Pts',(83.3920400999948,8.58516185305542,-6.68306946014362));
#2588=CARTESIAN_POINT('Ctrl Pts',(71.6389050513871,11.7629448869539,-3.18386569699424));
#2589=CARTESIAN_POINT('Ctrl Pts',(60.3075555570906,14.8266866056722,0.115898544900111));
#2590=CARTESIAN_POINT('',(95.,5.44663090996205,-7.15546612406791));
#2591=CARTESIAN_POINT('',(95.,5.44663090996205,14.5));
#2592=CARTESIAN_POINT('Origin',(115.144543526677,3.45126646034193E-31,-15.));
#2593=CARTESIAN_POINT('Origin',(59.0025281969849,10.,44.));
#2594=CARTESIAN_POINT('Ctrl Pts',(54.0025281969849,10.,22.6276346010786));
#2595=CARTESIAN_POINT('Ctrl Pts',(54.0025281969849,10.1185858750125,22.6177289593675));
#2596=CARTESIAN_POINT('Ctrl Pts',(54.0067469585603,10.2371205224442,22.6062923675841));
#2597=CARTESIAN_POINT('Ctrl Pts',(54.0583006456842,10.9606178539313,22.5270146846983));
#2598=CARTESIAN_POINT('Ctrl Pts',(54.2106411684156,11.5466114601292,22.422050549857));
#2599=CARTESIAN_POINT('Ctrl Pts',(54.7377486605367,12.6939097814543,22.1306937537196));
#2600=CARTESIAN_POINT('Ctrl Pts',(55.1311624353303,13.2306184364036,21.9392576775881));
#2601=CARTESIAN_POINT('Ctrl Pts',(56.1236411012278,14.1474855948695,21.4960319680927));
#2602=CARTESIAN_POINT('Ctrl Pts',(56.7285431194394,14.5064635140785,21.244174535697));
#2603=CARTESIAN_POINT('Ctrl Pts',(57.9814125262289,14.9352496575026,20.7622140309682));
#2604=CARTESIAN_POINT('Ctrl Pts',(58.616060663654,15.0258225203062,20.5342716834113));
#2605=CARTESIAN_POINT('Ctrl Pts',(59.6088881957196,14.9757868376241,20.2088951049261));
#2606=CARTESIAN_POINT('Ctrl Pts',(59.9620656742654,14.9200992894783,20.0992971382631));
#2607=CARTESIAN_POINT('Ctrl Pts',(60.3075555570906,14.8266866056722,19.9987085246986));
#2608=CARTESIAN_POINT('Ctrl Pts',(60.3075555570906,14.8266866056722,0.115898544900111));
#2609=CARTESIAN_POINT('Ctrl Pts',(59.9527878081596,14.9226078155336,0.219209269954443));
#2610=CARTESIAN_POINT('Ctrl Pts',(59.5897328455054,14.9787992837702,0.329474824111934));
#2611=CARTESIAN_POINT('Ctrl Pts',(58.5314285583697,15.0259468730408,0.663976366314435));
#2612=CARTESIAN_POINT('Ctrl Pts',(57.841363141563,14.9119782272778,0.898485289358959));
#2613=CARTESIAN_POINT('Ctrl Pts',(56.5697913840041,14.4199095940458,1.36000825472012));
#2614=CARTESIAN_POINT('Ctrl Pts',(55.9935814588842,14.0509466359618,1.58423820378986));
#2615=CARTESIAN_POINT('Ctrl Pts',(55.0719846449969,13.1496667065416,1.96909174044518));
#2616=CARTESIAN_POINT('Ctrl Pts',(54.7140649831262,12.6445691503693,2.13152033976469));
#2617=CARTESIAN_POINT('Ctrl Pts',(54.1924534219172,11.5047413588788,2.39753125439553));
#2618=CARTESIAN_POINT('Ctrl Pts',(54.0383737093467,10.8789887737688,2.49700002542835));
#2619=CARTESIAN_POINT('Ctrl Pts',(54.0043705287733,10.1567692993335,2.56009769269903));
#2620=CARTESIAN_POINT('Ctrl Pts',(54.0025281969849,10.0783655792658,2.5662850691483));
#2621=CARTESIAN_POINT('Ctrl Pts',(54.0025281969849,10.,2.57180995466265));
#2622=CARTESIAN_POINT('Origin',(127.5,3.45126646034193E-31,-15.));
#2623=CARTESIAN_POINT('',(135.,-9.55,-15.));
#2624=CARTESIAN_POINT('Origin',(135.,3.45126646034193E-31,-15.));
#2625=CARTESIAN_POINT('',(110.,-9.55,-15.));
#2626=CARTESIAN_POINT('',(127.5,-9.55,-15.));
#2627=CARTESIAN_POINT('',(95.,-8.35930131242175,-10.3821453500414));
#2628=CARTESIAN_POINT('Ctrl Pts',(95.,-8.35930131242175,-10.3821453500414));
#2629=CARTESIAN_POINT('Ctrl Pts',(99.8259445537897,-9.21583019544283,-11.9326452160408));
#2630=CARTESIAN_POINT('Ctrl Pts',(105.025759264153,-9.55,-13.5378700025734));
#2631=CARTESIAN_POINT('Ctrl Pts',(110.,-9.55,-15.));
#2632=CARTESIAN_POINT('Origin',(95.,3.45126646034193E-31,-15.));
#2633=CARTESIAN_POINT('',(95.,8.35930131242175,-10.3821453500414));
#2634=CARTESIAN_POINT('Origin',(95.,3.45126646034193E-31,-15.));
#2635=CARTESIAN_POINT('',(110.,9.55,-15.));
#2636=CARTESIAN_POINT('Ctrl Pts',(110.,9.55,-15.));
#2637=CARTESIAN_POINT('Ctrl Pts',(105.025759264153,9.55,-13.5378700025734));
#2638=CARTESIAN_POINT('Ctrl Pts',(99.8259445537897,9.21583019544283,-11.9326452160408));
#2639=CARTESIAN_POINT('Ctrl Pts',(95.,8.35930131242175,-10.3821453500414));
#2640=CARTESIAN_POINT('Origin',(110.,3.45126646034193E-31,-15.));
#2641=CARTESIAN_POINT('Origin',(95.,3.45126646034193E-31,-15.));
#2642=CARTESIAN_POINT('Ctrl Pts',(95.,8.35930131242175,-10.3821453500414));
#2643=CARTESIAN_POINT('Ctrl Pts',(95.,7.38115630065998,-10.3401124437152));
#2644=CARTESIAN_POINT('Ctrl Pts',(95.,6.41120992912202,-10.3053819702527));
#2645=CARTESIAN_POINT('Ctrl Pts',(95.,5.44663090996207,-10.2779331170368));
#2646=CARTESIAN_POINT('Origin',(95.,3.45126646034193E-31,-15.));
#2647=CARTESIAN_POINT('Ctrl Pts',(95.,-5.44663090996208,-10.2779331170368));
#2648=CARTESIAN_POINT('Ctrl Pts',(95.,-6.41120930927574,-10.3053819526138));
#2649=CARTESIAN_POINT('Ctrl Pts',(95.,-7.38115546948722,-10.340112407998));
#2650=CARTESIAN_POINT('Ctrl Pts',(95.,-8.35930131242175,-10.3821453500414));
#2651=CARTESIAN_POINT('Ctrl Pts',(110.,-15.6592613906679,-15.));
#2652=CARTESIAN_POINT('Ctrl Pts',(84.3654424932388,-21.7967525030149,-8.33333333333333));
#2653=CARTESIAN_POINT('Ctrl Pts',(58.7308849864776,-27.9342436153619,-1.66666666666667));
#2654=CARTESIAN_POINT('Ctrl Pts',(33.0963274797164,-34.0717347277089,5.));
#2655=CARTESIAN_POINT('Ctrl Pts',(110.,-13.7950636060646,-15.));
#2656=CARTESIAN_POINT('Ctrl Pts',(85.446596816728,-19.5038360284755,-8.33333333333333));
#2657=CARTESIAN_POINT('Ctrl Pts',(60.8943293659552,-25.211250128861,-1.66666666666667));
#2658=CARTESIAN_POINT('Ctrl Pts',(36.3409261826833,-30.9200225512719,5.));
#2659=CARTESIAN_POINT('Ctrl Pts',(110.,-10.8123471506993,-15.));
#2660=CARTESIAN_POINT('Ctrl Pts',(86.9364177626533,-15.5849760913069,-8.33333333333334));
#2661=CARTESIAN_POINT('Ctrl Pts',(63.8707848588913,-20.3579841584126,-1.66666666666666));
#2662=CARTESIAN_POINT('Ctrl Pts',(40.8072026215446,-25.1306130990202,5.));
#2663=CARTESIAN_POINT('Ctrl Pts',(110.,-6.3382724676513,-15.));
#2664=CARTESIAN_POINT('Ctrl Pts',(88.442620951824,-9.29873041164287,-8.33333333333334));
#2665=CARTESIAN_POINT('Ctrl Pts',(66.8866777259391,-12.2583540224442,-1.66666666666667));
#2666=CARTESIAN_POINT('Ctrl Pts',(45.329298677763,-15.2188119664358,5.));
#2667=CARTESIAN_POINT('Ctrl Pts',(110.,-0.745679113841333,-15.));
#2668=CARTESIAN_POINT('Ctrl Pts',(89.4811618365984,-1.13563161216295,-8.33333333333333));
#2669=CARTESIAN_POINT('Ctrl Pts',(68.9594021631332,-1.52721718575429,-1.66666666666667));
#2670=CARTESIAN_POINT('Ctrl Pts',(48.4405639997315,-1.9171696840759,5.));
#2671=CARTESIAN_POINT('Ctrl Pts',(110.,6.71111202457195,-15.));
#2672=CARTESIAN_POINT('Ctrl Pts',(88.774111650166,9.98425033996033,-8.33333333333334));
#2673=CARTESIAN_POINT('Ctrl Pts',(67.5494517854007,13.259215627111,-1.66666666666666));
#2674=CARTESIAN_POINT('Ctrl Pts',(46.3235634355667,16.5323539424994,5.));
#2675=CARTESIAN_POINT('Ctrl Pts',(110.,12.6765449353026,-15.));
#2676=CARTESIAN_POINT('Ctrl Pts',(86.0971824873843,18.129571271408,-8.33333333333333));
#2677=CARTESIAN_POINT('Ctrl Pts',(62.190502917079,23.5759689093042,-1.66666666666667));
#2678=CARTESIAN_POINT('Ctrl Pts',(38.2876854044634,29.0289952454097,5.));
#2679=CARTESIAN_POINT('Ctrl Pts',(110.,15.6592613906679,-15.));
#2680=CARTESIAN_POINT('Ctrl Pts',(84.3654424932388,21.7967525030149,-8.33333333333333));
#2681=CARTESIAN_POINT('Ctrl Pts',(58.7308849864776,27.9342436153619,-1.66666666666667));
#2682=CARTESIAN_POINT('Ctrl Pts',(33.0963274797164,34.0717347277089,5.));
#2683=CARTESIAN_POINT('',(110.,-15.5,-15.));
#2684=CARTESIAN_POINT('Ctrl Pts',(110.,-15.5,-15.));
#2685=CARTESIAN_POINT('Ctrl Pts',(110.,-13.6888893456193,-15.));
#2686=CARTESIAN_POINT('Ctrl Pts',(110.,-11.705556012286,-15.));
#2687=CARTESIAN_POINT('Ctrl Pts',(110.,-9.72222267895265,-15.));
#2688=CARTESIAN_POINT('Ctrl Pts',(110.,-9.55,-15.));
#2689=CARTESIAN_POINT('',(110.,-15.6592613906619,-15.));
#2690=CARTESIAN_POINT('',(110.,-2.22044604925031E-15,-15.));
#2691=CARTESIAN_POINT('',(34.1468534631659,-33.0188188547846,5.));
#2692=CARTESIAN_POINT('Ctrl Pts',(34.1467995483029,-33.0187556308425,4.99985259836771));
#2693=CARTESIAN_POINT('Ctrl Pts',(42.7277631655499,-31.0343953502086,2.72104397433402));
#2694=CARTESIAN_POINT('Ctrl Pts',(59.8314975964058,-27.0976561656644,-1.81901220877682));
#2695=CARTESIAN_POINT('Ctrl Pts',(81.2149081092675,-22.2360078491831,-7.47335312419722));
#2696=CARTESIAN_POINT('Ctrl Pts',(97.9238237180084,-18.4476629171582,-11.8556159393759));
#2697=CARTESIAN_POINT('Ctrl Pts',(106.097355935523,-16.5739097991134,-13.9849649642308));
#2698=CARTESIAN_POINT('Ctrl Pts',(110.000014197019,-15.6593126075833,-14.9999915635092));
#2699=CARTESIAN_POINT('',(34.1468534631659,33.0188188547846,5.));
#2700=CARTESIAN_POINT('Origin',(0.,0.,5.));
#2701=CARTESIAN_POINT('',(110.,15.6592613906619,-15.));
#2702=CARTESIAN_POINT('Ctrl Pts',(110.000014086194,15.6593122083153,-14.9999916297918));
#2703=CARTESIAN_POINT('Ctrl Pts',(106.09612758302,16.5741960257841,-13.9846458529816));
#2704=CARTESIAN_POINT('Ctrl Pts',(97.9215694126985,18.4481758375821,-11.8550273840315));
#2705=CARTESIAN_POINT('Ctrl Pts',(81.2120403348727,22.2366575890194,-7.47259633979438));
#2706=CARTESIAN_POINT('Ctrl Pts',(59.8298607944516,27.0980324258543,-1.81857767418088));
#2707=CARTESIAN_POINT('Ctrl Pts',(42.7271496037372,31.0345373055425,2.72120698079371));
#2708=CARTESIAN_POINT('Ctrl Pts',(34.146799562854,33.0187556589239,4.99985262684269));
#2709=CARTESIAN_POINT('',(110.,15.5,-15.));
#2710=CARTESIAN_POINT('',(110.,-2.22044604925031E-15,-15.));
#2711=CARTESIAN_POINT('Ctrl Pts',(110.,9.55,-15.));
#2712=CARTESIAN_POINT('Ctrl Pts',(110.,11.5333333333333,-15.));
#2713=CARTESIAN_POINT('Ctrl Pts',(110.,13.5166666666667,-15.));
#2714=CARTESIAN_POINT('Ctrl Pts',(110.,15.5,-15.));
#2715=CARTESIAN_POINT('Ctrl Pts',(135.,-8.52981354141695,-2.05811911086105));
#2716=CARTESIAN_POINT('Ctrl Pts',(135.,-7.07732551116778,-1.10080446894042));
#2717=CARTESIAN_POINT('Ctrl Pts',(135.,-4.67141600903398,-0.0471849564080391));
#2718=CARTESIAN_POINT('Ctrl Pts',(135.,-0.428712524522286,0.659329087036));
#2719=CARTESIAN_POINT('Ctrl Pts',(135.,3.87588729710696,0.299192087237863));
#2720=CARTESIAN_POINT('Ctrl Pts',(135.,7.06675289066485,-1.09383620773043));
#2721=CARTESIAN_POINT('Ctrl Pts',(135.,8.52981350570285,-2.05811908732238));
#2722=CARTESIAN_POINT('Ctrl Pts',(133.02444402288,-10.2522963255339,-0.876399616520964));
#2723=CARTESIAN_POINT('Ctrl Pts',(133.012699422886,-8.56733945693622,0.368739446646099));
#2724=CARTESIAN_POINT('Ctrl Pts',(132.99856131375,-5.69475504737459,1.76877452109529));
#2725=CARTESIAN_POINT('Ctrl Pts',(132.988754144377,-0.527760497860902,2.71637619790494));
#2726=CARTESIAN_POINT('Ctrl Pts',(132.993852766058,4.74394151708584,2.23063327818683));
#2727=CARTESIAN_POINT('Ctrl Pts',(133.012613934322,8.55507470127229,0.377802772529327));
#2728=CARTESIAN_POINT('Ctrl Pts',(133.024444022592,10.2522962841134,-0.87639958591033));
#2729=CARTESIAN_POINT('Ctrl Pts',(128.755916116072,-12.8071829657289,0.496281591635566));
#2730=CARTESIAN_POINT('Ctrl Pts',(128.728366073056,-10.8003806555072,2.20129668450668));
#2731=CARTESIAN_POINT('Ctrl Pts',(128.696216654757,-7.24065328043696,4.16353662199046));
#2732=CARTESIAN_POINT('Ctrl Pts',(128.67419548936,-0.679950887306053,5.50470263764926));
#2733=CARTESIAN_POINT('Ctrl Pts',(128.685563821931,6.0621622320604,4.8132088233804));
#2734=CARTESIAN_POINT('Ctrl Pts',(128.728165537193,10.7857731940894,2.21370743328499));
#2735=CARTESIAN_POINT('Ctrl Pts',(128.755916115394,12.8071829163823,0.496281633560477));
#2736=CARTESIAN_POINT('Ctrl Pts',(123.821053771929,-14.1148912503043,0.417779458885937));
#2737=CARTESIAN_POINT('Ctrl Pts',(123.782006422849,-11.9916870489709,2.42940327963735));
#2738=CARTESIAN_POINT('Ctrl Pts',(123.737928704581,-8.0980733551127,4.78575140341433));
#2739=CARTESIAN_POINT('Ctrl Pts',(123.708103168128,-0.768197426515019,6.4088459668834));
#2740=CARTESIAN_POINT('Ctrl Pts',(123.723389512524,6.80791211824808,5.56818116485883));
#2741=CARTESIAN_POINT('Ctrl Pts',(123.781722198489,11.9762322999031,2.44404582374663));
#2742=CARTESIAN_POINT('Ctrl Pts',(123.821053770969,14.1148911981004,0.417779508346381));
#2743=CARTESIAN_POINT('Ctrl Pts',(121.706460787372,-14.4151787825419,0.121000244349825));
#2744=CARTESIAN_POINT('Ctrl Pts',(121.662477424935,-12.2830516437865,2.228217326644));
#2745=CARTESIAN_POINT('Ctrl Pts',(121.613277319147,-8.31874693814897,4.71314030635884));
#2746=CARTESIAN_POINT('Ctrl Pts',(121.580098689698,-0.79240790122436,6.42989684409289));
#2747=CARTESIAN_POINT('Ctrl Pts',(121.597068762413,7.00488143939012,5.53918088563965));
#2748=CARTESIAN_POINT('Ctrl Pts',(121.662157271503,12.267531944321,2.2435556911798));
#2749=CARTESIAN_POINT('Ctrl Pts',(121.706460786291,14.4151787301167,0.121000296162479));
#2750=CARTESIAN_POINT('',(135.,8.52981350570282,-2.05811908732236));
#2751=CARTESIAN_POINT('',(121.706460785721,14.4151787301226,0.121000296156647));
#2752=CARTESIAN_POINT('Origin',(121.706460786291,1.05932368244846,-13.3927384887066));
#2753=CARTESIAN_POINT('',(121.58757429987,6.37684349769074E-14,6.04240597883551));
#2754=CARTESIAN_POINT('Ctrl Pts',(121.706460786291,14.4151787301167,0.121000296162479));
#2755=CARTESIAN_POINT('Ctrl Pts',(121.662157271503,12.267531944321,2.2435556911798));
#2756=CARTESIAN_POINT('Ctrl Pts',(121.605155246284,7.65870404219171,5.12973810761718));
#2757=CARTESIAN_POINT('Ctrl Pts',(121.587661138556,2.30195270563871,6.03482623767575));
#2758=CARTESIAN_POINT('Ctrl Pts',(121.587638416033,-5.61348929195571E-6,
6.03741504309978));
#2759=CARTESIAN_POINT('',(121.70646078788,-14.4151787824698,0.121000244421128));
#2760=CARTESIAN_POINT('Ctrl Pts',(121.587638416033,-5.6124340034225E-6,
6.03741504309859));
#2761=CARTESIAN_POINT('Ctrl Pts',(121.587630903274,-0.761103141534059,6.03827098105581));
#2762=CARTESIAN_POINT('Ctrl Pts',(121.588441454758,-1.5225882325901,5.99695742853623));
#2763=CARTESIAN_POINT('Ctrl Pts',(121.590077662399,-2.27961235502996,5.91271403680026));
#2764=CARTESIAN_POINT('Ctrl Pts',(121.593370141478,-3.80294351599421,5.74319422899927));
#2765=CARTESIAN_POINT('Ctrl Pts',(121.600005867368,-5.30821132337913,5.39984292145246));
#2766=CARTESIAN_POINT('Ctrl Pts',(121.609896363048,-6.75220149559547,4.89483949645294));
#2767=CARTESIAN_POINT('Ctrl Pts',(121.62967735441,-9.64018183999798,3.88483264646444));
#2768=CARTESIAN_POINT('Ctrl Pts',(121.662477424934,-12.2830516437313,2.2282173266786));
#2769=CARTESIAN_POINT('Ctrl Pts',(121.706460787371,-14.4151787824751,0.121000244415843));
#2770=CARTESIAN_POINT('',(135.,-8.52981354137142,-2.05811911083104));
#2771=CARTESIAN_POINT('Origin',(121.706460787371,-1.05932368629611,-13.3927384925093));
#2772=CARTESIAN_POINT('Origin',(135.,-1.23259516440783E-31,-15.));
#2773=CARTESIAN_POINT('Ctrl Pts',(135.,8.52981350570282,-2.05811908732236));
#2774=CARTESIAN_POINT('Ctrl Pts',(135.,9.08958717875671,-2.42705812089628));
#2775=CARTESIAN_POINT('Ctrl Pts',(135.,10.7161578190534,-3.65905662302097));
#2776=CARTESIAN_POINT('Ctrl Pts',(135.,13.0268371135216,-6.24621131911528));
#2777=CARTESIAN_POINT('Ctrl Pts',(135.,14.9706769498877,-10.2055108552631));
#2778=CARTESIAN_POINT('Ctrl Pts',(135.,15.5,-13.3269248330531));
#2779=CARTESIAN_POINT('Ctrl Pts',(135.,15.5,-15.));
#2780=CARTESIAN_POINT('Ctrl Pts',(133.024444022592,10.2522962841133,-0.876399585910294));
#2781=CARTESIAN_POINT('Ctrl Pts',(133.028970268392,10.9016610128526,-1.35626313614235));
#2782=CARTESIAN_POINT('Ctrl Pts',(133.043641215095,12.7641539900434,-2.94794655468004));
#2783=CARTESIAN_POINT('Ctrl Pts',(133.071261181356,15.2741787862575,-6.21739769591557));
#2784=CARTESIAN_POINT('Ctrl Pts',(133.102918170325,17.1182888104402,-11.0052027151866));
#2785=CARTESIAN_POINT('Ctrl Pts',(133.116887184823,17.3738378162331,-14.5804970780166));
#2786=CARTESIAN_POINT('Ctrl Pts',(133.120622320355,17.1998128965682,-16.4358585412678));
#2787=CARTESIAN_POINT('Ctrl Pts',(128.75590655261,12.8071656904904,0.496261487878874));
#2788=CARTESIAN_POINT('Ctrl Pts',(128.766524050566,13.5805662819384,-0.160833466512166));
#2789=CARTESIAN_POINT('Ctrl Pts',(128.801329186304,15.7598217497657,-2.32602362513488));
#2790=CARTESIAN_POINT('Ctrl Pts',(128.869619787225,18.4727711544248,-6.66153741822696));
#2791=CARTESIAN_POINT('Ctrl Pts',(128.957989038207,20.0122850572407,-12.680408495972));
#2792=CARTESIAN_POINT('Ctrl Pts',(129.010724433572,19.7593126228207,-16.8693685063561));
#2793=CARTESIAN_POINT('Ctrl Pts',(129.033137103421,19.2865711958548,-18.9467180760006));
#2794=CARTESIAN_POINT('Ctrl Pts',(123.821053770969,14.1148911981003,0.417779508346436));
#2795=CARTESIAN_POINT('Ctrl Pts',(123.836102210226,14.9331518597218,-0.357479237804564));
#2796=CARTESIAN_POINT('Ctrl Pts',(123.885957260321,17.2020465009788,-2.8979352071612));
#2797=CARTESIAN_POINT('Ctrl Pts',(123.987712915472,19.8192098849293,-7.88531724192356));
#2798=CARTESIAN_POINT('Ctrl Pts',(124.133208104876,20.8777714030016,-14.5298750770105));
#2799=CARTESIAN_POINT('Ctrl Pts',(124.236751989877,20.1578711994589,-18.9063368475532));
#2800=CARTESIAN_POINT('Ctrl Pts',(124.288214776278,19.4528135583341,-21.0038966152107));
#2801=CARTESIAN_POINT('Ctrl Pts',(121.706460786291,14.4151787301167,0.121000296162534));
#2802=CARTESIAN_POINT('Ctrl Pts',(121.723411513382,15.2368781985808,-0.691099091598325));
#2803=CARTESIAN_POINT('Ctrl Pts',(121.779726027018,17.4999605297672,-3.346964792275));
#2804=CARTESIAN_POINT('Ctrl Pts',(121.895839273035,20.0230738484597,-8.52127012509039));
#2805=CARTESIAN_POINT('Ctrl Pts',(122.065822190273,20.8553549894504,-15.306515919193));
#2806=CARTESIAN_POINT('Ctrl Pts',(122.191125573265,19.9554938100204,-19.6813517360874));
#2807=CARTESIAN_POINT('Ctrl Pts',(122.255023596413,19.1690533881388,-21.7504657488342));
#2808=CARTESIAN_POINT('',(135.,15.5,-15.));
#2809=CARTESIAN_POINT('Ctrl Pts',(135.,15.5,-14.9999999998763));
#2810=CARTESIAN_POINT('Ctrl Pts',(133.728563911079,16.6499569695307,-13.4811168526041));
#2811=CARTESIAN_POINT('Ctrl Pts',(132.377966485576,17.3743514223318,-11.7435203783461));
#2812=CARTESIAN_POINT('Ctrl Pts',(129.526408503379,17.9770925149894,-8.14464235281042));
#2813=CARTESIAN_POINT('Ctrl Pts',(128.050091226176,17.8374918398601,-6.31578832315041));
#2814=CARTESIAN_POINT('Ctrl Pts',(124.945120053316,16.7415264857764,-2.82341421107072));
#2815=CARTESIAN_POINT('Ctrl Pts',(123.340869625607,15.7521471311007,-1.20552397839856));
#2816=CARTESIAN_POINT('Ctrl Pts',(121.719543674516,14.4258965014106,0.110397322061076));
#2817=CARTESIAN_POINT('Ctrl Pts',(121.713002304897,14.4205403095743,0.115701357119604));
#2818=CARTESIAN_POINT('Ctrl Pts',(121.706460786291,14.4151787301167,0.121000296162517));
#2819=CARTESIAN_POINT('Origin',(135.,-1.23259516440783E-31,-15.));
#2820=CARTESIAN_POINT('Ctrl Pts',(135.,-15.5,-15.0000000000001));
#2821=CARTESIAN_POINT('Ctrl Pts',(135.,-15.5,-13.3423786278638));
#2822=CARTESIAN_POINT('Ctrl Pts',(135.,-15.1008892182501,-10.9809108417329));
#2823=CARTESIAN_POINT('Ctrl Pts',(135.,-13.7273336626109,-7.55111849516446));
#2824=CARTESIAN_POINT('Ctrl Pts',(135.,-11.7352775337522,-4.58945076264668));
#2825=CARTESIAN_POINT('Ctrl Pts',(135.,-9.64845673968133,-2.79540127117702));
#2826=CARTESIAN_POINT('Ctrl Pts',(135.,-8.52981354137141,-2.05811911083103));
#2827=CARTESIAN_POINT('Ctrl Pts',(133.120622320355,-17.1998128965682,-16.4358585412679));
#2828=CARTESIAN_POINT('Ctrl Pts',(133.116921685376,-17.3722303897089,-14.59763460771));
#2829=CARTESIAN_POINT('Ctrl Pts',(133.106386038269,-17.179824333331,-11.8933248063917));
#2830=CARTESIAN_POINT('Ctrl Pts',(133.082348216528,-15.9538953630512,-7.80723314339808));
#2831=CARTESIAN_POINT('Ctrl Pts',(133.05446354858,-13.9054442552632,-4.14295506120526));
#2832=CARTESIAN_POINT('Ctrl Pts',(133.033489203719,-11.5499769268009,-1.83535164565126));
#2833=CARTESIAN_POINT('Ctrl Pts',(133.02444402288,-10.2522963254811,-0.876399616481932));
#2834=CARTESIAN_POINT('Ctrl Pts',(129.033137103421,-19.2865711958547,-18.9467180760007));
#2835=CARTESIAN_POINT('Ctrl Pts',(129.010931454038,-19.7549460234264,-16.888556487048));
#2836=CARTESIAN_POINT('Ctrl Pts',(128.97108885163,-19.9460677152313,-13.7201759046022));
#2837=CARTESIAN_POINT('Ctrl Pts',(128.899751832099,-19.069301647531,-8.67926775871392));
#2838=CARTESIAN_POINT('Ctrl Pts',(128.827237231842,-17.0524894901854,-3.94085309927037));
#2839=CARTESIAN_POINT('Ctrl Pts',(128.777124399899,-14.3527177222577,-0.816867128494853));
#2840=CARTESIAN_POINT('Ctrl Pts',(128.755906553286,-12.807165739774,0.496261446007416));
#2841=CARTESIAN_POINT('Ctrl Pts',(124.288214776278,-19.4528135583341,-21.0038966152108));
#2842=CARTESIAN_POINT('Ctrl Pts',(124.237227339315,-20.151358750807,-18.9257115050062));
#2843=CARTESIAN_POINT('Ctrl Pts',(124.158933431225,-20.6946152748673,-15.6156063733322));
#2844=CARTESIAN_POINT('Ctrl Pts',(124.036323866992,-20.2632269251902,-10.1281768817274));
#2845=CARTESIAN_POINT('Ctrl Pts',(123.923388158758,-18.5065201846599,-4.78209778428889));
#2846=CARTESIAN_POINT('Ctrl Pts',(123.851126344335,-15.7500909138402,-1.13148584153038));
#2847=CARTESIAN_POINT('Ctrl Pts',(123.821053771928,-14.1148912502378,0.417779458949));
#2848=CARTESIAN_POINT('Ctrl Pts',(122.255023596413,-19.1690533881388,-21.7504657488343));
#2849=CARTESIAN_POINT('Ctrl Pts',(122.191715784008,-19.9482296481043,-19.7004636469117));
#2850=CARTESIAN_POINT('Ctrl Pts',(122.096954504247,-20.6271731118111,-16.3914631285702));
#2851=CARTESIAN_POINT('Ctrl Pts',(121.952372495824,-20.3928753296602,-10.8176443010654));
#2852=CARTESIAN_POINT('Ctrl Pts',(121.822102003541,-18.7833239168733,-5.3123521924767));
#2853=CARTESIAN_POINT('Ctrl Pts',(121.740334862892,-16.0572505049509,-1.50188683442008));
#2854=CARTESIAN_POINT('Ctrl Pts',(121.706460787371,-14.415178782475,0.121000244415888));
#2855=CARTESIAN_POINT('',(135.,-15.5,-15.));
#2856=CARTESIAN_POINT('Ctrl Pts',(121.706460787371,-14.415178782475,0.121000244415892));
#2857=CARTESIAN_POINT('Ctrl Pts',(121.713002171048,-14.4205402513265,0.115701414648889));
#2858=CARTESIAN_POINT('Ctrl Pts',(121.719543795115,-14.4258966000533,0.110397224171447));
#2859=CARTESIAN_POINT('Ctrl Pts',(123.128573247713,-15.5784879097942,-1.03321727591083));
#2860=CARTESIAN_POINT('Ctrl Pts',(124.524594650821,-16.4768420716755,-2.40450040109948));
#2861=CARTESIAN_POINT('Ctrl Pts',(127.249047788428,-17.6244605326089,-5.38204222713635));
#2862=CARTESIAN_POINT('Ctrl Pts',(128.561059571887,-17.8902160308342,-6.95883413005784));
#2863=CARTESIAN_POINT('Ctrl Pts',(131.325266497504,-17.740358159108,-10.3969618663772));
#2864=CARTESIAN_POINT('Ctrl Pts',(132.743679827866,-17.218576792213,-12.2341484012901));
#2865=CARTESIAN_POINT('Ctrl Pts',(134.39881663976,-16.0163400225168,-14.274894209178));
#2866=CARTESIAN_POINT('Ctrl Pts',(134.701877358135,-15.769638570727,-14.6438566903585));
#2867=CARTESIAN_POINT('Ctrl Pts',(135.,-15.5,-14.9999999998763));
#2868=CARTESIAN_POINT('Origin',(135.,-1.23259516440783E-31,-15.));
#2869=CARTESIAN_POINT('Origin',(110.,6.33137173972821,-8.05836792773755));
#2870=CARTESIAN_POINT('',(113.027938893642,15.5000262557348,-15.));
#2871=CARTESIAN_POINT('',(110.,15.5,-15.));
#2872=CARTESIAN_POINT('',(117.047916044247,17.5738447919125,-10.4784505029629));
#2873=CARTESIAN_POINT('Ctrl Pts',(113.027929376616,15.4999999999064,-15.));
#2874=CARTESIAN_POINT('Ctrl Pts',(113.877451006323,15.4999999999064,-15.));
#2875=CARTESIAN_POINT('Ctrl Pts',(114.78648911806,15.527798955942,-14.964532350138));
#2876=CARTESIAN_POINT('Ctrl Pts',(116.253589577516,15.6715615886231,-14.7681889040267));
#2877=CARTESIAN_POINT('Ctrl Pts',(116.928026475064,15.7728517019978,-14.6304607887303));
#2878=CARTESIAN_POINT('Ctrl Pts',(117.800323217,16.0187870732833,-14.257452428384));
#2879=CARTESIAN_POINT('Ctrl Pts',(118.092730031108,16.1272767173143,-14.0880290891462));
#2880=CARTESIAN_POINT('Ctrl Pts',(118.472295031541,16.3450830284485,-13.7157197907669));
#2881=CARTESIAN_POINT('Ctrl Pts',(118.591940721304,16.4404141418172,-13.5451580972574));
#2882=CARTESIAN_POINT('Ctrl Pts',(118.732659660784,16.6299928300045,-13.1794932083324));
#2883=CARTESIAN_POINT('Ctrl Pts',(118.759544009688,16.7180844052963,-12.9988153931343));
#2884=CARTESIAN_POINT('Ctrl Pts',(118.73991681457,16.8996884046361,-12.5988308837204));
#2885=CARTESIAN_POINT('Ctrl Pts',(118.682487331335,16.9879690466112,-12.3867038271508));
#2886=CARTESIAN_POINT('Ctrl Pts',(118.46455905857,17.1805047531207,-11.885624713361));
#2887=CARTESIAN_POINT('Ctrl Pts',(118.268565970913,17.2738897067047,-11.6052845381886));
#2888=CARTESIAN_POINT('Ctrl Pts',(117.75689757935,17.4466528995077,-11.0275348503652));
#2889=CARTESIAN_POINT('Ctrl Pts',(117.410477781942,17.5187491492513,-10.7343968430807));
#2890=CARTESIAN_POINT('Ctrl Pts',(117.047916044247,17.5738447919125,-10.4784505029629));
#2891=CARTESIAN_POINT('',(110.,14.4151787577741,0.121000268828271));
#2892=CARTESIAN_POINT('Ctrl Pts',(110.,14.4151787577741,0.121000268828272));
#2893=CARTESIAN_POINT('Ctrl Pts',(110.,14.6818422960629,-0.142547786531442));
#2894=CARTESIAN_POINT('Ctrl Pts',(110.020225386079,14.9360714865014,-0.419621316575081));
#2895=CARTESIAN_POINT('Ctrl Pts',(110.179337777347,15.8885062881895,-1.56583358355846));
#2896=CARTESIAN_POINT('Ctrl Pts',(110.466989452054,16.4512835502763,-2.49840206813746));
#2897=CARTESIAN_POINT('Ctrl Pts',(111.382929893589,17.3318463442086,-4.51096099701993));
#2898=CARTESIAN_POINT('Ctrl Pts',(112.074564246578,17.6404580813709,-5.65906560218748));
#2899=CARTESIAN_POINT('Ctrl Pts',(114.083369655242,17.8997087097258,-8.08519264402784));
#2900=CARTESIAN_POINT('Ctrl Pts',(115.300808087906,17.8172804311109,-9.19383376505282));
#2901=CARTESIAN_POINT('Ctrl Pts',(116.752511365542,17.6177222714652,-10.2675049877778));
#2902=CARTESIAN_POINT('Ctrl Pts',(116.899547110346,17.596391246528,-10.3737111395081));
#2903=CARTESIAN_POINT('Ctrl Pts',(117.047916044247,17.5738447919125,-10.4784505029629));
#2904=CARTESIAN_POINT('',(110.,14.4151787577741,0.121000268828271));
#2905=CARTESIAN_POINT('Ctrl Pts',(113.296064540921,-19.0516542872634,-10.3834985617187));
#2906=CARTESIAN_POINT('Ctrl Pts',(109.00815001258,-20.2199769570477,-9.46462553960625));
#2907=CARTESIAN_POINT('Ctrl Pts',(100.450065445017,-22.4280441447203,-7.50520301550077));
#2908=CARTESIAN_POINT('Ctrl Pts',(83.3735048835677,-26.6815443149213,-3.36261082622635));
#2909=CARTESIAN_POINT('Ctrl Pts',(57.8043237497191,-32.9128333331767,3.09896047616786));
#2910=CARTESIAN_POINT('Ctrl Pts',(36.5189657636924,-38.0556963276676,8.59732870659686));
#2911=CARTESIAN_POINT('Ctrl Pts',(23.75,-41.1362066797609,11.9081607973148));
#2912=CARTESIAN_POINT('Ctrl Pts',(113.179381040903,-19.2787604941165,-11.058674217147));
#2913=CARTESIAN_POINT('Ctrl Pts',(108.881114793704,-20.4108864975676,-10.1399455388261));
#2914=CARTESIAN_POINT('Ctrl Pts',(100.310620802852,-22.5743131685604,-8.18178436541244));
#2915=CARTESIAN_POINT('Ctrl Pts',(83.2182445642423,-26.7788833555093,-4.04899258902683));
#2916=CARTESIAN_POINT('Ctrl Pts',(57.6347088758427,-32.9760455973139,2.39278385963685));
#2917=CARTESIAN_POINT('Ctrl Pts',(36.3420240777495,-38.1055155800946,7.87654493856443));
#2918=CARTESIAN_POINT('Ctrl Pts',(23.5694071115332,-41.1797746767883,11.1795227667757));
#2919=CARTESIAN_POINT('Ctrl Pts',(112.824998258342,-19.3629894653945,-12.5048918149747));
#2920=CARTESIAN_POINT('Ctrl Pts',(108.514462780694,-20.4262700524832,-11.5653316609005));
#2921=CARTESIAN_POINT('Ctrl Pts',(99.9275820461583,-22.5016636583534,-9.5856588094353));
#2922=CARTESIAN_POINT('Ctrl Pts',(82.809945334625,-26.5990990948417,-5.44582789176699));
#2923=CARTESIAN_POINT('Ctrl Pts',(57.1980742865953,-32.7054207188542,0.975638087245778));
#2924=CARTESIAN_POINT('Ctrl Pts',(35.889166606865,-37.7909249862196,6.43904225178025));
#2925=CARTESIAN_POINT('Ctrl Pts',(23.1081404366943,-40.8431202474718,9.73047643716112));
#2926=CARTESIAN_POINT('Ctrl Pts',(111.952398976329,-18.1887883472606,-14.6869356574877));
#2927=CARTESIAN_POINT('Ctrl Pts',(107.651059146514,-19.1779613756423,-13.6657544895599));
#2928=CARTESIAN_POINT('Ctrl Pts',(99.0692879580713,-21.1421938130172,-11.5846884370689));
#2929=CARTESIAN_POINT('Ctrl Pts',(81.9427331983648,-25.0690205333955,-7.33704228447438));
#2930=CARTESIAN_POINT('Ctrl Pts',(56.3056960965004,-30.9851315596433,-0.841268904125255));
#2931=CARTESIAN_POINT('Ctrl Pts',(34.9787673386526,-35.9601872446777,4.65299719459388));
#2932=CARTESIAN_POINT('Ctrl Pts',(22.1884958359625,-38.9557489103382,7.96013475076558));
#2933=CARTESIAN_POINT('Ctrl Pts',(111.332862937246,-16.4567845135121,-15.3395268019308));
#2934=CARTESIAN_POINT('Ctrl Pts',(107.057419648534,-17.4464361680942,-14.2557029324253));
#2935=CARTESIAN_POINT('Ctrl Pts',(98.50487004698,-19.3937244360415,-12.0805104091357));
#2936=CARTESIAN_POINT('Ctrl Pts',(81.4091163303507,-23.2617645223925,-7.68969836771653));
#2937=CARTESIAN_POINT('Ctrl Pts',(55.7950618308536,-29.0854567595361,-1.0345374761656));
#2938=CARTESIAN_POINT('Ctrl Pts',(34.4811009594148,-34.003803954582,4.55692481496668));
#2939=CARTESIAN_POINT('Ctrl Pts',(21.6973461265865,-36.9699753781477,7.91406765513977));
#2940=CARTESIAN_POINT('Ctrl Pts',(111.075740000788,-15.4066965344947,-15.279731246208));
#2941=CARTESIAN_POINT('Ctrl Pts',(106.815426973655,-16.4092548159856,-14.1720074532492));
#2942=CARTESIAN_POINT('Ctrl Pts',(98.2829210492005,-18.3662462300086,-11.9497967299408));
#2943=CARTESIAN_POINT('Ctrl Pts',(81.2149081092675,-22.2360078491831,-7.47335312419722));
#2944=CARTESIAN_POINT('Ctrl Pts',(55.6304735990347,-28.0527844990064,-0.708150035471455));
#2945=CARTESIAN_POINT('Ctrl Pts',(34.3343129798605,-32.9692016178323,4.95006874541802));
#2946=CARTESIAN_POINT('Ctrl Pts',(21.560276174029,-35.9357446907428,8.34277003583145));
#2947=CARTESIAN_POINT('',(23.7500000005192,-41.1362066797948,11.9081607970974));
#2948=CARTESIAN_POINT('Ctrl Pts',(23.75,-41.1362066797609,11.9081607973148));
#2949=CARTESIAN_POINT('Ctrl Pts',(23.75,-41.1362066797609,11.7407346406543));
#2950=CARTESIAN_POINT('Ctrl Pts',(23.7802326343678,-41.1187750837664,11.575756122464));
#2951=CARTESIAN_POINT('Ctrl Pts',(23.9075040126692,-41.0449700627305,11.160832520623));
#2952=CARTESIAN_POINT('Ctrl Pts',(24.0373720314666,-40.9692708671522,10.9140991678883));
#2953=CARTESIAN_POINT('Ctrl Pts',(24.4936239153199,-40.6994775622514,10.2007516674714));
#2954=CARTESIAN_POINT('Ctrl Pts',(24.9361427429942,-40.4310872548125,9.73055372931536));
#2955=CARTESIAN_POINT('Ctrl Pts',(26.1639866990269,-39.6564353082774,8.57315445651792));
#2956=CARTESIAN_POINT('Ctrl Pts',(27.2482723715304,-38.9348613894512,7.76700122627161));
#2957=CARTESIAN_POINT('Ctrl Pts',(29.4707938638334,-37.2751837180029,6.41992589540459));
#2958=CARTESIAN_POINT('Ctrl Pts',(30.5685862396659,-36.3840271069924,5.87348303408658));
#2959=CARTESIAN_POINT('Ctrl Pts',(32.5681401061173,-34.6002886099306,5.16835501316196));
#2960=CARTESIAN_POINT('Ctrl Pts',(33.413880068173,-33.77683310179,5.00000000000001));
#2961=CARTESIAN_POINT('Ctrl Pts',(34.1468534631658,-33.0188188547846,5.00000000000001));
#2962=CARTESIAN_POINT('',(110.355300036088,-16.4402441026804,-15.));
#2963=CARTESIAN_POINT('Ctrl Pts',(110.000017483756,-15.6593118373287,-14.9999924183434));
#2964=CARTESIAN_POINT('Ctrl Pts',(110.000016781256,-15.7741675559515,-14.9999831659085));
#2965=CARTESIAN_POINT('Ctrl Pts',(110.018563963737,-15.8854353639231,-14.9997032351597));
#2966=CARTESIAN_POINT('Ctrl Pts',(110.056574949295,-15.9925987587697,-14.9992935461938));
#2967=CARTESIAN_POINT('Ctrl Pts',(110.062770919882,-16.0100668994314,-14.9992267649529));
#2968=CARTESIAN_POINT('Ctrl Pts',(110.069484049814,-16.0274258897367,-14.9991564743923));
#2969=CARTESIAN_POINT('Ctrl Pts',(110.076718300419,-16.0446733810474,-14.9990832133487));
#2970=CARTESIAN_POINT('Ctrl Pts',(110.10908883086,-16.1218493696886,-14.998755397937));
#2971=CARTESIAN_POINT('Ctrl Pts',(110.150663621225,-16.1938700032439,-14.9983820088569));
#2972=CARTESIAN_POINT('Ctrl Pts',(110.19944808449,-16.2610474859507,-14.9980122008319));
#2973=CARTESIAN_POINT('Ctrl Pts',(110.231241154992,-16.3048273761228,-14.9977711951546));
#2974=CARTESIAN_POINT('Ctrl Pts',(110.266096637124,-16.3465511697523,-14.9975311042586));
#2975=CARTESIAN_POINT('Ctrl Pts',(110.303465919066,-16.3863145194145,-14.9972989650353));
#2976=CARTESIAN_POINT('Ctrl Pts',(110.320421976833,-16.4043568691428,-14.9971936334401));
#2977=CARTESIAN_POINT('Ctrl Pts',(110.337889352439,-16.421987598552,-14.99709018897));
#2978=CARTESIAN_POINT('Ctrl Pts',(110.355812886338,-16.4392156237023,-14.9969887187672));
#2979=CARTESIAN_POINT('',(111.719628364605,-19.5987141531316,-10.8033150047214));
#2980=CARTESIAN_POINT('Ctrl Pts',(110.355300036088,-16.4402441026804,-15.));
#2981=CARTESIAN_POINT('Ctrl Pts',(110.708624117352,-16.7809116255789,-15.));
#2982=CARTESIAN_POINT('Ctrl Pts',(111.029663011498,-17.1437594266516,-14.9178535654318));
#2983=CARTESIAN_POINT('Ctrl Pts',(111.621027732724,-17.8403715782221,-14.5736277417902));
#2984=CARTESIAN_POINT('Ctrl Pts',(111.884651685616,-18.1649790872651,-14.3177080758297));
#2985=CARTESIAN_POINT('Ctrl Pts',(112.341818138388,-18.7195257453989,-13.650490235951));
#2986=CARTESIAN_POINT('Ctrl Pts',(112.510030253531,-18.9176182976463,-13.2710309273866));
#2987=CARTESIAN_POINT('Ctrl Pts',(112.695091402887,-19.1698666193942,-12.5877977519126));
#2988=CARTESIAN_POINT('Ctrl Pts',(112.730134997677,-19.2420542057071,-12.2768189725395));
#2989=CARTESIAN_POINT('Ctrl Pts',(112.678870402216,-19.3304410158558,-11.814974800905));
#2990=CARTESIAN_POINT('Ctrl Pts',(112.629115310316,-19.3588075108096,-11.6386247405406));
#2991=CARTESIAN_POINT('Ctrl Pts',(112.475302626423,-19.4105933827092,-11.3640440073666));
#2992=CARTESIAN_POINT('Ctrl Pts',(112.396325612726,-19.431858128656,-11.2649735517164));
#2993=CARTESIAN_POINT('Ctrl Pts',(112.153364238492,-19.4935304956363,-11.0334876863993));
#2994=CARTESIAN_POINT('Ctrl Pts',(111.960444780972,-19.5393758786758,-10.9114558545132));
#2995=CARTESIAN_POINT('Ctrl Pts',(111.719628364605,-19.5987141531316,-10.8033150047214));
#2996=CARTESIAN_POINT('',(110.,-19.9374148055184,-9.66498474836723));
#2997=CARTESIAN_POINT('Ctrl Pts',(111.719628364605,-19.5987141531316,-10.8033150047214));
#2998=CARTESIAN_POINT('Ctrl Pts',(111.642833838033,-19.6176366782783,-10.7688297088759));
#2999=CARTESIAN_POINT('Ctrl Pts',(111.567661132096,-19.6360364415813,-10.7345106924303));
#3000=CARTESIAN_POINT('Ctrl Pts',(111.112593969634,-19.7465793554434,-10.5229448504388));
#3001=CARTESIAN_POINT('Ctrl Pts',(110.68969630404,-19.8456925232852,-10.3094910947741));
#3002=CARTESIAN_POINT('Ctrl Pts',(110.284121863129,-19.9238716687756,-10.0321641799632));
#3003=CARTESIAN_POINT('Ctrl Pts',(110.175416580701,-19.9425712062914,-9.94813809278248));
#3004=CARTESIAN_POINT('Ctrl Pts',(110.071770379711,-19.9518850264263,-9.83231224800515));
#3005=CARTESIAN_POINT('Ctrl Pts',(110.044180237323,-19.9531315814238,-9.79631219749486));
#3006=CARTESIAN_POINT('Ctrl Pts',(110.017384041344,-19.9499813408487,-9.74318889461316));
#3007=CARTESIAN_POINT('Ctrl Pts',(110.010801653464,-19.9484502214881,-9.72698696675457));
#3008=CARTESIAN_POINT('Ctrl Pts',(110.002290802748,-19.9439116759743,-9.69540295532062));
#3009=CARTESIAN_POINT('Ctrl Pts',(110.,-19.9410803891981,-9.68021148851935));
#3010=CARTESIAN_POINT('Ctrl Pts',(110.,-19.9374148055184,-9.6649847483672));
#3011=CARTESIAN_POINT('Ctrl Pts',(110.000122566585,-19.9382202196439,-9.66539801131123));
#3012=CARTESIAN_POINT('Ctrl Pts',(106.814607480949,-20.7846797842178,-8.9604889513489));
#3013=CARTESIAN_POINT('Ctrl Pts',(99.3556699159709,-22.7006406990625,-7.23971428583001));
#3014=CARTESIAN_POINT('Ctrl Pts',(83.3735048835677,-26.6815443149213,-3.36261082622635));
#3015=CARTESIAN_POINT('Ctrl Pts',(57.8043237497191,-32.9128333331767,3.09896047616786));
#3016=CARTESIAN_POINT('Ctrl Pts',(36.5189657636924,-38.0556963276676,8.59732870659686));
#3017=CARTESIAN_POINT('Ctrl Pts',(23.7500000005042,-41.1362066796392,11.908160797184));
#3018=CARTESIAN_POINT('Ctrl Pts',(110.,-18.624423262239,-5.88160581961869));
#3019=CARTESIAN_POINT('Ctrl Pts',(81.25,-26.1283510680796,4.41226278692087));
#3020=CARTESIAN_POINT('Ctrl Pts',(52.5,-33.6322788739202,14.7061313934604));
#3021=CARTESIAN_POINT('Ctrl Pts',(23.75,-41.1362066797608,25.));
#3022=CARTESIAN_POINT('Ctrl Pts',(110.,-19.4820607080777,-7.74261502094615));
#3023=CARTESIAN_POINT('Ctrl Pts',(81.25,-26.699952686737,1.71689175468561));
#3024=CARTESIAN_POINT('Ctrl Pts',(52.5,-33.9183147011015,11.1765468232341));
#3025=CARTESIAN_POINT('Ctrl Pts',(23.75,-41.1362066797608,20.6360535988659));
#3026=CARTESIAN_POINT('Ctrl Pts',(110.,-20.0585765591407,-9.73287544337751));
#3027=CARTESIAN_POINT('Ctrl Pts',(81.25,-27.0842944248389,-1.06458986151555));
#3028=CARTESIAN_POINT('Ctrl Pts',(52.5,-34.1104888140627,7.60382161586975));
#3029=CARTESIAN_POINT('Ctrl Pts',(23.75,-41.1362066797608,16.2721071977317));
#3030=CARTESIAN_POINT('Ctrl Pts',(110.,-20.3284120012792,-11.7641523989147));
#3031=CARTESIAN_POINT('Ctrl Pts',(81.25,-27.2643435607731,-3.87338133374392));
#3032=CARTESIAN_POINT('Ctrl Pts',(52.5,-34.200275120267,4.01738973142682));
#3033=CARTESIAN_POINT('Ctrl Pts',(23.75,-41.1362066797608,11.9081607965976));
#3034=CARTESIAN_POINT('',(110.,-18.624423262239,-5.88160581961869));
#3035=CARTESIAN_POINT('Origin',(110.,-4.44089209850063E-15,-14.4645847675214));
#3036=CARTESIAN_POINT('',(23.75,-41.1362066797608,25.));
#3037=CARTESIAN_POINT('',(110.,-18.624423262239,-5.88160581961869));
#3038=CARTESIAN_POINT('',(23.75,-41.1362066797608,0.));
#3039=CARTESIAN_POINT('Ctrl Pts',(117.409516829154,18.1001960587052,-12.9089788619996));
#3040=CARTESIAN_POINT('Ctrl Pts',(83.2638544395169,27.0929721484075,-0.272652574666425));
#3041=CARTESIAN_POINT('Ctrl Pts',(49.11819204988,36.0857482381098,12.3636737126668));
#3042=CARTESIAN_POINT('Ctrl Pts',(14.9725296602432,45.078524327812,25.));
#3043=CARTESIAN_POINT('Ctrl Pts',(116.991039593307,17.6392882553793,-10.1100099829765));
#3044=CARTESIAN_POINT('Ctrl Pts',(84.7741592001499,26.19188120107,1.59322055319315));
#3045=CARTESIAN_POINT('Ctrl Pts',(52.5564041549351,34.7433202702931,13.2967694638304));
#3046=CARTESIAN_POINT('Ctrl Pts',(20.339523761778,43.2959132159837,25.));
#3047=CARTESIAN_POINT('Ctrl Pts',(116.204210353559,15.7685901337092,-4.74783205338747));
#3048=CARTESIAN_POINT('Ctrl Pts',(87.6122745786516,23.1105936457672,5.168535932281));
#3049=CARTESIAN_POINT('Ctrl Pts',(59.0225888190126,30.4532552608288,15.0836320143315));
#3050=CARTESIAN_POINT('Ctrl Pts',(30.4306530441048,37.7952587728869,25.));
#3051=CARTESIAN_POINT('Ctrl Pts',(115.323885714756,10.5427638038583,1.38562173263701));
#3052=CARTESIAN_POINT('Ctrl Pts',(90.7903812812953,15.2850996400073,9.2566042649113));
#3053=CARTESIAN_POINT('Ctrl Pts',(66.2543705146867,20.0267525252247,17.1290174677257));
#3054=CARTESIAN_POINT('Ctrl Pts',(41.7208660812264,24.7690883613737,25.));
#3055=CARTESIAN_POINT('Ctrl Pts',(114.853573128824,3.70371082268195,4.70333132127863));
#3056=CARTESIAN_POINT('Ctrl Pts',(92.4856425161241,5.34227093944127,11.4694579399669));
#3057=CARTESIAN_POINT('Ctrl Pts',(70.1205820775827,6.98107111807842,18.2338733813118));
#3058=CARTESIAN_POINT('Ctrl Pts',(47.752651464883,8.61963123483774,25.));
#3059=CARTESIAN_POINT('Ctrl Pts',(114.853950155047,-3.70340474460766,4.7002037952669));
#3060=CARTESIAN_POINT('Ctrl Pts',(92.4860893868526,-5.34196732045751,11.4662931721979));
#3061=CARTESIAN_POINT('Ctrl Pts',(70.1156768505407,-6.98058335882498,18.233910623069));
#3062=CARTESIAN_POINT('Ctrl Pts',(47.7478160823458,-8.61914593467483,25.));
#3063=CARTESIAN_POINT('Ctrl Pts',(115.323536951068,-10.5441749020412,1.38845641739695));
#3064=CARTESIAN_POINT('Ctrl Pts',(90.7899382381594,-15.286531685565,9.25949482007261));
#3065=CARTESIAN_POINT('Ctrl Pts',(66.258937708054,-20.0289900424638,17.1289615973243));
#3066=CARTESIAN_POINT('Ctrl Pts',(41.7253389951451,-24.7713468259877,25.));
#3067=CARTESIAN_POINT('Ctrl Pts',(116.204430792637,-15.767603152832,-4.74960862173495));
#3068=CARTESIAN_POINT('Ctrl Pts',(87.6126803024224,-23.1095910264267,5.16664560311581));
#3069=CARTESIAN_POINT('Ctrl Pts',(59.0195763907458,-30.4516865210126,15.0837457751492));
#3070=CARTESIAN_POINT('Ctrl Pts',(30.4278259005314,-37.7936743946073,25.));
#3071=CARTESIAN_POINT('Ctrl Pts',(116.991039593307,-17.6392882553787,-10.110009982974));
#3072=CARTESIAN_POINT('Ctrl Pts',(84.7740562033377,-26.1918944937084,1.59328458700637));
#3073=CARTESIAN_POINT('Ctrl Pts',(52.5565071517517,-34.7433069776518,13.2967054300196));
#3074=CARTESIAN_POINT('Ctrl Pts',(20.3395237617827,-43.2959132159815,25.));
#3075=CARTESIAN_POINT('Ctrl Pts',(117.409516829153,-18.1001960587048,-12.9089788619971));
#3076=CARTESIAN_POINT('Ctrl Pts',(83.2638544395183,-27.0929721484067,-0.272652574664765));
#3077=CARTESIAN_POINT('Ctrl Pts',(49.1181920498832,-36.0857482381085,12.3636737126676));
#3078=CARTESIAN_POINT('Ctrl Pts',(14.9725296602481,-45.0785243278104,25.));
#3079=CARTESIAN_POINT('',(117.047916044247,-17.5738447919125,-10.4784505029629));
#3080=CARTESIAN_POINT('Ctrl Pts',(117.047950097876,-17.5739301519729,-10.478448361041));
#3081=CARTESIAN_POINT('Ctrl Pts',(115.28970128251,-18.2777441986805,-10.5731558642791));
#3082=CARTESIAN_POINT('Ctrl Pts',(113.515080937595,-18.956880973018,-10.6805834343143));
#3083=CARTESIAN_POINT('Ctrl Pts',(111.719629502541,-19.5987173092648,-10.803315146393));
#3084=CARTESIAN_POINT('',(110.,-14.4151787577741,0.12100026882828));
#3085=CARTESIAN_POINT('Ctrl Pts',(117.047916044247,-17.5738447919125,-10.4784505029629));
#3086=CARTESIAN_POINT('Ctrl Pts',(116.256491965349,-17.6941112561061,-9.91975366483891));
#3087=CARTESIAN_POINT('Ctrl Pts',(115.495597613915,-17.7814293550881,-9.3137390542873));
#3088=CARTESIAN_POINT('Ctrl Pts',(113.508361831021,-17.8771413114527,-7.48387767998746));
#3089=CARTESIAN_POINT('Ctrl Pts',(112.577072134754,-17.7551824270931,-6.32616044345083));
#3090=CARTESIAN_POINT('Ctrl Pts',(111.252778923233,-17.2336189004581,-4.26251209944801));
#3091=CARTESIAN_POINT('Ctrl Pts',(110.762015412251,-16.8418934351944,-3.25505685488168));
#3092=CARTESIAN_POINT('Ctrl Pts',(110.151262282835,-15.7709186320747,-1.41546052034875));
#3093=CARTESIAN_POINT('Ctrl Pts',(110.,-15.1479643156419,-0.603224010242733));
#3094=CARTESIAN_POINT('Ctrl Pts',(110.,-14.4151787577741,0.121000268828275));
#3095=CARTESIAN_POINT('Origin',(110.,-4.44089209850063E-15,-14.4645847675214));
#3096=CARTESIAN_POINT('',(111.719628364605,19.5987141531316,-10.8033150047214));
#3097=CARTESIAN_POINT('Ctrl Pts',(111.719629505513,19.5987173176602,-10.8033151459721));
#3098=CARTESIAN_POINT('Ctrl Pts',(113.515081359873,18.9568809612328,-10.6805834022611));
#3099=CARTESIAN_POINT('Ctrl Pts',(115.289701821315,18.2777455392471,-10.5731557982461));
#3100=CARTESIAN_POINT('Ctrl Pts',(117.047950490445,17.573931138956,-10.4784483140159));
#3101=CARTESIAN_POINT('',(110.,19.9374148055184,-9.66498474836723));
#3102=CARTESIAN_POINT('Ctrl Pts',(110.,19.9374148055185,-9.66498474836719));
#3103=CARTESIAN_POINT('Ctrl Pts',(110.,19.9422842611897,-9.68521234175169));
#3104=CARTESIAN_POINT('Ctrl Pts',(110.004043146703,19.9456685908631,-9.70532472135595));
#3105=CARTESIAN_POINT('Ctrl Pts',(110.021050835295,19.9514208264597,-9.75465143047482));
#3106=CARTESIAN_POINT('Ctrl Pts',(110.037652739972,19.9523488015163,-9.78331068528615));
#3107=CARTESIAN_POINT('Ctrl Pts',(110.094247020683,19.9512353697569,-9.86315096171491));
#3108=CARTESIAN_POINT('Ctrl Pts',(110.148063483247,19.944697361253,-9.91619415204095));
#3109=CARTESIAN_POINT('Ctrl Pts',(110.367742978619,19.9111682634528,-10.1037932221774));
#3110=CARTESIAN_POINT('Ctrl Pts',(110.604832876419,19.8608505331617,-10.2464053360681));
#3111=CARTESIAN_POINT('Ctrl Pts',(111.082912779408,19.7533151714891,-10.5068979334929));
#3112=CARTESIAN_POINT('Ctrl Pts',(111.387801190336,19.6804778976292,-10.6543049282873));
#3113=CARTESIAN_POINT('Ctrl Pts',(111.719628364605,19.5987141531316,-10.8033150047214));
#3114=CARTESIAN_POINT('',(110.,18.6244232622389,-5.88160581961861));
#3115=CARTESIAN_POINT('Origin',(110.,-4.44089209850063E-15,-14.4645847675214));
#3116=CARTESIAN_POINT('',(23.75,41.1362066797608,25.));
#3117=CARTESIAN_POINT('',(110.,18.6244232622389,-5.88160581961861));
#3118=CARTESIAN_POINT('Origin',(4.44089209850063E-15,0.,25.));
#3119=CARTESIAN_POINT('Ctrl Pts',(110.355300036088,-16.4402441026804,-15.));
#3120=CARTESIAN_POINT('Ctrl Pts',(112.790256308339,-15.6107777210004,-15.));
#3121=CARTESIAN_POINT('Ctrl Pts',(115.201539441658,-14.7124511993306,-15.));
#3122=CARTESIAN_POINT('Ctrl Pts',(117.595278431456,-13.7704708457365,-15.));
#3123=CARTESIAN_POINT('Ctrl Pts',(110.54512175896,-16.9974789767207,-15.));
#3124=CARTESIAN_POINT('Ctrl Pts',(112.996058787914,-16.1802604359527,-15.0000583641841));
#3125=CARTESIAN_POINT('Ctrl Pts',(115.421119365093,-15.2916330279795,-14.9999585028994));
#3126=CARTESIAN_POINT('Ctrl Pts',(117.826498998017,-14.3580432757865,-15.));
#3127=CARTESIAN_POINT('Ctrl Pts',(110.923249269789,-18.1074985923916,-14.6958963399027));
#3128=CARTESIAN_POINT('Ctrl Pts',(113.40593811325,-17.3143844439425,-14.6784039436825));
#3129=CARTESIAN_POINT('Ctrl Pts',(115.858156080318,-16.4444326565673,-14.6630333893823));
#3130=CARTESIAN_POINT('Ctrl Pts',(118.28662364233,-15.5273015273589,-14.6494561355855));
#3131=CARTESIAN_POINT('Ctrl Pts',(111.423867450809,-19.5770980925041,-13.2362594174591));
#3132=CARTESIAN_POINT('Ctrl Pts',(113.939434827756,-18.7893452524729,-13.1415057413508));
#3133=CARTESIAN_POINT('Ctrl Pts',(116.418296282053,-17.9208714342424,-13.0585132341011));
#3134=CARTESIAN_POINT('Ctrl Pts',(118.867343974552,-17.003014790489,-12.9864686720955));
#3135=CARTESIAN_POINT('Ctrl Pts',(111.517684793734,-19.8525054298551,-11.6872325845898));
#3136=CARTESIAN_POINT('Ctrl Pts',(114.022276779688,-19.0150810808386,-11.5312750624147));
#3137=CARTESIAN_POINT('Ctrl Pts',(116.486048350151,-18.0981827480565,-11.3990115292177));
#3138=CARTESIAN_POINT('Ctrl Pts',(118.920699767596,-17.1386013148299,-11.2854303737234));
#3139=CARTESIAN_POINT('Ctrl Pts',(111.462445901628,-19.6903478189192,-10.8209905257598));
#3140=CARTESIAN_POINT('Ctrl Pts',(113.948092053323,-18.8077319617086,-10.6492400246098));
#3141=CARTESIAN_POINT('Ctrl Pts',(116.393495107461,-17.8526330184837,-10.5069920638504));
#3142=CARTESIAN_POINT('Ctrl Pts',(118.810448482633,-16.8584332641015,-10.3874129923965));
#3143=CARTESIAN_POINT('',(113.027938940036,-15.5000261306842,-15.));
#3144=CARTESIAN_POINT('Ctrl Pts',(110.355300036088,-16.4402441026804,-15.));
#3145=CARTESIAN_POINT('Ctrl Pts',(111.249272689855,-16.1357128587762,-15.));
#3146=CARTESIAN_POINT('Ctrl Pts',(112.140054379051,-15.8218997757507,-15.));
#3147=CARTESIAN_POINT('Ctrl Pts',(113.027948414912,-15.5000522613683,-15.));
#3148=CARTESIAN_POINT('Ctrl Pts',(117.047916044247,-17.5738447919125,-10.4784505029629));
#3149=CARTESIAN_POINT('Ctrl Pts',(117.613387029616,-17.4879146340773,-10.8776383214789));
#3150=CARTESIAN_POINT('Ctrl Pts',(118.033372343019,-17.3757485676507,-11.2913812312701));
#3151=CARTESIAN_POINT('Ctrl Pts',(118.514501053157,-17.146982859936,-11.9777622445075));
#3152=CARTESIAN_POINT('Ctrl Pts',(118.644795552323,-17.0420708340213,-12.2552366392908));
#3153=CARTESIAN_POINT('Ctrl Pts',(118.757045685334,-16.8435622677672,-12.7267701895921));
#3154=CARTESIAN_POINT('Ctrl Pts',(118.767382936778,-16.7489961566898,-12.9342280062644));
#3155=CARTESIAN_POINT('Ctrl Pts',(118.691678072111,-16.5569055409369,-13.3245137388589));
#3156=CARTESIAN_POINT('Ctrl Pts',(118.614604532068,-16.4654903710456,-13.4973098363348));
#3157=CARTESIAN_POINT('Ctrl Pts',(118.370148256275,-16.2759628744723,-13.8375482405662));
#3158=CARTESIAN_POINT('Ctrl Pts',(118.19656938353,-16.1842120308357,-13.9908721739147));
#3159=CARTESIAN_POINT('Ctrl Pts',(117.691001505288,-15.9771107262832,-14.3247715488053));
#3160=CARTESIAN_POINT('Ctrl Pts',(117.320227796061,-15.8773732019713,-14.4725378055742));
#3161=CARTESIAN_POINT('Ctrl Pts',(115.805705018286,-15.5684677984198,-14.9209710526563));
#3162=CARTESIAN_POINT('Ctrl Pts',(114.32191038695,-15.5000000027849,-14.9999999961979));
#3163=CARTESIAN_POINT('Ctrl Pts',(113.02792946516,-15.4999999999064,-15.));
#3164=CARTESIAN_POINT('Ctrl Pts',(111.071443509636,15.4077075967216,-15.2786141153531));
#3165=CARTESIAN_POINT('Ctrl Pts',(106.81133042383,16.410199646627,-14.1709415367837));
#3166=CARTESIAN_POINT('Ctrl Pts',(98.2792322960044,18.3670844255944,-11.9488321175982));
#3167=CARTESIAN_POINT('Ctrl Pts',(81.2120403348727,22.2366575890194,-7.47259633979438));
#3168=CARTESIAN_POINT('Ctrl Pts',(55.6288372536325,28.0531619107453,-0.707714982677869));
#3169=CARTESIAN_POINT('Ctrl Pts',(34.3336995272162,32.9693440813088,4.95023167445991));
#3170=CARTESIAN_POINT('Ctrl Pts',(21.560276174029,35.9357446907428,8.34277003583144));
#3171=CARTESIAN_POINT('Ctrl Pts',(111.242848638133,16.1077578397917,-15.3184941488422));
#3172=CARTESIAN_POINT('Ctrl Pts',(106.972640585902,17.1018419998062,-14.22699980117));
#3173=CARTESIAN_POINT('Ctrl Pts',(98.4271849819296,19.0520472160963,-12.0359981121758));
#3174=CARTESIAN_POINT('Ctrl Pts',(81.3414886691291,22.9205407764131,-7.61696838341289));
#3175=CARTESIAN_POINT('Ctrl Pts',(55.7386349878478,28.7416923146068,-0.925103732382125));
#3176=CARTESIAN_POINT('Ctrl Pts',(34.4314560942708,33.6589076428401,4.68790546524924));
#3177=CARTESIAN_POINT('Ctrl Pts',(21.6516561424007,36.6252318156794,8.05696844870366));
#3178=CARTESIAN_POINT('Ctrl Pts',(111.684277476451,17.4984447021249,-15.0097958100828));
#3179=CARTESIAN_POINT('Ctrl Pts',(107.393543664541,18.4859324809066,-13.961651047102));
#3180=CARTESIAN_POINT('Ctrl Pts',(98.8236995125861,20.4404991689056,-11.8410864299582));
#3181=CARTESIAN_POINT('Ctrl Pts',(81.7089253309053,24.3385056571282,-7.53664425264876));
#3182=CARTESIAN_POINT('Ctrl Pts',(56.0800665923735,30.2109068820307,-0.979897919887611));
#3183=CARTESIAN_POINT('Ctrl Pts',(34.7575252498699,35.1578641040937,4.55082881177668));
#3184=CARTESIAN_POINT('Ctrl Pts',(21.9696380032692,38.1392456909469,7.87672388022759));
#3185=CARTESIAN_POINT('Ctrl Pts',(112.590620855722,19.2446947659551,-13.2689782895308));
#3186=CARTESIAN_POINT('Ctrl Pts',(108.278067487889,20.2761123139245,-12.3100583351071));
#3187=CARTESIAN_POINT('Ctrl Pts',(99.6871793839573,22.308081856838,-10.308968559855));
#3188=CARTESIAN_POINT('Ctrl Pts',(82.5604088559836,26.3475076374499,-6.15441897122238));
#3189=CARTESIAN_POINT('Ctrl Pts',(56.9355532816048,32.396764735436,0.265606748746324));
#3190=CARTESIAN_POINT('Ctrl Pts',(35.6183661989895,37.4507949774049,5.72210571725648));
#3191=CARTESIAN_POINT('Ctrl Pts',(22.8332529427909,40.4870082192118,9.00995247296978));
#3192=CARTESIAN_POINT('Ctrl Pts',(113.116699361552,19.3934371774745,-11.3953355246676));
#3193=CARTESIAN_POINT('Ctrl Pts',(108.81326344608,20.507029666635,-10.4770045306602));
#3194=CARTESIAN_POINT('Ctrl Pts',(100.237207193852,22.648343765724,-8.51916418728054));
#3195=CARTESIAN_POINT('Ctrl Pts',(83.1376575089225,26.828041212854,-4.39156053082008));
#3196=CARTESIAN_POINT('Ctrl Pts',(57.5483271243076,33.0083676388069,2.04003625105455));
#3197=CARTESIAN_POINT('Ctrl Pts',(36.2529050311005,38.1302037866936,7.51650994199215));
#3198=CARTESIAN_POINT('Ctrl Pts',(23.4791106672998,41.201558675302,10.8152037515061));
#3199=CARTESIAN_POINT('Ctrl Pts',(113.291740219257,19.0528325061235,-10.3825718644697));
#3200=CARTESIAN_POINT('Ctrl Pts',(109.00403759127,20.2210506105925,-9.46369981785447));
#3201=CARTESIAN_POINT('Ctrl Pts',(100.446372236512,22.4289745327463,-7.50432392904623));
#3202=CARTESIAN_POINT('Ctrl Pts',(83.3706387140927,26.6822445904603,-3.36189188547429));
#3203=CARTESIAN_POINT('Ctrl Pts',(57.8026882474606,32.9132289035579,3.09938283877793));
#3204=CARTESIAN_POINT('Ctrl Pts',(36.5183525545768,38.0558442642401,8.59748770400167));
#3205=CARTESIAN_POINT('Ctrl Pts',(23.75,41.1362066797608,11.9081607973148));
#3206=CARTESIAN_POINT('',(23.7500000005192,41.1362066797948,11.9081607970974));
#3207=CARTESIAN_POINT('Ctrl Pts',(34.1468534631659,33.0188188547846,4.99999999999999));
#3208=CARTESIAN_POINT('Ctrl Pts',(33.3677057224396,33.8245849194566,4.99999999999999));
#3209=CARTESIAN_POINT('Ctrl Pts',(32.4626936618679,34.7023832541745,5.19031598824286));
#3210=CARTESIAN_POINT('Ctrl Pts',(30.3882948526585,36.5349451756533,5.95587054559492));
#3211=CARTESIAN_POINT('Ctrl Pts',(29.2819051181744,37.4237875054303,6.52069602024365));
#3212=CARTESIAN_POINT('Ctrl Pts',(27.0640394203748,39.0625033514377,7.89669948410338));
#3213=CARTESIAN_POINT('Ctrl Pts',(25.9949822219649,39.7666491678059,8.70852594368065));
#3214=CARTESIAN_POINT('Ctrl Pts',(24.8279656666001,40.4971195542363,9.84722592728087));
#3215=CARTESIAN_POINT('Ctrl Pts',(24.427306105909,40.7390140559608,10.2889020476165));
#3216=CARTESIAN_POINT('Ctrl Pts',(24.0270041805517,40.9752434760283,10.9379274584943));
#3217=CARTESIAN_POINT('Ctrl Pts',(23.9221303680777,41.0364309869275,11.1411025319453));
#3218=CARTESIAN_POINT('Ctrl Pts',(23.7892371319022,41.1135878479608,11.5298850739244));
#3219=CARTESIAN_POINT('Ctrl Pts',(23.75,41.1362066797608,11.7174506779718));
#3220=CARTESIAN_POINT('Ctrl Pts',(23.75,41.1362066797608,11.9081607973148));
#3221=CARTESIAN_POINT('Ctrl Pts',(23.7500000005042,41.1362066796392,11.908160797184));
#3222=CARTESIAN_POINT('Ctrl Pts',(36.5183525545768,38.0558442642401,8.59748770400167));
#3223=CARTESIAN_POINT('Ctrl Pts',(57.8026882474606,32.9132289035579,3.09938283877793));
#3224=CARTESIAN_POINT('Ctrl Pts',(83.3706387140927,26.6822445904603,-3.36189188547429));
#3225=CARTESIAN_POINT('Ctrl Pts',(99.3534121814222,22.7012119900999,-7.23918083878875));
#3226=CARTESIAN_POINT('Ctrl Pts',(106.813372963865,20.7850055228817,-8.96021490663508));
#3227=CARTESIAN_POINT('Ctrl Pts',(110.000122252143,19.938218300367,-9.66539712724438));
#3228=CARTESIAN_POINT('',(110.355300036088,16.4402441026804,-15.));
#3229=CARTESIAN_POINT('Ctrl Pts',(111.719628364605,19.5987141531316,-10.8033150047214));
#3230=CARTESIAN_POINT('Ctrl Pts',(111.993485751618,19.5312344312859,-10.9262932094473));
#3231=CARTESIAN_POINT('Ctrl Pts',(112.206509757428,19.4811275098927,-11.0677019312656));
#3232=CARTESIAN_POINT('Ctrl Pts',(112.463653300074,19.4137027342438,-11.3455244696378));
#3233=CARTESIAN_POINT('Ctrl Pts',(112.541770957364,19.3908367632239,-11.4651028882914));
#3234=CARTESIAN_POINT('Ctrl Pts',(112.657442351208,19.342059667843,-11.7395228300545));
#3235=CARTESIAN_POINT('Ctrl Pts',(112.689799961438,19.3172184360846,-11.8868943620026));
#3236=CARTESIAN_POINT('Ctrl Pts',(112.721129411499,19.247951572138,-12.2411825253908));
#3237=CARTESIAN_POINT('Ctrl Pts',(112.704749974331,19.1978150537845,-12.4606420055796));
#3238=CARTESIAN_POINT('Ctrl Pts',(112.600317854853,19.0315858156179,-12.9918969565592));
#3239=CARTESIAN_POINT('Ctrl Pts',(112.487569256296,18.895595197227,-13.3166178680872));
#3240=CARTESIAN_POINT('Ctrl Pts',(112.139909348001,18.4745708661796,-13.9859372894135));
#3241=CARTESIAN_POINT('Ctrl Pts',(111.91050481286,18.1947308081318,-14.2853153778802));
#3242=CARTESIAN_POINT('Ctrl Pts',(111.468845462906,17.6611291439733,-14.6698816101316));
#3243=CARTESIAN_POINT('Ctrl Pts',(111.272895021422,17.4267487730342,-14.7905979685331));
#3244=CARTESIAN_POINT('Ctrl Pts',(110.84066564842,16.9354543325172,-14.958817692428));
#3245=CARTESIAN_POINT('Ctrl Pts',(110.605905300333,16.681872338973,-15.));
#3246=CARTESIAN_POINT('Ctrl Pts',(110.355300036088,16.4402441026804,-15.));
#3247=CARTESIAN_POINT('Ctrl Pts',(110.355268265965,16.4391951554175,-14.9990619605897));
#3248=CARTESIAN_POINT('Ctrl Pts',(110.294847911515,16.3810711885065,-14.9991288771283));
#3249=CARTESIAN_POINT('Ctrl Pts',(110.239362238365,16.3180818868598,-14.9992199524475));
#3250=CARTESIAN_POINT('Ctrl Pts',(110.191091868296,16.2498589440677,-14.9993267832243));
#3251=CARTESIAN_POINT('Ctrl Pts',(110.170072434,16.2201511199627,-14.999373302911));
#3252=CARTESIAN_POINT('Ctrl Pts',(110.150421329701,16.1894514885894,-14.9994225774567));
#3253=CARTESIAN_POINT('Ctrl Pts',(110.132327677374,16.1577324742783,-14.9994729078629));
#3254=CARTESIAN_POINT('Ctrl Pts',(110.088897795804,16.0815978713697,-14.9995937150687));
#3255=CARTESIAN_POINT('Ctrl Pts',(110.055379292038,16.001223399973,-14.9997209551493));
#3256=CARTESIAN_POINT('Ctrl Pts',(110.032943133555,15.9164555805177,-14.9998218443456));
#3257=CARTESIAN_POINT('Ctrl Pts',(110.01066865548,15.8322986185589,-14.9999220065099));
#3258=CARTESIAN_POINT('Ctrl Pts',(110.000016518403,15.7464519301999,-14.9999919200602));
#3259=CARTESIAN_POINT('Ctrl Pts',(110.00001734779,15.6593114439536,-14.9999924780868));
#3260=CARTESIAN_POINT('Ctrl Pts',(110.,20.3284120012791,-11.7641523989146));
#3261=CARTESIAN_POINT('Ctrl Pts',(81.25,27.264343560773,-3.87338133374386));
#3262=CARTESIAN_POINT('Ctrl Pts',(52.5,34.2002751202669,4.01738973142686));
#3263=CARTESIAN_POINT('Ctrl Pts',(23.75,41.1362066797608,11.9081607965976));
#3264=CARTESIAN_POINT('Ctrl Pts',(110.,20.0585765591407,-9.73287544337742));
#3265=CARTESIAN_POINT('Ctrl Pts',(81.25,27.0842944248389,-1.06458986151549));
#3266=CARTESIAN_POINT('Ctrl Pts',(52.5,34.1104888140627,7.60382161586979));
#3267=CARTESIAN_POINT('Ctrl Pts',(23.75,41.1362066797608,16.2721071977317));
#3268=CARTESIAN_POINT('Ctrl Pts',(110.,19.4820607080777,-7.74261502094605));
#3269=CARTESIAN_POINT('Ctrl Pts',(81.25,26.699952686737,1.71689175468568));
#3270=CARTESIAN_POINT('Ctrl Pts',(52.5,33.9183147011015,11.1765468232341));
#3271=CARTESIAN_POINT('Ctrl Pts',(23.75,41.1362066797608,20.6360535988659));
#3272=CARTESIAN_POINT('Ctrl Pts',(110.,18.6244232622389,-5.88160581961859));
#3273=CARTESIAN_POINT('Ctrl Pts',(81.25,26.1283510680795,4.41226278692094));
#3274=CARTESIAN_POINT('Ctrl Pts',(52.5,33.6322788739202,14.7061313934605));
#3275=CARTESIAN_POINT('Ctrl Pts',(23.75,41.1362066797608,25.));
#3276=CARTESIAN_POINT('',(23.75,41.1362066797608,0.));
#3277=CARTESIAN_POINT('Origin',(0.,0.,0.));
#3278=CARTESIAN_POINT('Ctrl Pts',(117.605623023455,13.7663997416614,-15.));
#3279=CARTESIAN_POINT('Ctrl Pts',(115.208486366318,14.7098639061815,-15.));
#3280=CARTESIAN_POINT('Ctrl Pts',(112.793764451721,15.6095826740788,-15.));
#3281=CARTESIAN_POINT('Ctrl Pts',(110.355300036088,16.4402441026804,-15.));
#3282=CARTESIAN_POINT('Ctrl Pts',(117.836893745686,14.3540082029371,-15.));
#3283=CARTESIAN_POINT('Ctrl Pts',(115.428106100511,15.2890740114894,-14.9999584656932));
#3284=CARTESIAN_POINT('Ctrl Pts',(112.99958995544,16.1790830350081,-15.0000584482718));
#3285=CARTESIAN_POINT('Ctrl Pts',(110.54512175896,16.9974789767207,-15.));
#3286=CARTESIAN_POINT('Ctrl Pts',(118.297117599516,15.5233366331971,-14.6493977467956));
#3287=CARTESIAN_POINT('Ctrl Pts',(115.865221563791,16.4419286626603,-14.6629890263039));
#3288=CARTESIAN_POINT('Ctrl Pts',(113.409515029938,17.3132417799943,-14.6783787448175));
#3289=CARTESIAN_POINT('Ctrl Pts',(110.923249272784,18.1074986011816,-14.6958963430649));
#3290=CARTESIAN_POINT('Ctrl Pts',(118.877927486957,16.9990478730834,-12.9861573486513));
#3291=CARTESIAN_POINT('Ctrl Pts',(116.425437857441,17.9183708142281,-13.0582744675614));
#3292=CARTESIAN_POINT('Ctrl Pts',(113.943059116965,18.7882103217162,-13.1413692293405));
#3293=CARTESIAN_POINT('Ctrl Pts',(111.423867456845,19.5770981102241,-13.2362594210346));
#3294=CARTESIAN_POINT('Ctrl Pts',(118.93121973448,17.1344518501326,-11.284940662908));
#3295=CARTESIAN_POINT('Ctrl Pts',(116.493148193247,18.0955458779667,-11.3986299121914));
#3296=CARTESIAN_POINT('Ctrl Pts',(114.025885250156,19.0138745685406,-11.5310503678871));
#3297=CARTESIAN_POINT('Ctrl Pts',(111.517684793734,19.8525054298551,-11.6872325845898));
#3298=CARTESIAN_POINT('Ctrl Pts',(118.82089332807,16.8541365154316,-10.3868963648306));
#3299=CARTESIAN_POINT('Ctrl Pts',(116.400540848778,17.8498837165582,-10.506582215548));
#3300=CARTESIAN_POINT('Ctrl Pts',(113.951673227735,18.8064603401139,-10.6489925764766));
#3301=CARTESIAN_POINT('Ctrl Pts',(111.462445901628,19.6903478189192,-10.8209905257598));
#3302=CARTESIAN_POINT('Ctrl Pts',(113.027948410926,15.5000525114697,-15.));
#3303=CARTESIAN_POINT('Ctrl Pts',(112.140054468429,15.8218998754111,-15.));
#3304=CARTESIAN_POINT('Ctrl Pts',(111.249272808838,16.1357128182447,-15.));
#3305=CARTESIAN_POINT('Ctrl Pts',(110.355300036088,16.4402441026804,-15.));
#3306=CARTESIAN_POINT('Origin',(110.,15.5,-15.));
#3307=CARTESIAN_POINT('',(110.,15.5,-15.));
#3308=CARTESIAN_POINT('Origin',(110.,-6.33137173972822,-8.05836792773755));
#3309=CARTESIAN_POINT('',(110.,-14.4151787577741,0.121000268828277));
#3310=CARTESIAN_POINT('',(110.,-15.5,-15.));
#3311=CARTESIAN_POINT('Origin',(110.,15.5,-15.));
#3312=CARTESIAN_POINT('',(110.,-15.5,-15.));
#3313=CARTESIAN_POINT('Origin',(110.,-4.44089209850063E-15,-14.4645847675214));
#3314=CARTESIAN_POINT('Origin',(110.,0.,-15.));
#3315=CARTESIAN_POINT('',(160.,-10.5,-15.));
#3316=CARTESIAN_POINT('Origin',(160.,-2.46519032881566E-31,-15.));
#3317=CARTESIAN_POINT('',(135.,-10.5,-15.));
#3318=CARTESIAN_POINT('',(110.,-10.5,-15.));
#3319=CARTESIAN_POINT('Origin',(135.,-1.23259516440783E-31,-15.));
#3320=CARTESIAN_POINT('Origin',(135.,-4.44089209850063E-15,-12.2287970105822));
#3321=CARTESIAN_POINT('Origin',(110.,0.,-15.));
#3322=CARTESIAN_POINT('',(160.,-15.5,-15.));
#3323=CARTESIAN_POINT('Origin',(160.,-2.46519032881566E-31,-15.));
#3324=CARTESIAN_POINT('',(110.,-15.5,-15.));
#3325=CARTESIAN_POINT('Origin',(110.,0.,-15.));
#3326=CARTESIAN_POINT('Origin',(160.,-2.46519032881566E-31,-15.));
#3327=CARTESIAN_POINT('Origin',(110.,0.,-15.));
#3328=CARTESIAN_POINT('',(0.,0.,0.));
#3329=CARTESIAN_POINT('Origin',(85.9878570354645,-4.44089209850063E-15,
44.));
#3330=CARTESIAN_POINT('',(90.,2.9837407447914,-5.92807676576396));
#3331=CARTESIAN_POINT('',(90.,-2.98374074479141,-5.92807676576396));
#3332=CARTESIAN_POINT('Ctrl Pts',(90.,2.98374074479139,-5.92807676576396));
#3333=CARTESIAN_POINT('Ctrl Pts',(90.2369793370889,2.66508203367475,-5.82327043578386));
#3334=CARTESIAN_POINT('Ctrl Pts',(90.4417217218225,2.30890219297886,-5.72527865953497));
#3335=CARTESIAN_POINT('Ctrl Pts',(90.8571833650739,1.3165299687835,-5.5204023513771));
#3336=CARTESIAN_POINT('Ctrl Pts',(90.9878570354645,0.641018374082431,-5.45));
#3337=CARTESIAN_POINT('Ctrl Pts',(90.9878570354645,-0.641018374082439,-5.45));
#3338=CARTESIAN_POINT('Ctrl Pts',(90.8571833650739,-1.31652996878351,-5.5204023513771));
#3339=CARTESIAN_POINT('Ctrl Pts',(90.4417217218225,-2.30890219297887,-5.72527865953497));
#3340=CARTESIAN_POINT('Ctrl Pts',(90.2369793370889,-2.66508203367476,-5.82327043578387));
#3341=CARTESIAN_POINT('Ctrl Pts',(90.,-2.98374074479141,-5.92807676576397));
#3342=CARTESIAN_POINT('',(90.,2.9837407447914,-6.88089960846205));
#3343=CARTESIAN_POINT('',(90.,2.9837407447914,44.));
#3344=CARTESIAN_POINT('',(90.,-2.98374074479141,-6.88089960846205));
#3345=CARTESIAN_POINT('Ctrl Pts',(90.,-2.98374074479141,-6.88089960846205));
#3346=CARTESIAN_POINT('Ctrl Pts',(90.2357594314955,-2.66672240261518,-6.76439648634482));
#3347=CARTESIAN_POINT('Ctrl Pts',(90.4399604460829,-2.31211812313029,-6.65576979599897));
#3348=CARTESIAN_POINT('Ctrl Pts',(90.8559224472075,-1.32114150156376,-6.42830269229431));
#3349=CARTESIAN_POINT('Ctrl Pts',(90.9878570354645,-0.644184605614923,-6.35));
#3350=CARTESIAN_POINT('Ctrl Pts',(90.9878570354645,0.644184605614909,-6.35));
#3351=CARTESIAN_POINT('Ctrl Pts',(90.8559224472075,1.32114150156375,-6.42830269229431));
#3352=CARTESIAN_POINT('Ctrl Pts',(90.4399604460829,2.31211812313028,-6.65576979599897));
#3353=CARTESIAN_POINT('Ctrl Pts',(90.2357594314955,2.66672240261517,-6.76439648634481));
#3354=CARTESIAN_POINT('Ctrl Pts',(90.,2.9837407447914,-6.88089960846205));
#3355=CARTESIAN_POINT('',(90.,-2.98374074479141,44.));
#3356=CARTESIAN_POINT('Origin',(90.,0.,-15.));
#3357=CARTESIAN_POINT('',(200.,-8.65,-15.));
#3358=CARTESIAN_POINT('Origin',(200.,-6.16297582203915E-31,-15.));
#3359=CARTESIAN_POINT('',(90.,-8.65,-15.));
#3360=CARTESIAN_POINT('',(90.,-8.65,-15.));
#3361=CARTESIAN_POINT('Origin',(90.,0.,-15.));
#3362=CARTESIAN_POINT('Origin',(90.,0.,-15.));
#3363=CARTESIAN_POINT('Origin',(90.,0.,-15.));
#3364=CARTESIAN_POINT('',(200.,-9.55,-15.));
#3365=CARTESIAN_POINT('Origin',(200.,-6.16297582203915E-31,-15.));
#3366=CARTESIAN_POINT('',(90.,-9.55,-15.));
#3367=CARTESIAN_POINT('',(90.,-9.55,-15.));
#3368=CARTESIAN_POINT('Origin',(90.,0.,-15.));
#3369=CARTESIAN_POINT('Origin',(90.,0.,-15.));
#3370=CARTESIAN_POINT('Origin',(200.,-6.16297582203915E-31,-15.));
#3371=CARTESIAN_POINT('Origin',(90.,0.,-15.));
#3372=CARTESIAN_POINT('',(0.,0.,0.));
#3373=CARTESIAN_POINT('Origin',(235.,-10.5,-15.));
#3374=CARTESIAN_POINT('',(245.5,10.5,-15.));
#3375=CARTESIAN_POINT('',(245.5,-10.5,-15.));
#3376=CARTESIAN_POINT('',(245.5,-10.5,-15.));
#3377=CARTESIAN_POINT('',(224.5,10.5,-15.));
#3378=CARTESIAN_POINT('Origin',(235.,10.5,-15.));
#3379=CARTESIAN_POINT('',(235.,-2.22044604925031E-15,-4.49999999999999));
#3380=CARTESIAN_POINT('Origin',(235.,-2.22044604925031E-15,-15.));
#3381=CARTESIAN_POINT('',(224.5,-10.5,-15.));
#3382=CARTESIAN_POINT('Origin',(235.,-2.22044604925031E-15,-15.));
#3383=CARTESIAN_POINT('Origin',(235.,-10.5,-15.));
#3384=CARTESIAN_POINT('Origin',(235.,-10.5,-15.));
#3385=CARTESIAN_POINT('',(244.6,10.5,-15.));
#3386=CARTESIAN_POINT('Origin',(235.,10.5,-15.));
#3387=CARTESIAN_POINT('',(244.6,-10.5,-15.));
#3388=CARTESIAN_POINT('',(244.6,-10.5,-15.));
#3389=CARTESIAN_POINT('Origin',(235.,-10.5,-15.));
#3390=CARTESIAN_POINT('Origin',(235.,-10.5,-15.));
#3391=CARTESIAN_POINT('',(230.746765936373,-1.66533453693773E-15,-5.4));
#3392=CARTESIAN_POINT('',(224.5,9.6,-15.));
#3393=CARTESIAN_POINT('Ctrl Pts',(230.746765936373,-1.66533453693773E-15,
-5.4));
#3394=CARTESIAN_POINT('Ctrl Pts',(230.746765936373,-0.500815870154181,-5.4));
#3395=CARTESIAN_POINT('Ctrl Pts',(230.656140272847,-0.989869065351515,-5.43914247216889));
#3396=CARTESIAN_POINT('Ctrl Pts',(230.347782245777,-1.93748640519006,-5.58533144950879));
#3397=CARTESIAN_POINT('Ctrl Pts',(230.131892957091,-2.39663942438434,-5.69244199671553));
#3398=CARTESIAN_POINT('Ctrl Pts',(229.394975253537,-3.72397475254662,-6.103365951529));
#3399=CARTESIAN_POINT('Ctrl Pts',(228.791366477275,-4.54456885460171,-6.5022453565027));
#3400=CARTESIAN_POINT('Ctrl Pts',(227.74714502649,-5.88870466750927,-7.37968140171084));
#3401=CARTESIAN_POINT('Ctrl Pts',(227.206351915605,-6.53745363384148,-7.9178248885388));
#3402=CARTESIAN_POINT('Ctrl Pts',(226.217758211053,-7.68928615759198,-9.18877079348352));
#3403=CARTESIAN_POINT('Ctrl Pts',(225.771458051806,-8.19174518119407,-9.9233052035661));
#3404=CARTESIAN_POINT('Ctrl Pts',(225.157399192782,-8.87722241628227,-11.2835403894483));
#3405=CARTESIAN_POINT('Ctrl Pts',(224.910946309008,-9.14902389125374,-11.9923898104821));
#3406=CARTESIAN_POINT('Ctrl Pts',(224.581645709691,-9.51092739784542,-13.4858607616475));
#3407=CARTESIAN_POINT('Ctrl Pts',(224.5,-9.6,-14.2709963179735));
#3408=CARTESIAN_POINT('Ctrl Pts',(224.5,-9.6,-15.7290036820265));
#3409=CARTESIAN_POINT('Ctrl Pts',(224.581645709691,-9.51092739784542,-16.5141392383525));
#3410=CARTESIAN_POINT('Ctrl Pts',(224.910946309008,-9.14902389125374,-18.0076101895179));
#3411=CARTESIAN_POINT('Ctrl Pts',(225.157399192782,-8.87722241628227,-18.7164596105517));
#3412=CARTESIAN_POINT('Ctrl Pts',(225.771458051806,-8.19174518119407,-20.0766947964339));
#3413=CARTESIAN_POINT('Ctrl Pts',(226.217758211053,-7.68928615759198,-20.8112292065165));
#3414=CARTESIAN_POINT('Ctrl Pts',(227.206351915605,-6.53745363384148,-22.0821751114612));
#3415=CARTESIAN_POINT('Ctrl Pts',(227.74714502649,-5.88870466750927,-22.6203185982892));
#3416=CARTESIAN_POINT('Ctrl Pts',(228.791366477275,-4.54456885460171,-23.4977546434973));
#3417=CARTESIAN_POINT('Ctrl Pts',(229.394975253537,-3.72397475254664,-23.896634048471));
#3418=CARTESIAN_POINT('Ctrl Pts',(230.131892957091,-2.39663942438435,-24.3075580032845));
#3419=CARTESIAN_POINT('Ctrl Pts',(230.347782245777,-1.93748640519008,-24.4146685504912));
#3420=CARTESIAN_POINT('Ctrl Pts',(230.656140272847,-0.989869065351519,-24.5608575278311));
#3421=CARTESIAN_POINT('Ctrl Pts',(230.746765936373,-0.50081587015418,-24.6));
#3422=CARTESIAN_POINT('Ctrl Pts',(230.746765936373,0.500815870154179,-24.6));
#3423=CARTESIAN_POINT('Ctrl Pts',(230.656140272847,0.989869065351517,-24.5608575278311));
#3424=CARTESIAN_POINT('Ctrl Pts',(230.347782245777,1.93748640519009,-24.4146685504912));
#3425=CARTESIAN_POINT('Ctrl Pts',(230.131892957091,2.39663942438435,-24.3075580032845));
#3426=CARTESIAN_POINT('Ctrl Pts',(229.394975253537,3.72397475254665,-23.896634048471));
#3427=CARTESIAN_POINT('Ctrl Pts',(228.791366477275,4.54456885460172,-23.4977546434973));
#3428=CARTESIAN_POINT('Ctrl Pts',(227.74714502649,5.88870466750928,-22.6203185982892));
#3429=CARTESIAN_POINT('Ctrl Pts',(227.206351915605,6.53745363384149,-22.0821751114612));
#3430=CARTESIAN_POINT('Ctrl Pts',(226.217758211053,7.68928615759199,-20.8112292065165));
#3431=CARTESIAN_POINT('Ctrl Pts',(225.771458051806,8.19174518119408,-20.0766947964339));
#3432=CARTESIAN_POINT('Ctrl Pts',(225.157399192782,8.87722241628227,-18.7164596105516));
#3433=CARTESIAN_POINT('Ctrl Pts',(224.910946309008,9.14902389125374,-18.0076101895179));
#3434=CARTESIAN_POINT('Ctrl Pts',(224.581645709691,9.51092739784542,-16.5141392383525));
#3435=CARTESIAN_POINT('Ctrl Pts',(224.5,9.6,-15.7290036820265));
#3436=CARTESIAN_POINT('Ctrl Pts',(224.5,9.6,-15.));
#3437=CARTESIAN_POINT('Ctrl Pts',(224.5,9.6,-15.));
#3438=CARTESIAN_POINT('Ctrl Pts',(224.5,9.6,-14.2709963179735));
#3439=CARTESIAN_POINT('Ctrl Pts',(224.581645709691,9.51092739784542,-13.4858607616475));
#3440=CARTESIAN_POINT('Ctrl Pts',(224.910946309008,9.14902389125374,-11.9923898104821));
#3441=CARTESIAN_POINT('Ctrl Pts',(225.157399192782,8.87722241628226,-11.2835403894483));
#3442=CARTESIAN_POINT('Ctrl Pts',(225.771458051806,8.19174518119407,-9.92330520356609));
#3443=CARTESIAN_POINT('Ctrl Pts',(226.217758211053,7.68928615759198,-9.18877079348352));
#3444=CARTESIAN_POINT('Ctrl Pts',(227.206351915605,6.53745363384148,-7.9178248885388));
#3445=CARTESIAN_POINT('Ctrl Pts',(227.74714502649,5.88870466750927,-7.37968140171084));
#3446=CARTESIAN_POINT('Ctrl Pts',(228.791366477275,4.5445688546017,-6.5022453565027));
#3447=CARTESIAN_POINT('Ctrl Pts',(229.394975253537,3.72397475254662,-6.103365951529));
#3448=CARTESIAN_POINT('Ctrl Pts',(230.131892957091,2.39663942438433,-5.69244199671553));
#3449=CARTESIAN_POINT('Ctrl Pts',(230.347782245777,1.93748640519006,-5.58533144950879));
#3450=CARTESIAN_POINT('Ctrl Pts',(230.656140272847,0.989869065351508,-5.43914247216889));
#3451=CARTESIAN_POINT('Ctrl Pts',(230.746765936373,0.500815870154175,-5.4));
#3452=CARTESIAN_POINT('Ctrl Pts',(230.746765936373,-3.53883589099269E-15,
-5.4));
#3453=CARTESIAN_POINT('Origin',(235.,-10.5,-15.));
#3454=CARTESIAN_POINT('Origin',(235.,-10.5,-15.));
#3455=CARTESIAN_POINT('',(235.,-2.22044604925031E-15,-25.5));
#3456=CARTESIAN_POINT('Origin',(235.,-2.22044604925031E-15,-15.));
#3457=CARTESIAN_POINT('Origin',(235.,-2.22044604925031E-15,-15.));
#3458=CARTESIAN_POINT('Origin',(235.,10.5,-15.));
#3459=CARTESIAN_POINT('Origin',(235.,10.5,-15.));
#3460=CARTESIAN_POINT('Origin',(235.,-10.5,-15.));
#3461=CARTESIAN_POINT('Origin',(202.076101869796,0.,-15.));
#3462=CARTESIAN_POINT('',(200.,2.54249150954951E-16,-0.999999999999999));
#3463=CARTESIAN_POINT('Origin',(202.076101869796,0.,-0.999999999999999));
#3464=CARTESIAN_POINT('',(200.,2.23209935185098E-15,-4.5));
#3465=CARTESIAN_POINT('',(200.,-2.54249150954951E-16,-15.));
#3466=CARTESIAN_POINT('',(202.076101869796,2.07610186979601,-4.70729379481618));
#3467=CARTESIAN_POINT('Ctrl Pts',(202.076101869796,2.07610186979601,-4.70729379481618));
#3468=CARTESIAN_POINT('Ctrl Pts',(202.337531151651,2.07610186979601,-4.70729379481618));
#3469=CARTESIAN_POINT('Ctrl Pts',(202.615900168763,2.02371376317401,-4.69630087467887));
#3470=CARTESIAN_POINT('Ctrl Pts',(203.127195804724,1.81162948029392,-4.6569041632747));
#3471=CARTESIAN_POINT('Ctrl Pts',(203.3601837159,1.6519695750295,-4.62910291019553));
#3472=CARTESIAN_POINT('Ctrl Pts',(203.728061607389,1.28409168354062,-4.57715898704809));
#3473=CARTESIAN_POINT('Ctrl Pts',(203.887729218829,1.05109959133588,-4.54959682895913));
#3474=CARTESIAN_POINT('Ctrl Pts',(204.099819094102,0.53978943648442,-4.51075006739178));
#3475=CARTESIAN_POINT('Ctrl Pts',(204.152203739592,0.261415300448687,-4.5));
#3476=CARTESIAN_POINT('Ctrl Pts',(204.152203739592,-0.261415300448687,-4.5));
#3477=CARTESIAN_POINT('Ctrl Pts',(204.099819094102,-0.53978943648442,-4.51075006739178));
#3478=CARTESIAN_POINT('Ctrl Pts',(203.887729218829,-1.05109959133588,-4.54959682895913));
#3479=CARTESIAN_POINT('Ctrl Pts',(203.728061607389,-1.28409168354062,-4.57715898704809));
#3480=CARTESIAN_POINT('Ctrl Pts',(203.3601837159,-1.6519695750295,-4.62910291019553));
#3481=CARTESIAN_POINT('Ctrl Pts',(203.127195804724,-1.8116294802939,-4.65690416327469));
#3482=CARTESIAN_POINT('Ctrl Pts',(202.615900168763,-2.02371376317399,-4.69630087467887));
#3483=CARTESIAN_POINT('Ctrl Pts',(202.337531151651,-2.07610186979601,-4.70729379481618));
#3484=CARTESIAN_POINT('Ctrl Pts',(201.814672587941,-2.07610186979601,-4.70729379481618));
#3485=CARTESIAN_POINT('Ctrl Pts',(201.536303570829,-2.02371376317401,-4.69630087467887));
#3486=CARTESIAN_POINT('Ctrl Pts',(201.025007934868,-1.81162948029392,-4.6569041632747));
#3487=CARTESIAN_POINT('Ctrl Pts',(200.792020023692,-1.6519695750295,-4.62910291019553));
#3488=CARTESIAN_POINT('Ctrl Pts',(200.424142132203,-1.28409168354062,-4.57715898704809));
#3489=CARTESIAN_POINT('Ctrl Pts',(200.264474520763,-1.05109959133588,-4.54959682895913));
#3490=CARTESIAN_POINT('Ctrl Pts',(200.05238464549,-0.53978943648442,-4.51075006739178));
#3491=CARTESIAN_POINT('Ctrl Pts',(200.,-0.261415300448688,-4.5));
#3492=CARTESIAN_POINT('Ctrl Pts',(200.,-5.55111512312578E-16,-4.5));
#3493=CARTESIAN_POINT('Ctrl Pts',(200.,4.71844785465692E-15,-4.5));
#3494=CARTESIAN_POINT('Ctrl Pts',(200.,0.261415300448692,-4.5));
#3495=CARTESIAN_POINT('Ctrl Pts',(200.05238464549,0.53978943648442,-4.51075006739178));
#3496=CARTESIAN_POINT('Ctrl Pts',(200.264474520763,1.05109959133588,-4.54959682895913));
#3497=CARTESIAN_POINT('Ctrl Pts',(200.424142132203,1.28409168354062,-4.57715898704809));
#3498=CARTESIAN_POINT('Ctrl Pts',(200.792020023692,1.6519695750295,-4.62910291019553));
#3499=CARTESIAN_POINT('Ctrl Pts',(201.025007934868,1.81162948029392,-4.6569041632747));
#3500=CARTESIAN_POINT('Ctrl Pts',(201.536303570829,2.02371376317401,-4.69630087467887));
#3501=CARTESIAN_POINT('Ctrl Pts',(201.814672587941,2.07610186979601,-4.70729379481618));
#3502=CARTESIAN_POINT('Ctrl Pts',(202.076101869796,2.07610186979601,-4.70729379481618));
#3503=CARTESIAN_POINT('Origin',(202.076101869796,0.,-15.));
#3504=CARTESIAN_POINT('',(202.076101869796,2.07610186979601,-5.62717753148874));
#3505=CARTESIAN_POINT('',(200.,-2.54249150954951E-16,-5.4));
#3506=CARTESIAN_POINT('Ctrl Pts',(202.076101869796,2.07610186979601,-5.62717753148874));
#3507=CARTESIAN_POINT('Ctrl Pts',(201.814520384712,2.07610186979601,-5.62717753148874));
#3508=CARTESIAN_POINT('Ctrl Pts',(201.536090127149,2.0236550439464,-5.61508992251689));
#3509=CARTESIAN_POINT('Ctrl Pts',(201.024839486425,1.81152976919468,-5.57184659890384));
#3510=CARTESIAN_POINT('Ctrl Pts',(200.791944826713,1.6518943780502,-5.54136044929174));
#3511=CARTESIAN_POINT('Ctrl Pts',(200.424221668766,1.28417122010404,-5.48445923103329));
#3512=CARTESIAN_POINT('Ctrl Pts',(200.264575186965,1.05127057487827,-5.45428725459979));
#3513=CARTESIAN_POINT('Ctrl Pts',(200.052441853087,0.53999900465756,-5.41176748768496));
#3514=CARTESIAN_POINT('Ctrl Pts',(200.,0.261561316089352,-5.4));
#3515=CARTESIAN_POINT('Ctrl Pts',(200.,5.89805981832114E-16,-5.4));
#3516=CARTESIAN_POINT('Ctrl Pts',(200.,-3.67761376907083E-15,-5.4));
#3517=CARTESIAN_POINT('Ctrl Pts',(200.,-0.261561316089355,-5.4));
#3518=CARTESIAN_POINT('Ctrl Pts',(200.052441853087,-0.53999900465756,-5.41176748768496));
#3519=CARTESIAN_POINT('Ctrl Pts',(200.264575186965,-1.05127057487827,-5.45428725459979));
#3520=CARTESIAN_POINT('Ctrl Pts',(200.424221668766,-1.28417122010404,-5.48445923103329));
#3521=CARTESIAN_POINT('Ctrl Pts',(200.791944826713,-1.6518943780502,-5.54136044929174));
#3522=CARTESIAN_POINT('Ctrl Pts',(201.024839486425,-1.81152976919468,-5.57184659890384));
#3523=CARTESIAN_POINT('Ctrl Pts',(201.536090127149,-2.0236550439464,-5.61508992251689));
#3524=CARTESIAN_POINT('Ctrl Pts',(201.814520384712,-2.07610186979601,-5.62717753148874));
#3525=CARTESIAN_POINT('Ctrl Pts',(202.33768335488,-2.07610186979601,-5.62717753148874));
#3526=CARTESIAN_POINT('Ctrl Pts',(202.616113612443,-2.0236550439464,-5.61508992251689));
#3527=CARTESIAN_POINT('Ctrl Pts',(203.127364253167,-1.81152976919468,-5.57184659890384));
#3528=CARTESIAN_POINT('Ctrl Pts',(203.360258912879,-1.6518943780502,-5.54136044929174));
#3529=CARTESIAN_POINT('Ctrl Pts',(203.727982070826,-1.28417122010404,-5.48445923103329));
#3530=CARTESIAN_POINT('Ctrl Pts',(203.887628552627,-1.05127057487827,-5.45428725459979));
#3531=CARTESIAN_POINT('Ctrl Pts',(204.099761886505,-0.53999900465756,-5.41176748768496));
#3532=CARTESIAN_POINT('Ctrl Pts',(204.152203739592,-0.261561316089351,-5.4));
#3533=CARTESIAN_POINT('Ctrl Pts',(204.152203739592,0.261561316089352,-5.4));
#3534=CARTESIAN_POINT('Ctrl Pts',(204.099761886505,0.539999004657561,-5.41176748768496));
#3535=CARTESIAN_POINT('Ctrl Pts',(203.887628552627,1.05127057487827,-5.45428725459979));
#3536=CARTESIAN_POINT('Ctrl Pts',(203.727982070826,1.28417122010404,-5.48445923103329));
#3537=CARTESIAN_POINT('Ctrl Pts',(203.360258912879,1.6518943780502,-5.54136044929174));
#3538=CARTESIAN_POINT('Ctrl Pts',(203.127364253167,1.81152976919467,-5.57184659890384));
#3539=CARTESIAN_POINT('Ctrl Pts',(202.616113612443,2.0236550439464,-5.61508992251689));
#3540=CARTESIAN_POINT('Ctrl Pts',(202.33768335488,2.076101869796,-5.62717753148874));
#3541=CARTESIAN_POINT('Ctrl Pts',(202.076101869796,2.076101869796,-5.62717753148874));
#3542=CARTESIAN_POINT('',(200.,2.54249150954951E-16,-15.));
#3543=CARTESIAN_POINT('',(200.,-2.54249150954951E-16,-15.));
#3544=CARTESIAN_POINT('Origin',(202.076101869796,0.,-15.));
#3545=CARTESIAN_POINT('Origin',(202.076101869796,0.,-15.));
#3546=CARTESIAN_POINT('Origin',(202.076101869796,0.,-0.999999999999999));
#3547=CARTESIAN_POINT('Origin',(235.,-2.14313189850787E-15,-15.));
#3548=CARTESIAN_POINT('',(160.,9.6,-15.));
#3549=CARTESIAN_POINT('',(235.,9.6,-15.));
#3550=CARTESIAN_POINT('Origin',(160.,2.4492935982947E-15,-15.));
#3551=CARTESIAN_POINT('Origin',(235.,-2.14313189850787E-15,-15.));
#3552=CARTESIAN_POINT('',(160.,10.5,-15.));
#3553=CARTESIAN_POINT('Origin',(160.,9.86076131526265E-31,-15.));
#3554=CARTESIAN_POINT('',(235.,10.5,-15.));
#3555=CARTESIAN_POINT('Origin',(160.,9.86076131526265E-31,-15.));
#3556=CARTESIAN_POINT('',(0.,0.,0.));
#3557=CARTESIAN_POINT('',(0.,0.,0.));
#3558=CARTESIAN_POINT('',(10.,0.,0.));
#3559=CARTESIAN_POINT('',(0.,0.,0.));
#3560=CARTESIAN_POINT('',(10.,0.,0.));
#3561=CARTESIAN_POINT('',(0.,0.,0.));
#3562=CARTESIAN_POINT('',(0.,0.,0.));
#3563=CARTESIAN_POINT('',(0.,0.,0.));
#3564=CARTESIAN_POINT('',(0.,0.,0.));
#3565=CARTESIAN_POINT('',(-5.,8.66025403784439,0.));
#3566=CARTESIAN_POINT('',(-5.,8.66025403784439,0.));
#3567=CARTESIAN_POINT('',(-5.,-8.66025403784438,0.));
#3568=CARTESIAN_POINT('',(-5.,-8.66025403784438,0.));
#3569=UNCERTAINTY_MEASURE_WITH_UNIT(LENGTH_MEASURE(0.01),#3583,
'DISTANCE_ACCURACY_VALUE',
'Maximum model space distance between geometric entities at asserted c
onnectivities');
#3570=UNCERTAINTY_MEASURE_WITH_UNIT(LENGTH_MEASURE(0.01),#3583,
'DISTANCE_ACCURACY_VALUE',
'Maximum model space distance between geometric entities at asserted c
onnectivities');
#3571=UNCERTAINTY_MEASURE_WITH_UNIT(LENGTH_MEASURE(0.01),#3583,
'DISTANCE_ACCURACY_VALUE',
'Maximum model space distance between geometric entities at asserted c
onnectivities');
#3572=UNCERTAINTY_MEASURE_WITH_UNIT(LENGTH_MEASURE(0.01),#3583,
'DISTANCE_ACCURACY_VALUE',
'Maximum model space distance between geometric entities at asserted c
onnectivities');
#3573=UNCERTAINTY_MEASURE_WITH_UNIT(LENGTH_MEASURE(0.01),#3583,
'DISTANCE_ACCURACY_VALUE',
'Maximum model space distance between geometric entities at asserted c
onnectivities');
#3574=UNCERTAINTY_MEASURE_WITH_UNIT(LENGTH_MEASURE(0.01),#3583,
'DISTANCE_ACCURACY_VALUE',
'Maximum model space distance between geometric entities at asserted c
onnectivities');
#3575=UNCERTAINTY_MEASURE_WITH_UNIT(LENGTH_MEASURE(0.01),#3583,
'DISTANCE_ACCURACY_VALUE',
'Maximum model space distance between geometric entities at asserted c
onnectivities');
#3576=(
GEOMETRIC_REPRESENTATION_CONTEXT(3)
GLOBAL_UNCERTAINTY_ASSIGNED_CONTEXT((#3569))
GLOBAL_UNIT_ASSIGNED_CONTEXT((#3583,#3585,#3586))
REPRESENTATION_CONTEXT('','3D')
);
#3577=(
GEOMETRIC_REPRESENTATION_CONTEXT(3)
GLOBAL_UNCERTAINTY_ASSIGNED_CONTEXT((#3570))
GLOBAL_UNIT_ASSIGNED_CONTEXT((#3583,#3585,#3586))
REPRESENTATION_CONTEXT('','3D')
);
#3578=(
GEOMETRIC_REPRESENTATION_CONTEXT(3)
GLOBAL_UNCERTAINTY_ASSIGNED_CONTEXT((#3571))
GLOBAL_UNIT_ASSIGNED_CONTEXT((#3583,#3585,#3586))
REPRESENTATION_CONTEXT('','3D')
);
#3579=(
GEOMETRIC_REPRESENTATION_CONTEXT(3)
GLOBAL_UNCERTAINTY_ASSIGNED_CONTEXT((#3572))
GLOBAL_UNIT_ASSIGNED_CONTEXT((#3583,#3585,#3586))
REPRESENTATION_CONTEXT('','3D')
);
#3580=(
GEOMETRIC_REPRESENTATION_CONTEXT(3)
GLOBAL_UNCERTAINTY_ASSIGNED_CONTEXT((#3573))
GLOBAL_UNIT_ASSIGNED_CONTEXT((#3583,#3585,#3586))
REPRESENTATION_CONTEXT('','3D')
);
#3581=(
GEOMETRIC_REPRESENTATION_CONTEXT(3)
GLOBAL_UNCERTAINTY_ASSIGNED_CONTEXT((#3574))
GLOBAL_UNIT_ASSIGNED_CONTEXT((#3583,#3585,#3586))
REPRESENTATION_CONTEXT('','3D')
);
#3582=(
GEOMETRIC_REPRESENTATION_CONTEXT(3)
GLOBAL_UNCERTAINTY_ASSIGNED_CONTEXT((#3575))
GLOBAL_UNIT_ASSIGNED_CONTEXT((#3583,#3585,#3586))
REPRESENTATION_CONTEXT('','3D')
);
#3583=(
LENGTH_UNIT()
NAMED_UNIT(*)
SI_UNIT(.MILLI.,.METRE.)
);
#3584=(
LENGTH_UNIT()
NAMED_UNIT(*)
SI_UNIT($,.METRE.)
);
#3585=(
NAMED_UNIT(*)
PLANE_ANGLE_UNIT()
SI_UNIT($,.RADIAN.)
);
#3586=(
NAMED_UNIT(*)
SI_UNIT($,.STERADIAN.)
SOLID_ANGLE_UNIT()
);
#3587=SHAPE_DEFINITION_REPRESENTATION(#3593,#3612);
#3588=SHAPE_DEFINITION_REPRESENTATION(#3594,#3613);
#3589=SHAPE_DEFINITION_REPRESENTATION(#3595,#3614);
#3590=SHAPE_DEFINITION_REPRESENTATION(#3596,#3615);
#3591=SHAPE_DEFINITION_REPRESENTATION(#3597,#3616);
#3592=SHAPE_DEFINITION_REPRESENTATION(#3598,#3617);
#3593=PRODUCT_DEFINITION_SHAPE('',$,#3619);
#3594=PRODUCT_DEFINITION_SHAPE('',$,#3620);
#3595=PRODUCT_DEFINITION_SHAPE('',$,#3621);
#3596=PRODUCT_DEFINITION_SHAPE('',$,#3622);
#3597=PRODUCT_DEFINITION_SHAPE('',$,#3623);
#3598=PRODUCT_DEFINITION_SHAPE('',$,#3624);
#3599=PRODUCT_DEFINITION_SHAPE($,$,#50);
#3600=PRODUCT_DEFINITION_SHAPE($,$,#51);
#3601=PRODUCT_DEFINITION_SHAPE($,$,#52);
#3602=PRODUCT_DEFINITION_SHAPE($,$,#53);
#3603=PRODUCT_DEFINITION_SHAPE($,$,#54);
#3604=PRODUCT_DEFINITION_SHAPE($,$,#55);
#3605=PRODUCT_DEFINITION_SHAPE($,$,#56);
#3606=PRODUCT_DEFINITION_SHAPE($,$,#57);
#3607=PRODUCT_DEFINITION_SHAPE($,$,#58);
#3608=PRODUCT_DEFINITION_SHAPE($,$,#59);
#3609=PRODUCT_DEFINITION_SHAPE($,$,#60);
#3610=PRODUCT_DEFINITION_SHAPE($,$,#61);
#3611=PRODUCT_DEFINITION_SHAPE($,$,#62);
#3612=SHAPE_REPRESENTATION('',(#1684,#1823,#1824,#1825,#1826,#1827,#1828,
#1829,#1830,#1831,#1832,#1833,#1834,#1835),#3576);
#3613=SHAPE_REPRESENTATION('',(#1685),#3577);
#3614=SHAPE_REPRESENTATION('',(#1706),#3578);
#3615=SHAPE_REPRESENTATION('',(#1742),#3579);
#3616=SHAPE_REPRESENTATION('',(#1783),#3580);
#3617=SHAPE_REPRESENTATION('',(#1795),#3581);
#3618=PRODUCT_DEFINITION_CONTEXT('part definition',#3638,'design');
#3619=PRODUCT_DEFINITION('2026-07-18-16-48-36-054','makethonDT_v3',#3625,
#3618);
#3620=PRODUCT_DEFINITION('2026-07-18-18-54-42-446','ratchet_socket',#3626,
#3618);
#3621=PRODUCT_DEFINITION('2026-07-18-19-04-07-570','DT_main',#3627,#3618);
#3622=PRODUCT_DEFINITION('2026-07-20-20-32-14-304','pipe arm',#3628,#3618);
#3623=PRODUCT_DEFINITION('2026-07-20-20-07-29-415','pipe',#3629,#3618);
#3624=PRODUCT_DEFINITION('2026-07-20-20-48-25-522','\X2\D074B7A8D504\X0\',
#3630,#3618);
#3625=PRODUCT_DEFINITION_FORMATION('',$,#3640);
#3626=PRODUCT_DEFINITION_FORMATION('',$,#3641);
#3627=PRODUCT_DEFINITION_FORMATION('',$,#3642);
#3628=PRODUCT_DEFINITION_FORMATION('',$,#3643);
#3629=PRODUCT_DEFINITION_FORMATION('',$,#3644);
#3630=PRODUCT_DEFINITION_FORMATION('',$,#3645);
#3631=PRODUCT_RELATED_PRODUCT_CATEGORY('makethonDT_v3','makethonDT_v3',
(#3640));
#3632=PRODUCT_RELATED_PRODUCT_CATEGORY('ratchet_socket',
'ratchet_socket',(#3641));
#3633=PRODUCT_RELATED_PRODUCT_CATEGORY('DT_main','DT_main',(#3642));
#3634=PRODUCT_RELATED_PRODUCT_CATEGORY('pipe arm','pipe arm',(#3643));
#3635=PRODUCT_RELATED_PRODUCT_CATEGORY('pipe','pipe',(#3644));
#3636=PRODUCT_RELATED_PRODUCT_CATEGORY('\X2\D074B7A8D504\X0\',
'\X2\D074B7A8D504\X0\',(#3645));
#3637=APPLICATION_PROTOCOL_DEFINITION('international standard',
'automotive_design',2009,#3638);
#3638=APPLICATION_CONTEXT(
'Core Data for Automotive Mechanical Design Process');
#3639=PRODUCT_CONTEXT('part definition',#3638,'mechanical');
#3640=PRODUCT('2026-07-18-16-48-36-054','makethonDT_v3',$,(#3639));
#3641=PRODUCT('2026-07-18-18-54-42-446','ratchet_socket',$,(#3639));
#3642=PRODUCT('2026-07-18-19-04-07-570','DT_main',$,(#3639));
#3643=PRODUCT('2026-07-20-20-32-14-304','pipe arm',$,(#3639));
#3644=PRODUCT('2026-07-20-20-07-29-415','pipe',$,(#3639));
#3645=PRODUCT('2026-07-20-20-48-25-522','\X2\D074B7A8D504\X0\',$,(#3639));
#3646=PRESENTATION_STYLE_ASSIGNMENT((#3647));
#3647=SURFACE_STYLE_USAGE(.BOTH.,#3648);
#3648=SURFACE_SIDE_STYLE('',(#3649));
#3649=SURFACE_STYLE_FILL_AREA(#3650);
#3650=FILL_AREA_STYLE('\X2\AC15CCA0\X0\ - \X2\C0C8D2F4\X0\',(#3651));
#3651=FILL_AREA_STYLE_COLOUR('\X2\AC15CCA0\X0\ - \X2\C0C8D2F4\X0\',#3652);
#3652=COLOUR_RGB('\X2\AC15CCA0\X0\ - \X2\C0C8D2F4\X0\',0.627450980392157,
0.627450980392157,0.627450980392157);
ENDSEC;
END-ISO-10303-21;
